판	엣지	A	B	상태	난이도(cooh_fail)	dummies_heavy	길이≤5 고리 참여 수
유지17	N01	CHEMBL240808	CHEMBL241454	유지	쉬움	2	15
유지17	N02	CHEMBL240808	cand0023	유지	쉬움	4	16
유지17	N03	CHEMBL240808	cand0030	유지	쉬움	3	12
유지17	N04	CHEMBL240808	CHEMBL438498	유지	쉬움	1	12
유지17	N05	CHEMBL241454	cand0023	유지	쉬움	4	15
유지17	N06	CHEMBL241454	cand0030	유지	쉬움	3	13
유지17	N07	CHEMBL241454	CHEMBL438498	유지	쉬움	3	15
유지17	N08	CHEMBL438498	cand0028	유지	어려움	4	11
유지17	N09	CHEMBL438498	cand0030	유지	쉬움	4	14
유지17	N10	cand0028	cand0118	유지	쉬움	2	8
유지17	N11	cand0023	cand0042	유지	어려움	4	5
유지17	N12	cand0023	cand0030	유지	쉬움	1	15
유지17	N13	cand0118	cand0132	유지	어려움	5	2
유지17	N14	cand0118	cand0271	유지	어려움	4	7
유지17	N15	cand0042	cand0132	유지	쉬움	2	2
유지17	N16	cand0042	cand0271	유지	쉬움	3	5
유지17	N17	CHEMBL241454	cand0271	유지	어려움	5	8
유지17	신규	CHEMBL240808	cand0028	추가	어려움	5	11
유지17	신규	cand0023	cand0118	추가	어려움	7	11
유지14	N01	CHEMBL240808	CHEMBL241454	유지	쉬움	2	15
유지14	N02	CHEMBL240808	cand0023	유지	쉬움	4	16
유지14	N03	CHEMBL240808	cand0030	유지	쉬움	3	12
유지14	N04	CHEMBL240808	CHEMBL438498	유지	쉬움	1	12
유지14	N05	CHEMBL241454	cand0023	유지	쉬움	4	15
유지14	N06	CHEMBL241454	cand0030	유지	쉬움	3	13
유지14	N07	CHEMBL241454	CHEMBL438498	유지	쉬움	3	15
유지14	N08	CHEMBL438498	cand0028	추가	어려움	4	11
유지14	N09	CHEMBL438498	cand0030	유지	쉬움	4	14
유지14	N10	cand0028	cand0118	유지	쉬움	2	8
유지14	N11	cand0023	cand0042	추가	어려움	4	5
유지14	N12	cand0023	cand0030	유지	쉬움	1	15
유지14	N13	cand0118	cand0132	유지	어려움	5	2
유지14	N14	cand0118	cand0271	추가	어려움	4	7
유지14	N15	cand0042	cand0132	유지	쉬움	2	2
유지14	N16	cand0042	cand0271	유지	쉬움	3	5
유지14	N17	CHEMBL241454	cand0271	유지	어려움	5	8
유지14	신규	CHEMBL240808	cand0028	추가	어려움	5	11
유지14	신규	cand0023	cand0118	추가	어려움	7	11
