종류	이름	A	B	출처
노드	CHEMBL240808			edges_v7.txt · edges_v12_add.txt
노드	CHEMBL241454			edges_v7.txt · edges_v12_add.txt
노드	CHEMBL438498			edges_v7.txt · edges_v12_add.txt
노드	cand0023			edges_v7.txt · edges_v12_add.txt
노드	cand0028			edges_v7.txt · edges_v12_add.txt
노드	cand0030			edges_v7.txt · edges_v12_add.txt
노드	cand0042			edges_v7.txt · edges_v12_add.txt
노드	cand0118			edges_v7.txt · edges_v12_add.txt
노드	cand0132			edges_v7.txt · edges_v12_add.txt
노드	cand0271			edges_v7.txt · edges_v12_add.txt
엣지	N01	CHEMBL241454	CHEMBL240808	qsar/data/fep_m1/edges_v7.txt
엣지	N02	CHEMBL240808	cand0023	qsar/data/fep_m1/edges_v7.txt
엣지	N03	cand0030	CHEMBL240808	qsar/data/fep_m1/edges_v7.txt
엣지	N04	CHEMBL240808	CHEMBL438498	qsar/data/fep_m1/edges_v7.txt
엣지	N05	CHEMBL241454	cand0023	qsar/data/fep_m1/edges_v7.txt
엣지	N06	CHEMBL241454	cand0030	qsar/data/fep_m1/edges_v7.txt
엣지	N07	CHEMBL241454	CHEMBL438498	qsar/data/fep_m1/edges_v7.txt
엣지	N08	cand0028	CHEMBL438498	qsar/data/fep_m1/edges_v7.txt
엣지	N09	cand0030	CHEMBL438498	qsar/data/fep_m1/edges_v7.txt
엣지	N10	cand0028	cand0118	qsar/data/fep_m1/edges_v7.txt
엣지	N11	cand0023	cand0042	qsar/data/fep_m1/edges_v7.txt
엣지	N12	cand0030	cand0023	qsar/data/fep_m1/edges_v7.txt
엣지	N13	cand0118	cand0132	qsar/data/fep_m1/edges_v7.txt
엣지	N14	cand0118	cand0271	qsar/data/fep_m1/edges_v7.txt
엣지	N15	cand0042	cand0132	qsar/data/fep_m1/edges_v7.txt
엣지	N16	cand0271	cand0042	qsar/data/fep_m1/edges_v7.txt
엣지	N17	CHEMBL241454	cand0271	qsar/data/fep_m1/edges_v12_add.txt
