edge	리간드 쌍(A → B)	엣지 목록 출처	상태	상태 근거(원본 사실)	원본에 적힌 표기(옮김)	채점 회차 수 n	채점 회차	n-lambdas 복합체 L1/L2/L3 (log)	n-lambdas 용매 L1/L2/L3 (log)	창당 ns (nsteps×dt · log)	prod 버전	산출 트리	pass_ext 2.0 ns 연장 보유(ext_state.json ok)	prereg 최상위 키(엣지 이름 등장)	prereg changelog(엣지 이름 등장)
N01	CHEMBL241454 → CHEMBL240808	qsar/data/fep_m1/edges_v7.txt	완료	final_edges.json 에 n=3 로 채점됨 · pass1 태그 24/30 보유 · OK 마커 24/24	✓완료 · A1 판정 '마감가능' · 문제란 'n=3 · solv r1·r2 옛 사다리(4/6/3 vs 9/14/10)로 제외' · 수렴 플래그 '—'	3	r3 r4 r5	3/6/3	4/6/3	0.5	pass1 (원 트리 prod_v9c_r1~r5 · assignment.json 의 dir)	qsar/data/fep_m1/pass1/<TAG>/ (xvg·log·cpt) · pass1_full/<TAG>/ (tpr·gro·xtc·edr)	15 태그	fep_gate8_v9; fep_null_test_v9; fep_step10_v9; fep_hardstop_rule_v9	[11] v7 (changelog append; [16] v9; [18] v9; [20] v9; [24] v9; [30] v9
N02	CHEMBL240808 → cand0023	qsar/data/fep_m1/edges_v7.txt	완료	final_edges.json 에 n=5 로 채점됨 · pass1 태그 30/30 보유 · OK 마커 30/30	★연장후보 · A1 판정 '연장필요' · 문제란 '—' · 수렴 플래그 '—'	5	r1 r2 r3 r4 r5	7/14/9	9/14/10	0.5	pass1 (원 트리 prod_v9c_r1~r5 · assignment.json 의 dir)	qsar/data/fep_m1/pass1/<TAG>/ (xvg·log·cpt) · pass1_full/<TAG>/ (tpr·gro·xtc·edr)	0	없음	[10] v7 (changelog append; [11] v7 (changelog append; [14] v7 (changelog append; [25] v9; [28] v9; [30] v9
N03	cand0030 → CHEMBL240808	qsar/data/fep_m1/edges_v7.txt	완료	final_edges.json 에 n=5 로 채점됨 · pass1 태그 30/30 보유 · OK 마커 30/30	★연장후보 · A1 판정 '연장필요' · 문제란 '—' · 수렴 플래그 '—'	5	r1 r2 r3 r4 r5	5/11/4	7/12/5	0.5	pass1 (원 트리 prod_v9c_r1~r5 · assignment.json 의 dir)	qsar/data/fep_m1/pass1/<TAG>/ (xvg·log·cpt) · pass1_full/<TAG>/ (tpr·gro·xtc·edr)	0	없음	[14] v7 (changelog append; [30] v9
N04	CHEMBL240808 → CHEMBL438498	qsar/data/fep_m1/edges_v7.txt	완료	final_edges.json 에 n=5 로 채점됨 · pass1 태그 30/30 보유 · OK 마커 30/30	★연장후보 · A1 판정 '연장필요' · 문제란 '—' · 수렴 플래그 '—'	5	r1 r2 r3 r4 r5	4/7/4	6/6/4	0.5	pass1 (원 트리 prod_v9c_r1~r5 · assignment.json 의 dir)	qsar/data/fep_m1/pass1/<TAG>/ (xvg·log·cpt) · pass1_full/<TAG>/ (tpr·gro·xtc·edr)	30 태그	fep_step10_v9	[11] v7 (changelog append; [30] v9
N05	CHEMBL241454 → cand0023	qsar/data/fep_m1/edges_v7.txt	완료	final_edges.json 에 n=5 로 채점됨 · pass1 태그 30/30 보유 · OK 마커 30/30	★연장후보 · A1 판정 '연장필요' · 문제란 '—' · 수렴 플래그 '—'	5	r1 r2 r3 r4 r5	4/10/5	5/8/6	0.5	pass1 (원 트리 prod_v9c_r1~r5 · assignment.json 의 dir)	qsar/data/fep_m1/pass1/<TAG>/ (xvg·log·cpt) · pass1_full/<TAG>/ (tpr·gro·xtc·edr)	0	없음	[10] v7 (changelog append; [11] v7 (changelog append; [30] v9
N06	CHEMBL241454 → cand0030	qsar/data/fep_m1/edges_v7.txt	완료	final_edges.json 에 n=5 로 채점됨 · pass1 태그 30/30 보유 · OK 마커 30/30	★연장후보 · A1 판정 '연장필요' · 문제란 '—' · 수렴 플래그 '—'	5	r1 r2 r3 r4 r5	4/6/5	5/7/6	0.5	pass1 (원 트리 prod_v9c_r1~r5 · assignment.json 의 dir)	qsar/data/fep_m1/pass1/<TAG>/ (xvg·log·cpt) · pass1_full/<TAG>/ (tpr·gro·xtc·edr)	0	없음	[30] v9
N07	CHEMBL241454 → CHEMBL438498	qsar/data/fep_m1/edges_v7.txt	완료	final_edges.json 에 n=5 로 채점됨 · pass1 태그 30/30 보유 · OK 마커 30/30	✓완료 · A1 판정 '마감가능' · 문제란 '—' · 수렴 플래그 '—'	5	r1 r2 r3 r4 r5	4/9/3	7/8/4	0.5	pass1 (원 트리 prod_v9c_r1~r5 · assignment.json 의 dir)	qsar/data/fep_m1/pass1/<TAG>/ (xvg·log·cpt) · pass1_full/<TAG>/ (tpr·gro·xtc·edr)	0	없음	[11] v7 (changelog append; [27] v9; [30] v9
N08	cand0028 → CHEMBL438498	qsar/data/fep_m1/edges_v7.txt	완료	final_edges.json 에 n=4 로 채점됨 · pass1 태그 29/30 보유 · OK 마커 29/29	★연장후보 · A1 판정 '연장필요' · 문제란 'n=4 · cplx L3 r2 없음' · 수렴 플래그 'cplxL3 — **경계 — 왕복 여유 없음**'	4	r1 r3 r4 r5	17/18/19	17/17/20	0.5	pass1 (원 트리 prod_v9c_r1~r5 · assignment.json 의 dir)	qsar/data/fep_m1/pass1/<TAG>/ (xvg·log·cpt) · pass1_full/<TAG>/ (tpr·gro·xtc·edr)	0	fep_hardstop_rule_v9	[10] v7 (changelog append; [12] v7 (changelog append; [14] v7 (changelog append; [30] v9; [31] v9
N09	cand0030 → CHEMBL438498	qsar/data/fep_m1/edges_v7.txt	완료	final_edges.json 에 n=5 로 채점됨 · pass1 태그 30/30 보유 · OK 마커 30/30	★연장후보 · A1 판정 '연장필요' · 문제란 '—' · 수렴 플래그 '—'	5	r1 r2 r3 r4 r5	6/15/3	6/14/5	0.5	pass1 (원 트리 prod_v9c_r1~r5 · assignment.json 의 dir)	qsar/data/fep_m1/pass1/<TAG>/ (xvg·log·cpt) · pass1_full/<TAG>/ (tpr·gro·xtc·edr)	0	없음	[14] v7 (changelog append; [28] v9; [30] v9
N10	cand0028 → cand0118	qsar/data/fep_m1/edges_v7.txt	완료	final_edges.json 에 n=5 로 채점됨 · pass1 태그 30/30 보유 · OK 마커 30/30	★연장후보 · A1 판정 '연장필요' · 문제란 '—' · 수렴 플래그 '—'	5	r1 r2 r3 r4 r5	5/7/5	5/6/5	0.5	pass1 (원 트리 prod_v9c_r1~r5 · assignment.json 의 dir)	qsar/data/fep_m1/pass1/<TAG>/ (xvg·log·cpt) · pass1_full/<TAG>/ (tpr·gro·xtc·edr)	0	없음	[30] v9
N11	cand0023 → cand0042	qsar/data/fep_m1/edges_v7.txt	완료	final_edges.json 에 n=5 로 채점됨 · pass1 태그 30/30 보유 · OK 마커 30/30	★연장후보 · A1 판정 '연장필요' · 문제란 '★09-21 재실행 회수 완료(5/5 · 창 21 · OK 마커) → n=5 · ★σ̂ 4.632 는 그물 최대' · 수렴 플래그 'cplxL3 — **수렴 실패 — 값 신뢰 불가**'	5	r1 r2 r3 r4 r5	12/13/15	14/12/21	0.5	pass1 (원 트리 prod_v9c_r1~r5 · assignment.json 의 dir)	qsar/data/fep_m1/pass1/<TAG>/ (xvg·log·cpt) · pass1_full/<TAG>/ (tpr·gro·xtc·edr)	0	fep_hardstop_rule_v9	[10] v7 (changelog append; [12] v7 (changelog append; [14] v7 (changelog append; [30] v9; [31] v9
N12	cand0030 → cand0023	qsar/data/fep_m1/edges_v7.txt	완료	final_edges.json 에 n=5 로 채점됨 · pass1 태그 30/30 보유 · OK 마커 30/30	★연장후보 · A1 판정 '연장필요' · 문제란 '—' · 수렴 플래그 '—'	5	r1 r2 r3 r4 r5	4/8/4	5/8/5	0.5	pass1 (원 트리 prod_v9c_r1~r5 · assignment.json 의 dir)	qsar/data/fep_m1/pass1/<TAG>/ (xvg·log·cpt) · pass1_full/<TAG>/ (tpr·gro·xtc·edr)	0	없음	[10] v7 (changelog append; [11] v7 (changelog append; [30] v9
N13	cand0118 → cand0132	qsar/data/fep_m1/edges_v7.txt	완료	final_edges.json 에 n=5 로 채점됨 · pass1 태그 30/30 보유 · OK 마커 30/30	★연장후보 · A1 판정 '연장필요' · 문제란 '—' · 수렴 플래그 '—'	5	r1 r2 r3 r4 r5	10/17/10	12/16/12	0.5	pass1 (원 트리 prod_v9c_r1~r5 · assignment.json 의 dir)	qsar/data/fep_m1/pass1/<TAG>/ (xvg·log·cpt) · pass1_full/<TAG>/ (tpr·gro·xtc·edr)	0	fep_hardstop_rule_v9	[10] v7 (changelog append; [11] v7 (changelog append; [12] v7 (changelog append; [14] v7 (changelog append; [30] v9; [50] v29
N14	cand0118 → cand0271	qsar/data/fep_m1/edges_v7.txt	완료	final_edges.json 에 n=4 로 채점됨 · pass1 태그 29/30 보유 · OK 마커 29/29	★연장후보 · A1 판정 '연장필요' · 문제란 'n=4 · solv L3 r5 없음' · 수렴 플래그 'cplxL1 — **수렴 실패 — 값 신뢰 불가** · cplxL3 — **수렴 실패 — 값 신뢰 불가**'	4	r1 r2 r3 r4	13/14/15	15/16/20	0.5	pass1 (원 트리 prod_v9c_r1~r5 · assignment.json 의 dir)	qsar/data/fep_m1/pass1/<TAG>/ (xvg·log·cpt) · pass1_full/<TAG>/ (tpr·gro·xtc·edr)	0	fep_hardstop_rule_v9; fep_window_sizing_v9	[10] v7 (changelog append; [12] v7 (changelog append; [14] v7 (changelog append; [30] v9; [31] v9; [49] v28; [50] v29; [52] v31
N15	cand0042 → cand0132	qsar/data/fep_m1/edges_v7.txt	완료	final_edges.json 에 n=5 로 채점됨 · pass1 태그 30/30 보유 · OK 마커 30/30	★연장후보 · A1 판정 '연장필요' · 문제란 '—' · 수렴 플래그 '—'	5	r1 r2 r3 r4 r5	5/10/3	5/8/3	0.5	pass1 (원 트리 prod_v9c_r1~r5 · assignment.json 의 dir)	qsar/data/fep_m1/pass1/<TAG>/ (xvg·log·cpt) · pass1_full/<TAG>/ (tpr·gro·xtc·edr)	0	없음	[30] v9
N16	cand0271 → cand0042	qsar/data/fep_m1/edges_v7.txt	완료	final_edges.json 에 n=5 로 채점됨 · pass1 태그 30/30 보유 · OK 마커 30/30	★연장후보 · A1 판정 '연장필요' · 문제란 '—' · 수렴 플래그 '—'	5	r1 r2 r3 r4 r5	5/9/9	8/10/9	0.5	pass1 (원 트리 prod_v9c_r1~r5 · assignment.json 의 dir)	qsar/data/fep_m1/pass1/<TAG>/ (xvg·log·cpt) · pass1_full/<TAG>/ (tpr·gro·xtc·edr)	0	없음	[10] v7 (changelog append; [11] v7 (changelog append; [14] v7 (changelog append; [30] v9; [50] v29
N17	CHEMBL241454 → cand0271	qsar/data/fep_m1/edges_v12_add.txt	완료	S1_ddg_all.json 에 ΔΔG 5개 · .rep_done 마커 r2,r3,r4,r5 · prereg v31 (a) 동결 선언	— (동결 채점표 final_edges.json 밖)	5	r1 r2 r3 r4 r5	8/17/10	8/17/10	8	prod_v14	qsar/data/fep_m1/prod_v14_r{1..5}/N17 (r2·r3 = remote_pull/r{2,3} 심볼릭 링크)	—	없음	[32] v10; [35] v13; [42] v20; [43] v21; [44] v22; [45] v23; [46] v25; [48] v27; [50] v29; [52] v31; [53] v32
