edge	leg	log 가 있는 회차	서로 다른 λ 문자열 묶음 수	회차 간 λ(문자열 일치)	n-lambdas	창 디렉터리 수	변하는 성분	λ 실값(첫 회차)	nsteps(log)
N01	cplxL1	r1 r2 r3 r4 r5	1	같다	3	3	coul	0 0.507981 1	250000
N01	cplxL2	r1 r2 r3 r4 r5	1	같다	6	6	vdw	0 0.294136 0.474229 0.640593 0.813436 1	250000
N01	cplxL3	r1 r2 r3 r4 r5	1	같다	3	3	coul	0 0.497508 1	250000
N01	solvL1	r3 r4 r5	1	같다	4	4	coul	0 0.32155 0.650285 1	250000
N01	solvL2	r3 r4 r5	1	같다	6	6	vdw	0 0.30972 0.464561 0.610798 0.788835 1	250000
N01	solvL3	r3 r4 r5	1	같다	3	3	coul	0 0.507034 1	250000
N02	cplxL1	r1 r2 r3 r4 r5	1	같다	7	7	coul	0 0.186049 0.399611 0.566551 0.704534 0.841235 1	250000
N02	cplxL2	r1 r2 r3 r4 r5	1	같다	14	14	vdw	0 0.093166 0.189258 0.290829 0.37832 0.453953 0.527105 0.598061 0.666728 0.732459 0.796812 0.863044 0.930871 1	250000
N02	cplxL3	r1 r2 r3 r4 r5	1	같다	9	9	coul	0 0.113389 0.234578 0.363634 0.499099 0.639593 0.76045 0.877389 1	250000
N02	solvL1	r1 r2 r3 r4 r5	1	같다	9	9	coul	0 0.109636 0.236865 0.374492 0.514686 0.631651 0.73655 0.864352 1	250000
N02	solvL2	r1 r2 r3 r4 r5	1	같다	14	14	vdw	0 0.095967 0.185377 0.268821 0.348458 0.424379 0.498932 0.574415 0.648657 0.718797 0.786303 0.855595 0.927004 1	250000
N02	solvL3	r1 r2 r3 r4 r5	1	같다	10	10	coul	0 0.089173 0.186203 0.294111 0.401509 0.512835 0.641792 0.765083 0.884141 1	250000
N03	cplxL1	r1 r2 r3 r4 r5	1	같다	5	5	coul	0 0.285073 0.494971 0.736412 1	250000
N03	cplxL2	r1 r2 r3 r4 r5	1	같다	11	11	vdw	0 0.096201 0.19451 0.295244 0.396174 0.496009 0.588775 0.685901 0.799103 0.903425 1	250000
N03	cplxL3	r1 r2 r3 r4 r5	1	같다	4	4	coul	0 0.385114 0.694572 1	250000
N03	solvL1	r1 r2 r3 r4 r5	1	같다	7	7	coul	0 0.143598 0.304774 0.472328 0.655378 0.852662 1	250000
N03	solvL2	r1 r2 r3 r4 r5	1	같다	12	12	vdw	0 0.088668 0.179063 0.272192 0.363615 0.452147 0.538012 0.621162 0.704663 0.788226 0.884895 1	250000
N03	solvL3	r1 r2 r3 r4 r5	1	같다	5	5	coul	0 0.285222 0.546655 0.790048 1	250000
N04	cplxL1	r1 r2 r3 r4 r5	1	같다	4	4	coul	0 0.367261 0.705116 1	250000
N04	cplxL2	r1 r2 r3 r4 r5	1	같다	7	7	vdw	0 0.394554 0.533805 0.641168 0.745089 0.862799 1	250000
N04	cplxL3	r1 r2 r3 r4 r5	1	같다	4	4	coul	0 0.324693 0.686508 1	250000
N04	solvL1	r1 r2 r3 r4 r5	1	같다	6	6	coul	0 0.185793 0.395045 0.650565 0.851781 1	250000
N04	solvL2	r1 r2 r3 r4 r5	1	같다	6	6	vdw	0 0.345125 0.509642 0.689198 0.843881 1	250000
N04	solvL3	r1 r2 r3 r4 r5	1	같다	4	4	coul	0 0.330583 0.677219 1	250000
N05	cplxL1	r1 r2 r3 r4 r5	1	같다	4	4	coul	0 0.2455 0.689307 1	250000
N05	cplxL2	r1 r2 r3 r4 r5	1	같다	10	10	vdw	0 0.138738 0.281458 0.421474 0.550619 0.664009 0.755729 0.839437 0.921344 1	250000
N05	cplxL3	r1 r2 r3 r4 r5	1	같다	5	5	coul	0 0.30808 0.596341 0.814669 1	250000
N05	solvL1	r1 r2 r3 r4 r5	1	같다	5	5	coul	0 0.214784 0.473667 0.741972 1	250000
N05	solvL2	r1 r2 r3 r4 r5	1	같다	8	8	vdw	0 0.1638 0.316551 0.443601 0.568705 0.706366 0.862105 1	250000
N05	solvL3	r1 r2 r3 r4 r5	1	같다	6	6	coul	0 0.212921 0.47126 0.673005 0.838003 1	250000
N06	cplxL1	r1 r2 r3 r4 r5	1	같다	4	4	coul	0 0.412175 0.784457 1	250000
N06	cplxL2	r1 r2 r3 r4 r5	1	같다	6	6	vdw	0 0.172621 0.360644 0.552693 0.73997 1	250000
N06	cplxL3	r1 r2 r3 r4 r5	1	같다	5	5	coul	0 0.322015 0.549546 0.755513 1	250000
N06	solvL1	r1 r2 r3 r4 r5	1	같다	5	5	coul	0 0.222434 0.506714 0.776625 1	250000
N06	solvL2	r1 r2 r3 r4 r5	1	같다	7	7	vdw	0 0.212588 0.365456 0.525027 0.6435 0.814977 1	250000
N06	solvL3	r1 r2 r3 r4 r5	1	같다	6	6	coul	0 0.232678 0.445598 0.653569 0.820925 1	250000
N07	cplxL1	r1 r2 r3 r4 r5	1	같다	4	4	coul	0 0.329988 0.735695 1	250000
N07	cplxL2	r1 r2 r3 r4 r5	1	같다	9	9	vdw	0 0.270663 0.424241 0.524672 0.613501 0.710453 0.81442 0.911101 1	250000
N07	cplxL3	r1 r2 r3 r4 r5	1	같다	3	3	coul	0 0.463276 1	250000
N07	solvL1	r1 r2 r3 r4 r5	1	같다	7	7	coul	0 0.162759 0.336785 0.525754 0.693811 0.861001 1	250000
N07	solvL2	r1 r2 r3 r4 r5	1	같다	8	8	vdw	0 0.251222 0.393496 0.488858 0.606493 0.739158 0.875579 1	250000
N07	solvL3	r1 r2 r3 r4 r5	1	같다	4	4	coul	0 0.353742 0.690466 1	250000
N08	cplxL1	r1 r2 r3 r4 r5	1	같다	17	17	coul	0 0.057471 0.116165 0.177053 0.238218 0.294615 0.349055 0.407804 0.470563 0.534251 0.598896 0.663069 0.727157 0.79426 0.863517 0.931907 1	250000
N08	cplxL2	r1 r2 r3 r4 r5	1	같다	18	18	vdw	0 0.060741 0.121908 0.183467 0.244936 0.307467 0.373507 0.443191 0.508625 0.567632 0.62373 0.679271 0.734124 0.78813 0.841728 0.894951 0.947702 1	250000
N08	cplxL3	r1 r3 r4 r5	1	같다	19	19	coul	0 0.063091 0.127298 0.193025 0.261486 0.327753 0.389582 0.448335 0.503362 0.553511 0.600706 0.647567 0.695742 0.744011 0.79278 0.842784 0.894043 0.94641 1	250000
N08	solvL1	r1 r2 r3 r4 r5	1	같다	17	17	coul	0 0.055064 0.112723 0.174154 0.238053 0.299811 0.361555 0.42698 0.494271 0.56134 0.626482 0.686386 0.744881 0.804266 0.86509 0.930383 1	250000
N08	solvL2	r1 r2 r3 r4 r5	1	같다	17	17	vdw	0 0.062247 0.124308 0.186188 0.247901 0.309411 0.370683 0.431732 0.492537 0.552915 0.613021 0.673547 0.73387 0.79509 0.859814 0.928014 1	250000
N08	solvL3	r1 r2 r3 r4 r5	1	같다	20	20	coul	0 0.067095 0.133249 0.19884 0.264427 0.326814 0.384519 0.438968 0.491134 0.541235 0.58919 0.635745 0.681343 0.725026 0.767833 0.811243 0.856601 0.90322 0.950974 1	250000
N09	cplxL1	r1 r2 r3 r4 r5	1	같다	6	6	coul	0 0.114124 0.23496 0.434618 0.773132 1	250000
N09	cplxL2	r1 r2 r3 r4 r5	1	같다	15	15	vdw	0 0.076598 0.154311 0.234691 0.314634 0.386899 0.454437 0.521313 0.586499 0.653256 0.727493 0.805009 0.874745 0.939185 1	250000
N09	cplxL3	r1 r2 r3 r4 r5	1	같다	3	3	coul	0 0.527454 1	250000
N09	solvL1	r1 r2 r3 r4 r5	1	같다	6	6	coul	0 0.151612 0.35416 0.607788 0.820454 1	250000
N09	solvL2	r1 r2 r3 r4 r5	1	같다	14	14	vdw	0 0.092506 0.175729 0.250564 0.32103 0.388451 0.453812 0.526587 0.610614 0.691732 0.766656 0.842144 0.920245 1	250000
N09	solvL3	r1 r2 r3 r4 r5	1	같다	5	5	coul	0 0.253297 0.490349 0.74924 1	250000
N10	cplxL1	r1 r2 r3 r4 r5	1	같다	5	5	coul	0 0.220356 0.419884 0.664418 1	250000
N10	cplxL2	r1 r2 r3 r4 r5	1	같다	7	7	vdw	0 0.22708 0.409739 0.588218 0.722533 0.8366 1	250000
N10	cplxL3	r1 r2 r3 r4 r5	1	같다	5	5	coul	0 0.327055 0.576512 0.787333 1	250000
N10	solvL1	r1 r2 r3 r4 r5	1	같다	5	5	coul	0 0.224654 0.470919 0.715206 1	250000
N10	solvL2	r1 r2 r3 r4 r5	1	같다	6	6	vdw	0 0.202617 0.3594 0.551398 0.788722 1	250000
N10	solvL3	r1 r2 r3 r4 r5	1	같다	5	5	coul	0 0.308662 0.577704 0.800072 1	250000
N11	cplxL1	r1 r2 r3 r4 r5	1	같다	12	12	coul	0 0.09165 0.178443 0.267036 0.369809 0.476851 0.565406 0.647366 0.731718 0.819087 0.908684 1	250000
N11	cplxL2	r1 r2 r3 r4 r5	1	같다	13	13	vdw	0 0.068925 0.143079 0.224803 0.313951 0.408395 0.503413 0.590576 0.672865 0.748184 0.823904 0.908283 1	250000
N11	cplxL3	r1 r2 r3 r4 r5	1	같다	15	15	coul	0 0.074242 0.145451 0.213154 0.277838 0.344922 0.416092 0.489696 0.566444 0.644167 0.716015 0.784192 0.854086 0.926249 1	250000
N11	solvL1	r1 r2 r3 r4 r5	1	같다	14	14	coul	0 0.067214 0.134887 0.201809 0.274365 0.356087 0.438823 0.52126 0.601797 0.682082 0.760873 0.83538 0.914351 1	250000
N11	solvL2	r1 r2 r3 r4 r5	1	같다	12	12	vdw	0 0.095918 0.18747 0.273826 0.362738 0.457527 0.541553 0.615772 0.704866 0.815935 0.912146 1	250000
N11	solvL3	r1 r2 r3 r4 r5	1	같다	21	21	coul	0 0.047384 0.095921 0.145751 0.197466 0.251867 0.305917 0.356675 0.404675 0.451516 0.498415 0.545178 0.59153 0.638797 0.68855 0.741241 0.794976 0.847445 0.898843 0.949686 1	250000
N12	cplxL1	r1 r2 r3 r4 r5	1	같다	4	4	coul	0 0.304184 0.650489 1	250000
N12	cplxL2	r1 r2 r3 r4 r5	1	같다	8	8	vdw	0 0.171806 0.370663 0.544485 0.684038 0.801037 0.905471 1	250000
N12	cplxL3	r1 r2 r3 r4 r5	1	같다	4	4	coul	0 0.379561 0.693856 1	250000
N12	solvL1	r1 r2 r3 r4 r5	1	같다	5	5	coul	0 0.23424 0.458323 0.748377 1	250000
N12	solvL2	r1 r2 r3 r4 r5	1	같다	8	8	vdw	0 0.194327 0.413992 0.582918 0.711862 0.831139 0.922717 1	250000
N12	solvL3	r1 r2 r3 r4 r5	1	같다	5	5	coul	0 0.268238 0.505166 0.766914 1	250000
N13	cplxL1	r1 r2 r3 r4 r5	1	같다	10	10	coul	0 0.088156 0.184299 0.2919 0.400882 0.487936 0.58401 0.705926 0.844653 1	250000
N13	cplxL2	r1 r2 r3 r4 r5	1	같다	17	17	vdw	0 0.081221 0.156727 0.226664 0.292726 0.359195 0.426001 0.4923 0.558986 0.624764 0.685352 0.740346 0.792875 0.845293 0.897534 0.94909 1	250000
N13	cplxL3	r1 r2 r3 r4 r5	1	같다	10	10	coul	0 0.074855 0.16814 0.306748 0.440072 0.56746 0.688027 0.797851 0.901608 1	250000
N13	solvL1	r1 r2 r3 r4 r5	1	같다	12	12	coul	0 0.082172 0.1648 0.247683 0.329159 0.413335 0.501544 0.592283 0.68702 0.78757 0.893878 1	250000
N13	solvL2	r1 r2 r3 r4 r5	1	같다	16	16	vdw	0 0.080893 0.161737 0.243976 0.323908 0.396336 0.464535 0.531897 0.598231 0.662679 0.725464 0.786301 0.843917 0.898316 0.950192 1	250000
N13	solvL3	r1 r2 r3 r4 r5	1	같다	12	12	coul	0 0.063792 0.134891 0.219209 0.317593 0.41731 0.518886 0.621376 0.716411 0.805333 0.900101 1	250000
N14	cplxL1	r1 r2 r3 r4 r5	1	같다	13	13	coul	0 0.091026 0.179752 0.266462 0.351827 0.429143 0.502428 0.576407 0.654136 0.737731 0.828622 0.917213 1	250000
N14	cplxL2	r1 r2 r3 r4 r5	1	같다	14	14	vdw	0 0.085944 0.167348 0.242371 0.317002 0.403396 0.492011 0.565831 0.63393 0.703872 0.774507 0.847136 0.922345 1	250000
N14	cplxL3	r1 r2 r3 r4 r5	1	같다	15	15	coul	0 0.054261 0.11089 0.170439 0.233747 0.30019 0.367611 0.435612 0.510892 0.601368 0.692206 0.778459 0.858252 0.931449 1	250000
N14	solvL1	r1 r2 r3 r4 r5	1	같다	15	15	coul	0 0.060242 0.125492 0.198974 0.272897 0.343258 0.414975 0.487971 0.560317 0.633826 0.710904 0.789236 0.866858 0.936187 1	250000
N14	solvL2	r1 r2 r3 r4 r5	1	같다	16	16	vdw	0 0.064555 0.132431 0.20567 0.285445 0.356479 0.417688 0.47616 0.535234 0.593222 0.653064 0.718127 0.787084 0.857036 0.927827 1	250000
N14	solvL3	r1 r2 r3 r4	1	같다	20	20	coul	0 0.054409 0.110249 0.167704 0.227219 0.288425 0.350356 0.414476 0.477258 0.535279 0.590103 0.641812 0.690064 0.734255 0.776758 0.819567 0.863992 0.908923 0.954254 1	250000
N15	cplxL1	r1 r2 r3 r4 r5	1	같다	5	5	coul	0 0.257209 0.450941 0.697837 1	250000
N15	cplxL2	r1 r2 r3 r4 r5	1	같다	10	10	vdw	0 0.305248 0.463079 0.558204 0.630372 0.712372 0.801814 0.876608 0.941212 1	250000
N15	cplxL3	r1 r2 r3 r4 r5	1	같다	3	3	coul	0 0.499725 1	250000
N15	solvL1	r1 r2 r3 r4 r5	1	같다	5	5	coul	0 0.206845 0.456141 0.734075 1	250000
N15	solvL2	r1 r2 r3 r4 r5	1	같다	8	8	vdw	0 0.209906 0.395383 0.512103 0.643733 0.812186 0.920651 1	250000
N15	solvL3	r1 r2 r3 r4 r5	1	같다	3	3	coul	0 0.462191 1	250000
N16	cplxL1	r1 r2 r3 r4 r5	1	같다	5	5	coul	0 0.240802 0.521136 0.734014 1	250000
N16	cplxL2	r1 r2 r3 r4 r5	1	같다	9	9	vdw	0 0.099247 0.194662 0.283226 0.405328 0.57276 0.749034 0.891984 1	250000
N16	cplxL3	r1 r2 r3 r4 r5	1	같다	9	9	coul	0 0.117196 0.236985 0.358587 0.480536 0.626057 0.764824 0.888817 1	250000
N16	solvL1	r1 r2 r3 r4 r5	1	같다	8	8	coul	0 0.138199 0.282648 0.424993 0.572231 0.724664 0.864158 1	250000
N16	solvL2	r1 r2 r3 r4 r5	1	같다	10	10	vdw	0 0.11414 0.206551 0.282838 0.37714 0.498679 0.622497 0.762206 0.892141 1	250000
N16	solvL3	r1 r2 r3 r4 r5	1	같다	9	9	coul	0 0.111519 0.244688 0.391807 0.530987 0.65486 0.771584 0.886011 1	250000
N17	cplxL1	r1 r2 r3 r4 r5	1	같다	8	8	coul	0 0.1429 0.2857 0.4286 0.5714 0.7143 0.8571 1	4000000
N17	cplxL2	r1 r2 r3 r4 r5	1	같다	17	17	vdw	0 0.0625 0.125 0.1875 0.25 0.3125 0.375 0.4375 0.5 0.5625 0.625 0.6875 0.75 0.8125 0.875 0.9375 1	4000000
N17	cplxL3	r1 r2 r3 r4 r5	1	같다	10	10	coul	0 0.1147 0.2407 0.369 0.4818 0.5946 0.706 0.8149 0.909 1	4000000
N17	solvL1	r1 r2 r3 r4 r5	1	같다	8	8	coul	0 0.1429 0.2857 0.4286 0.5714 0.7143 0.8571 1	4000000
N17	solvL2	r1 r2 r3 r4 r5	1	같다	17	17	vdw	0 0.0625 0.125 0.1875 0.25 0.3125 0.375 0.4375 0.5 0.5625 0.625 0.6875 0.75 0.8125 0.875 0.9375 1	4000000
N17	solvL3	r1 r2 r3 r4 r5	1	같다	10	10	coul	0 0.1147 0.2407 0.369 0.4818 0.5946 0.706 0.8149 0.909 1	4000000
