edge	rep	ΔΔG (kcal/mol)	추정기	ΔΔG 의 MBAR σ (kcal/mol)	출처	키	ΔΔG 표준 전처리판(MBAR·평형검출·상관제거) (kcal/mol)	그 출처
N01	r3	-4.2160611854684475	gmx bar -b 0 (동결 채점)	미계산	qsar/reports/c6_raw_v13.json	N01.dd.3	-4.823700827005042	preproc_sensitivity.json per_dec[회차 오름차순]
N01	r4	-3.752390057361377	gmx bar -b 0 (동결 채점)	미계산	qsar/reports/c6_raw_v13.json	N01.dd.4	-5.043632238459717	preproc_sensitivity.json per_dec[회차 오름차순]
N01	r5	-3.6328871892925445	gmx bar -b 0 (동결 채점)	미계산	qsar/reports/c6_raw_v13.json	N01.dd.5	-4.041228931277732	preproc_sensitivity.json per_dec[회차 오름차순]
N02	r1	5.458891013384324	gmx bar -b 0 (동결 채점)	미계산	qsar/reports/c6_raw_v13.json	N02.dd.1	4.732612766914194	preproc_sensitivity.json per_dec[회차 오름차순]
N02	r2	5.1410133843212265	gmx bar -b 0 (동결 채점)	미계산	qsar/reports/c6_raw_v13.json	N02.dd.2	4.811544479869198	preproc_sensitivity.json per_dec[회차 오름차순]
N02	r3	4.039196940726583	gmx bar -b 0 (동결 채점)	미계산	qsar/reports/c6_raw_v13.json	N02.dd.3	4.092760976957138	preproc_sensitivity.json per_dec[회차 오름차순]
N02	r4	6.357552581261949	gmx bar -b 0 (동결 채점)	미계산	qsar/reports/c6_raw_v13.json	N02.dd.4	6.731219212234038	preproc_sensitivity.json per_dec[회차 오름차순]
N02	r5	4.753824091778199	gmx bar -b 0 (동결 채점)	미계산	qsar/reports/c6_raw_v13.json	N02.dd.5	3.9268130375499197	preproc_sensitivity.json per_dec[회차 오름차순]
N03	r1	-3.427342256214157	gmx bar -b 0 (동결 채점)	미계산	qsar/reports/c6_raw_v13.json	N03.dd.1	-3.492314438400065	preproc_sensitivity.json per_dec[회차 오름차순]
N03	r2	-5.4445506692160635	gmx bar -b 0 (동결 채점)	미계산	qsar/reports/c6_raw_v13.json	N03.dd.2	-4.984023152250067	preproc_sensitivity.json per_dec[회차 오름차순]
N03	r3	-2.774856596558326	gmx bar -b 0 (동결 채점)	미계산	qsar/reports/c6_raw_v13.json	N03.dd.3	-2.1637983359213138	preproc_sensitivity.json per_dec[회차 오름차순]
N03	r4	-3.9842256214149145	gmx bar -b 0 (동결 채점)	미계산	qsar/reports/c6_raw_v13.json	N03.dd.4	-3.690565389208558	preproc_sensitivity.json per_dec[회차 오름차순]
N03	r5	-4.722753346080303	gmx bar -b 0 (동결 채점)	미계산	qsar/reports/c6_raw_v13.json	N03.dd.5	-4.822970464752565	preproc_sensitivity.json per_dec[회차 오름차순]
N04	r1	0.6070745697896758	gmx bar -b 0 (동결 채점)	미계산	qsar/reports/c6_raw_v13.json	N04.dd.1	-0.47020630495175997	preproc_sensitivity.json per_dec[회차 오름차순]
N04	r2	-2.2848948374760996	gmx bar -b 0 (동결 채점)	미계산	qsar/reports/c6_raw_v13.json	N04.dd.2	-2.593559254499344	preproc_sensitivity.json per_dec[회차 오름차순]
N04	r3	-0.08843212237093656	gmx bar -b 0 (동결 채점)	미계산	qsar/reports/c6_raw_v13.json	N04.dd.3	-0.42767670496472654	preproc_sensitivity.json per_dec[회차 오름차순]
N04	r4	-0.4947418738049709	gmx bar -b 0 (동결 채점)	미계산	qsar/reports/c6_raw_v13.json	N04.dd.4	-0.16739592956097926	preproc_sensitivity.json per_dec[회차 오름차순]
N04	r5	-0.1888145315487577	gmx bar -b 0 (동결 채점)	미계산	qsar/reports/c6_raw_v13.json	N04.dd.5	0.8440608303506405	preproc_sensitivity.json per_dec[회차 오름차순]
N05	r1	-1.5511472275334555	gmx bar -b 0 (동결 채점)	미계산	qsar/reports/c6_raw_v13.json	N05.dd.1	-1.7126733457329948	preproc_sensitivity.json per_dec[회차 오름차순]
N05	r2	-3.3197896749521973	gmx bar -b 0 (동결 채점)	미계산	qsar/reports/c6_raw_v13.json	N05.dd.2	-2.7392633242770827	preproc_sensitivity.json per_dec[회차 오름차순]
N05	r3	-0.7648183556405357	gmx bar -b 0 (동결 채점)	미계산	qsar/reports/c6_raw_v13.json	N05.dd.3	-0.6955195635435416	preproc_sensitivity.json per_dec[회차 오름차순]
N05	r4	-2.0650095602294414	gmx bar -b 0 (동결 채점)	미계산	qsar/reports/c6_raw_v13.json	N05.dd.4	-2.014481450880375	preproc_sensitivity.json per_dec[회차 오름차순]
N05	r5	-1.65630975143403	gmx bar -b 0 (동결 채점)	미계산	qsar/reports/c6_raw_v13.json	N05.dd.5	-2.145275016398031	preproc_sensitivity.json per_dec[회차 오름차순]
N06	r1	-0.6214149139579348	gmx bar -b 0 (동결 채점)	미계산	qsar/reports/c6_raw_v13.json	N06.dd.1	-1.2573975054263222	preproc_sensitivity.json per_dec[회차 오름차순]
N06	r2	-1.6252390057361374	gmx bar -b 0 (동결 채점)	미계산	qsar/reports/c6_raw_v13.json	N06.dd.2	-2.5186709901302144	preproc_sensitivity.json per_dec[회차 오름차순]
N06	r3	-0.2031548757170185	gmx bar -b 0 (동결 채점)	미계산	qsar/reports/c6_raw_v13.json	N06.dd.3	-1.0734838568504799	preproc_sensitivity.json per_dec[회차 오름차순]
N06	r4	-0.9512428298279154	gmx bar -b 0 (동결 채점)	미계산	qsar/reports/c6_raw_v13.json	N06.dd.4	-0.2395968485594686	preproc_sensitivity.json per_dec[회차 오름차순]
N06	r5	-1.1161567877629075	gmx bar -b 0 (동결 채점)	미계산	qsar/reports/c6_raw_v13.json	N06.dd.5	-0.043511468053331726	preproc_sensitivity.json per_dec[회차 오름차순]
N07	r1	-5.1362332695984705	gmx bar -b 0 (동결 채점)	미계산	qsar/reports/c6_raw_v13.json	N07.dd.1	-5.572006131601513	preproc_sensitivity.json per_dec[회차 오름차순]
N07	r2	-5.248565965583174	gmx bar -b 0 (동결 채점)	미계산	qsar/reports/c6_raw_v13.json	N07.dd.2	-4.943406422568792	preproc_sensitivity.json per_dec[회차 오름차순]
N07	r3	-4.6869024856596555	gmx bar -b 0 (동결 채점)	미계산	qsar/reports/c6_raw_v13.json	N07.dd.3	-4.923468536795811	preproc_sensitivity.json per_dec[회차 오름차순]
N07	r4	-5.198374760994263	gmx bar -b 0 (동결 채점)	미계산	qsar/reports/c6_raw_v13.json	N07.dd.4	-5.4996972464450975	preproc_sensitivity.json per_dec[회차 오름차순]
N07	r5	-5.272466539196941	gmx bar -b 0 (동결 채점)	미계산	qsar/reports/c6_raw_v13.json	N07.dd.5	-3.9983755424397405	preproc_sensitivity.json per_dec[회차 오름차순]
N08	r1	-7.975621414913945	gmx bar -b 0 (동결 채점)	미계산	qsar/reports/c6_raw_v13.json	N08.dd.1	-8.183257257378422	preproc_sensitivity.json per_dec[회차 오름차순]
N08	r3	-4.010516252390069	gmx bar -b 0 (동결 채점)	미계산	qsar/reports/c6_raw_v13.json	N08.dd.3	-3.828659809091633	preproc_sensitivity.json per_dec[회차 오름차순]
N08	r4	-6.771032504780123	gmx bar -b 0 (동결 채점)	미계산	qsar/reports/c6_raw_v13.json	N08.dd.4	-6.597798036466202	preproc_sensitivity.json per_dec[회차 오름차순]
N08	r5	0.8293499043976951	gmx bar -b 0 (동결 채점)	미계산	qsar/reports/c6_raw_v13.json	N08.dd.5	0.4149360133771225	preproc_sensitivity.json per_dec[회차 오름차순]
N09	r1	-4.077437858508603	gmx bar -b 0 (동결 채점)	미계산	qsar/reports/c6_raw_v13.json	N09.dd.1	-3.429629651667902	preproc_sensitivity.json per_dec[회차 오름차순]
N09	r2	-3.209847036328874	gmx bar -b 0 (동결 채점)	미계산	qsar/reports/c6_raw_v13.json	N09.dd.2	-3.396515785576643	preproc_sensitivity.json per_dec[회차 오름차순]
N09	r3	-4.541108986615679	gmx bar -b 0 (동결 채점)	미계산	qsar/reports/c6_raw_v13.json	N09.dd.3	-3.1434972285855487	preproc_sensitivity.json per_dec[회차 오름차순]
N09	r4	-4.024856596558319	gmx bar -b 0 (동결 채점)	미계산	qsar/reports/c6_raw_v13.json	N09.dd.4	-3.71616583414324	preproc_sensitivity.json per_dec[회차 오름차순]
N09	r5	-6.056405353728486	gmx bar -b 0 (동결 채점)	미계산	qsar/reports/c6_raw_v13.json	N09.dd.5	-6.0825326297175195	preproc_sensitivity.json per_dec[회차 오름차순]
N10	r1	-1.5798279158699842	gmx bar -b 0 (동결 채점)	미계산	qsar/reports/c6_raw_v13.json	N10.dd.1	-2.064574863984557	preproc_sensitivity.json per_dec[회차 오름차순]
N10	r2	-1.1998087954110908	gmx bar -b 0 (동결 채점)	미계산	qsar/reports/c6_raw_v13.json	N10.dd.2	-1.3995610064928918	preproc_sensitivity.json per_dec[회차 오름차순]
N10	r3	-0.023900573613769183	gmx bar -b 0 (동결 채점)	미계산	qsar/reports/c6_raw_v13.json	N10.dd.3	0.6694318708213878	preproc_sensitivity.json per_dec[회차 오름차순]
N10	r4	-1.2332695984703612	gmx bar -b 0 (동결 채점)	미계산	qsar/reports/c6_raw_v13.json	N10.dd.4	-1.7009901486724175	preproc_sensitivity.json per_dec[회차 오름차순]
N10	r5	0.5855640535372864	gmx bar -b 0 (동결 채점)	미계산	qsar/reports/c6_raw_v13.json	N10.dd.5	0.10975183439541425	preproc_sensitivity.json per_dec[회차 오름차순]
N11	r1	10.336998087954111	gmx bar -b 0 (동결 채점)	미계산	qsar/reports/c6_raw_v13.json	N11.dd.1	9.272630254906947	preproc_sensitivity.json per_dec[회차 오름차순]
N11	r2	12.911089866156793	gmx bar -b 0 (동결 채점)	미계산	qsar/reports/c6_raw_v13.json	N11.dd.2	10.005264865443511	preproc_sensitivity.json per_dec[회차 오름차순]
N11	r3	2.860898661567873	gmx bar -b 0 (동결 채점)	미계산	qsar/reports/c6_raw_v13.json	N11.dd.3	1.9677655113305654	preproc_sensitivity.json per_dec[회차 오름차순]
N11	r4	15.164913957934981	gmx bar -b 0 (동결 채점)	미계산	qsar/reports/c6_raw_v13.json	N11.dd.4	10.734707241867419	preproc_sensitivity.json per_dec[회차 오름차순]
N11	r5	10.322657743785857	gmx bar -b 0 (동결 채점)	미계산	qsar/reports/c6_raw_v13.json	N11.dd.5	11.480163875729435	preproc_sensitivity.json per_dec[회차 오름차순]
N12	r1	-2.7007648183556405	gmx bar -b 0 (동결 채점)	미계산	qsar/reports/c6_raw_v13.json	N12.dd.1	-3.509890892328853	preproc_sensitivity.json per_dec[회차 오름차순]
N12	r2	-1.3288718929254308	gmx bar -b 0 (동결 채점)	미계산	qsar/reports/c6_raw_v13.json	N12.dd.2	-2.3062022294854696	preproc_sensitivity.json per_dec[회차 오름차순]
N12	r3	-1.4316443594646273	gmx bar -b 0 (동결 채점)	미계산	qsar/reports/c6_raw_v13.json	N12.dd.3	-1.0605159548372196	preproc_sensitivity.json per_dec[회차 오름차순]
N12	r4	-0.7098470363288687	gmx bar -b 0 (동결 채점)	미계산	qsar/reports/c6_raw_v13.json	N12.dd.4	-0.7882035075051395	preproc_sensitivity.json per_dec[회차 오름차순]
N12	r5	-1.718451242829829	gmx bar -b 0 (동결 채점)	미계산	qsar/reports/c6_raw_v13.json	N12.dd.5	-1.1655943335809233	preproc_sensitivity.json per_dec[회차 오름차순]
N13	r1	-1.0564053537284863	gmx bar -b 0 (동결 채점)	미계산	qsar/reports/c6_raw_v13.json	N13.dd.1	-0.5422142190874482	preproc_sensitivity.json per_dec[회차 오름차순]
N13	r2	-1.6491395793498924	gmx bar -b 0 (동결 채점)	미계산	qsar/reports/c6_raw_v13.json	N13.dd.2	-1.5178791775669467	preproc_sensitivity.json per_dec[회차 오름차순]
N13	r3	0.9225621414913974	gmx bar -b 0 (동결 채점)	미계산	qsar/reports/c6_raw_v13.json	N13.dd.3	1.0042426279306227	preproc_sensitivity.json per_dec[회차 오름차순]
N13	r4	1.5702676864244651	gmx bar -b 0 (동결 채점)	미계산	qsar/reports/c6_raw_v13.json	N13.dd.4	0.9204885504694076	preproc_sensitivity.json per_dec[회차 오름차순]
N13	r5	-0.540152963671126	gmx bar -b 0 (동결 채점)	미계산	qsar/reports/c6_raw_v13.json	N13.dd.5	-0.9871061177286009	preproc_sensitivity.json per_dec[회차 오름차순]
N14	r1	6.022944550669202	gmx bar -b 0 (동결 채점)	미계산	qsar/reports/c6_raw_v13.json	N14.dd.1	1.8813191609658446	preproc_sensitivity.json per_dec[회차 오름차순]
N14	r2	8.745219885277251	gmx bar -b 0 (동결 채점)	미계산	qsar/reports/c6_raw_v13.json	N14.dd.2	4.030281637581361	preproc_sensitivity.json per_dec[회차 오름차순]
N14	r3	5.057361376673057	gmx bar -b 0 (동결 채점)	미계산	qsar/reports/c6_raw_v13.json	N14.dd.3	4.018540896392736	preproc_sensitivity.json per_dec[회차 오름차순]
N14	r4	8.28632887189292	gmx bar -b 0 (동결 채점)	미계산	qsar/reports/c6_raw_v13.json	N14.dd.4	5.221026163423026	preproc_sensitivity.json per_dec[회차 오름차순]
N15	r1	4.051147227533463	gmx bar -b 0 (동결 채점)	미계산	qsar/reports/c6_raw_v13.json	N15.dd.1	4.276462760181969	preproc_sensitivity.json per_dec[회차 오름차순]
N15	r2	4.060707456978969	gmx bar -b 0 (동결 채점)	미계산	qsar/reports/c6_raw_v13.json	N15.dd.2	3.9388312740712585	preproc_sensitivity.json per_dec[회차 오름차순]
N15	r3	3.422562141491394	gmx bar -b 0 (동결 채점)	미계산	qsar/reports/c6_raw_v13.json	N15.dd.3	2.9256435208517217	preproc_sensitivity.json per_dec[회차 오름차순]
N15	r4	5.157743785850857	gmx bar -b 0 (동결 채점)	미계산	qsar/reports/c6_raw_v13.json	N15.dd.4	5.940961272094524	preproc_sensitivity.json per_dec[회차 오름차순]
N15	r5	2.5501912045889092	gmx bar -b 0 (동결 채점)	미계산	qsar/reports/c6_raw_v13.json	N15.dd.5	4.430919193949956	preproc_sensitivity.json per_dec[회차 오름차순]
N16	r1	2.612332695984705	gmx bar -b 0 (동결 채점)	미계산	qsar/reports/c6_raw_v13.json	N16.dd.1	2.501227340937916	preproc_sensitivity.json per_dec[회차 오름차순]
N16	r2	2.42829827915871	gmx bar -b 0 (동결 채점)	미계산	qsar/reports/c6_raw_v13.json	N16.dd.2	2.0558825586220735	preproc_sensitivity.json per_dec[회차 오름차순]
N16	r3	3.6950286806883383	gmx bar -b 0 (동결 채점)	미계산	qsar/reports/c6_raw_v13.json	N16.dd.3	5.026354735605267	preproc_sensitivity.json per_dec[회차 오름차순]
N16	r4	2.3948374760994398	gmx bar -b 0 (동결 채점)	미계산	qsar/reports/c6_raw_v13.json	N16.dd.4	2.3400669411778665	preproc_sensitivity.json per_dec[회차 오름차순]
N16	r5	2.57887189292542	gmx bar -b 0 (동결 채점)	미계산	qsar/reports/c6_raw_v13.json	N16.dd.5	0.9041580309747275	preproc_sensitivity.json per_dec[회차 오름차순]
N01	r1 (로컬 보충)	-3.8790630975143396	gmx bar (로컬 보충분 · 채택 n=5 의 r1)	미계산	qsar/docs/stage1_out/pass1/local_fill_result.json	n2[0]	미계산	—
N01	r2 (로컬 보충)	-3.2791586998087934	gmx bar (로컬 보충분 · 채택 n=5 의 r2)	미계산	qsar/docs/stage1_out/pass1/local_fill_result.json	n2[1]	미계산	—
N04	per[0] (2.0 ns 연장판 · 회차 표지 원본에 없음)	0.5138623326959855	ext_bar (2.0 ns)	미계산	qsar/docs/stage1_out/pass1/ext_edges_20260921.json	N04.per[0]	미계산	—
N04	per[1] (2.0 ns 연장판 · 회차 표지 원본에 없음)	-1.9120458891013383	ext_bar (2.0 ns)	미계산	qsar/docs/stage1_out/pass1/ext_edges_20260921.json	N04.per[1]	미계산	—
N04	per[2] (2.0 ns 연장판 · 회차 표지 원본에 없음)	-0.7433078393881449	ext_bar (2.0 ns)	미계산	qsar/docs/stage1_out/pass1/ext_edges_20260921.json	N04.per[2]	미계산	—
N04	per[3] (2.0 ns 연장판 · 회차 표지 원본에 없음)	0.09082217973231366	ext_bar (2.0 ns)	미계산	qsar/docs/stage1_out/pass1/ext_edges_20260921.json	N04.per[3]	미계산	—
N04	per[4] (2.0 ns 연장판 · 회차 표지 원본에 없음)	0.20315487571701896	ext_bar (2.0 ns)	미계산	qsar/docs/stage1_out/pass1/ext_edges_20260921.json	N04.per[4]	미계산	—
N17	r1	1.5223773659636777	MBAR (alchemlyb · 8 ns 전량)	0.0287	qsar/reports/S1_ddg_all.json · MBAR σ = prereg v31 (b) (S1_tableD.txt 인쇄값)	r1	미계산	—
N17	r2	2.05964054303206	MBAR (alchemlyb · 8 ns 전량)	0.0285	qsar/reports/S1_ddg_all.json · MBAR σ = prereg v31 (b) (S1_tableD.txt 인쇄값)	r2	미계산	—
N17	r3	2.887424647397154	MBAR (alchemlyb · 8 ns 전량)	0.0285	qsar/reports/S1_ddg_all.json · MBAR σ = prereg v31 (b) (S1_tableD.txt 인쇄값)	r3	미계산	—
N17	r4	2.7171306157974655	MBAR (alchemlyb · 8 ns 전량)	0.0286	qsar/reports/S1_ddg_all.json · MBAR σ = prereg v31 (b) (S1_tableD.txt 인쇄값)	r4	미계산	—
N17	r5	0.9343510378492041	MBAR (alchemlyb · 8 ns 전량)	0.0286	qsar/reports/S1_ddg_all.json · MBAR σ = prereg v31 (b) (S1_tableD.txt 인쇄값)	r5	미계산	—
