edge	rep	추정기	Σ복합체 3레그 (산술·kcal/mol)	Σ용매 3레그 (산술)	Σ복합체−Σ용매 (산술)	저장된 그 회차 ΔΔG	보유 레그	출처
N01	r1	gmx bar	미계산	미계산	미계산	미보유	3/6 (없는 레그: solvL1 solvL2 solvL3)	current_bar.json · c6_raw_v13.json dd
N01	r2	gmx bar	미계산	미계산	미계산	미보유	3/6 (없는 레그: solvL1 solvL2 solvL3)	current_bar.json · c6_raw_v13.json dd
N01	r3	gmx bar	1.0970363288718943	5.313097514340342	-4.2160611854684475	-4.2160611854684475	6/6	current_bar.json · c6_raw_v13.json dd
N01	r4	gmx bar	1.7399617590822176	5.492351816443595	-3.752390057361377	-3.752390057361377	6/6	current_bar.json · c6_raw_v13.json dd
N01	r5	gmx bar	1.9478967495219868	5.580783938814531	-3.6328871892925445	-3.6328871892925445	6/6	current_bar.json · c6_raw_v13.json dd
N02	r1	gmx bar	-40.755258126195024	-46.21414913957935	5.458891013384324	5.458891013384324	6/6	current_bar.json · c6_raw_v13.json dd
N02	r2	gmx bar	-40.78632887189292	-45.927342256214146	5.1410133843212265	5.1410133843212265	6/6	current_bar.json · c6_raw_v13.json dd
N02	r3	gmx bar	-41.931166347992345	-45.97036328871893	4.039196940726583	4.039196940726583	6/6	current_bar.json · c6_raw_v13.json dd
N02	r4	gmx bar	-39.7538240917782	-46.11137667304015	6.357552581261949	6.357552581261949	6/6	current_bar.json · c6_raw_v13.json dd
N02	r5	gmx bar	-41.14244741873805	-45.89627151051625	4.753824091778199	4.753824091778199	6/6	current_bar.json · c6_raw_v13.json dd
N03	r1	gmx bar	28.706978967495214	32.13432122370937	-3.427342256214157	-3.427342256214157	6/6	current_bar.json · c6_raw_v13.json dd
N03	r2	gmx bar	26.864244741873797	32.30879541108986	-5.4445506692160635	-5.4445506692160635	6/6	current_bar.json · c6_raw_v13.json dd
N03	r3	gmx bar	29.58652007648183	32.361376673040155	-2.774856596558326	-2.774856596558326	6/6	current_bar.json · c6_raw_v13.json dd
N03	r4	gmx bar	28.150095602294456	32.13432122370937	-3.9842256214149145	-3.9842256214149145	6/6	current_bar.json · c6_raw_v13.json dd
N03	r5	gmx bar	27.306405353728493	32.0291586998088	-4.722753346080303	-4.722753346080303	6/6	current_bar.json · c6_raw_v13.json dd
N04	r1	gmx bar	2.146271510516252	1.5391969407265762	0.6070745697896758	0.6070745697896758	6/6	current_bar.json · c6_raw_v13.json dd
N04	r2	gmx bar	-0.544933078393881	1.7399617590822185	-2.2848948374760996	-2.2848948374760996	6/6	current_bar.json · c6_raw_v13.json dd
N04	r3	gmx bar	2.4282982791586996	2.516730401529636	-0.08843212237093656	-0.08843212237093656	6/6	current_bar.json · c6_raw_v13.json dd
N04	r4	gmx bar	1.1639579349904405	1.6586998087954115	-0.4947418738049709	-0.4947418738049709	6/6	current_bar.json · c6_raw_v13.json dd
N04	r5	gmx bar	1.3551625239005736	1.5439770554493313	-0.1888145315487577	-0.1888145315487577	6/6	current_bar.json · c6_raw_v13.json dd
N05	r1	gmx bar	-41.88097514340344	-40.329827915869984	-1.5511472275334555	-1.5511472275334555	6/6	current_bar.json · c6_raw_v13.json dd
N05	r2	gmx bar	-43.61376673040153	-40.29397705544933	-3.3197896749521973	-3.3197896749521973	6/6	current_bar.json · c6_raw_v13.json dd
N05	r3	gmx bar	-41.32648183556405	-40.56166347992352	-0.7648183556405357	-0.7648183556405357	6/6	current_bar.json · c6_raw_v13.json dd
N05	r4	gmx bar	-42.45697896749522	-40.391969407265776	-2.0650095602294414	-2.0650095602294414	6/6	current_bar.json · c6_raw_v13.json dd
N05	r5	gmx bar	-42.134321223709364	-40.478011472275334	-1.65630975143403	-1.65630975143403	6/6	current_bar.json · c6_raw_v13.json dd
N06	r1	gmx bar	-27.11281070745698	-26.491395793499045	-0.6214149139579348	-0.6214149139579348	6/6	current_bar.json · c6_raw_v13.json dd
N06	r2	gmx bar	-27.934990439770555	-26.309751434034418	-1.6252390057361374	-1.6252390057361374	6/6	current_bar.json · c6_raw_v13.json dd
N06	r3	gmx bar	-26.78776290630975	-26.584608030592733	-0.2031548757170185	-0.2031548757170185	6/6	current_bar.json · c6_raw_v13.json dd
N06	r4	gmx bar	-27.538240917782026	-26.58699808795411	-0.9512428298279154	-0.9512428298279154	6/6	current_bar.json · c6_raw_v13.json dd
N06	r5	gmx bar	-27.358986615678777	-26.24282982791587	-1.1161567877629075	-1.1161567877629075	6/6	current_bar.json · c6_raw_v13.json dd
N07	r1	gmx bar	2.0004780114722753	7.136711281070745	-5.1362332695984705	-5.1362332695984705	6/6	current_bar.json · c6_raw_v13.json dd
N07	r2	gmx bar	1.6706500956022947	6.919216061185468	-5.248565965583174	-5.248565965583174	6/6	current_bar.json · c6_raw_v13.json dd
N07	r3	gmx bar	2.177342256214149	6.864244741873804	-4.6869024856596555	-4.6869024856596555	6/6	current_bar.json · c6_raw_v13.json dd
N07	r4	gmx bar	3.090344168260038	8.288718929254301	-5.198374760994263	-5.198374760994263	6/6	current_bar.json · c6_raw_v13.json dd
N07	r5	gmx bar	2.760516252390057	8.032982791586997	-5.272466539196941	-5.272466539196941	6/6	current_bar.json · c6_raw_v13.json dd
N08	r1	gmx bar	21.663479923518167	29.639101338432113	-7.975621414913945	-7.975621414913945	6/6	current_bar.json · c6_raw_v13.json dd
N08	r2	gmx bar	미계산	미계산	미계산	미보유	5/6 (없는 레그: cplxL3)	current_bar.json · c6_raw_v13.json dd
N08	r3	gmx bar	26.264340344168247	30.274856596558315	-4.010516252390069	-4.010516252390069	6/6	current_bar.json · c6_raw_v13.json dd
N08	r4	gmx bar	23.24330783938815	30.014340344168275	-6.771032504780123	-6.771032504780123	6/6	current_bar.json · c6_raw_v13.json dd
N08	r5	gmx bar	30.98470363288719	30.155353728489494	0.8293499043976951	0.8293499043976951	6/6	current_bar.json · c6_raw_v13.json dd
N09	r1	gmx bar	29.851816443594643	33.929254302103246	-4.077437858508603	-4.077437858508603	6/6	current_bar.json · c6_raw_v13.json dd
N09	r2	gmx bar	30.26529636711281	33.475143403441685	-3.209847036328874	-3.209847036328874	6/6	current_bar.json · c6_raw_v13.json dd
N09	r3	gmx bar	29.49330783938814	34.03441682600382	-4.541108986615679	-4.541108986615679	6/6	current_bar.json · c6_raw_v13.json dd
N09	r4	gmx bar	29.579349904397706	33.604206500956025	-4.024856596558319	-4.024856596558319	6/6	current_bar.json · c6_raw_v13.json dd
N09	r5	gmx bar	28.03776290630975	34.09416826003824	-6.056405353728486	-6.056405353728486	6/6	current_bar.json · c6_raw_v13.json dd
N10	r1	gmx bar	-18.922084130019122	-17.34225621414914	-1.5798279158699842	-1.5798279158699842	6/6	current_bar.json · c6_raw_v13.json dd
N10	r2	gmx bar	-18.458413001912046	-17.258604206500955	-1.1998087954110908	-1.1998087954110908	6/6	current_bar.json · c6_raw_v13.json dd
N10	r3	gmx bar	-17.33508604206501	-17.311185468451242	-0.023900573613769183	-0.023900573613769183	6/6	current_bar.json · c6_raw_v13.json dd
N10	r4	gmx bar	-18.635277246653917	-17.402007648183556	-1.2332695984703612	-1.2332695984703612	6/6	current_bar.json · c6_raw_v13.json dd
N10	r5	gmx bar	-16.782982791586996	-17.368546845124282	0.5855640535372864	0.5855640535372864	6/6	current_bar.json · c6_raw_v13.json dd
N11	r1	gmx bar	-20.7576481835564	-31.094646271510513	10.336998087954111	10.336998087954111	6/6	current_bar.json · c6_raw_v13.json dd
N11	r2	gmx bar	-17.801147227533455	-30.71223709369025	12.911089866156793	12.911089866156793	6/6	current_bar.json · c6_raw_v13.json dd
N11	r3	gmx bar	-28.15965583173996	-31.020554493307834	2.860898661567873	2.860898661567873	6/6	current_bar.json · c6_raw_v13.json dd
N11	r4	gmx bar	-15.16013384321224	-30.32504780114722	15.164913957934981	15.164913957934981	6/6	current_bar.json · c6_raw_v13.json dd
N11	r5	gmx bar	-19.892447418738048	-30.215105162523905	10.322657743785857	10.322657743785857	6/6	current_bar.json · c6_raw_v13.json dd
N12	r1	gmx bar	-17.019598470363288	-14.318833652007648	-2.7007648183556405	-2.7007648183556405	6/6	current_bar.json · c6_raw_v13.json dd
N12	r2	gmx bar	-15.70267686424474	-14.37380497131931	-1.3288718929254308	-1.3288718929254308	6/6	current_bar.json · c6_raw_v13.json dd
N12	r3	gmx bar	-15.769598470363286	-14.337954110898659	-1.4316443594646273	-1.4316443594646273	6/6	current_bar.json · c6_raw_v13.json dd
N12	r4	gmx bar	-15.021510516252388	-14.311663479923519	-0.7098470363288687	-0.7098470363288687	6/6	current_bar.json · c6_raw_v13.json dd
N12	r5	gmx bar	-16.166347992351817	-14.447896749521988	-1.718451242829829	-1.718451242829829	6/6	current_bar.json · c6_raw_v13.json dd
N13	r1	gmx bar	-45.860420650095605	-44.80401529636712	-1.0564053537284863	-1.0564053537284863	6/6	current_bar.json · c6_raw_v13.json dd
N13	r2	gmx bar	-46.46032504780115	-44.81118546845126	-1.6491395793498924	-1.6491395793498924	6/6	current_bar.json · c6_raw_v13.json dd
N13	r3	gmx bar	-44.04875717017208	-44.97131931166348	0.9225621414913974	0.9225621414913974	6/6	current_bar.json · c6_raw_v13.json dd
N13	r4	gmx bar	-43.219407265774386	-44.78967495219885	1.5702676864244651	1.5702676864244651	6/6	current_bar.json · c6_raw_v13.json dd
N13	r5	gmx bar	-45.55210325047801	-45.011950286806886	-0.540152963671126	-0.540152963671126	6/6	current_bar.json · c6_raw_v13.json dd
N14	r1	gmx bar	40.21749521988527	34.19455066921607	6.022944550669202	6.022944550669202	6/6	current_bar.json · c6_raw_v13.json dd
N14	r2	gmx bar	42.94933078393881	34.20411089866156	8.745219885277251	8.745219885277251	6/6	current_bar.json · c6_raw_v13.json dd
N14	r3	gmx bar	39.3044933078394	34.247131931166344	5.057361376673057	5.057361376673057	6/6	current_bar.json · c6_raw_v13.json dd
N14	r4	gmx bar	42.45219885277247	34.16586998087955	8.28632887189292	8.28632887189292	6/6	current_bar.json · c6_raw_v13.json dd
N14	r5	gmx bar	미계산	미계산	미계산	미보유	5/6 (없는 레그: solvL3)	current_bar.json · c6_raw_v13.json dd
N15	r1	gmx bar	-8.812141491395792	-12.863288718929255	4.051147227533463	4.051147227533463	6/6	current_bar.json · c6_raw_v13.json dd
N15	r2	gmx bar	-8.637667304015292	-12.69837476099426	4.060707456978969	4.060707456978969	6/6	current_bar.json · c6_raw_v13.json dd
N15	r3	gmx bar	-9.340344168260039	-12.762906309751433	3.422562141491394	3.422562141491394	6/6	current_bar.json · c6_raw_v13.json dd
N15	r4	gmx bar	-7.662523900573615	-12.820267686424472	5.157743785850857	5.157743785850857	6/6	current_bar.json · c6_raw_v13.json dd
N15	r5	gmx bar	-10.270076481835567	-12.820267686424476	2.5501912045889092	2.5501912045889092	6/6	current_bar.json · c6_raw_v13.json dd
N16	r1	gmx bar	-63.678298279158696	-66.2906309751434	2.612332695984705	2.612332695984705	6/6	current_bar.json · c6_raw_v13.json dd
N16	r2	gmx bar	-64.23279158699808	-66.66108986615679	2.42829827915871	2.42829827915871	6/6	current_bar.json · c6_raw_v13.json dd
N16	r3	gmx bar	-62.903919694072655	-66.598948374761	3.6950286806883383	3.6950286806883383	6/6	current_bar.json · c6_raw_v13.json dd
N16	r4	gmx bar	-63.83604206500955	-66.23087954110899	2.3948374760994398	2.3948374760994398	6/6	current_bar.json · c6_raw_v13.json dd
N16	r5	gmx bar	-64.0368068833652	-66.61567877629062	2.57887189292542	2.57887189292542	6/6	current_bar.json · c6_raw_v13.json dd
N17	r1	MBAR	-3.3774617044492103	-4.899839070412888	1.5223773659636777	1.5223773659636777	6/6	uq1_prod_v14_N17.json dG · S1_ddg_all.json
N17	r2	MBAR	-2.732500526237608	-4.792141069269668	2.05964054303206	2.05964054303206	6/6	uq1_prod_v14_N17.json dG · S1_ddg_all.json
N17	r3	MBAR	-2.031505541595628	-4.918930188992782	2.887424647397154	2.887424647397154	6/6	uq1_prod_v14_N17.json dG · S1_ddg_all.json
N17	r4	MBAR	-2.1873581316596358	-4.904488747457101	2.7171306157974655	2.7171306157974655	6/6	uq1_prod_v14_N17.json dG · S1_ddg_all.json
N17	r5	MBAR	-3.979053654253434	-4.913404692102638	0.9343510378492041	0.9343510378492041	6/6	uq1_prod_v14_N17.json dG · S1_ddg_all.json
