edge	rep	leg	K	겹침 1차 비대각 최솟값	창 색인 쌍	변하는 성분	λ 쌍	출처
N01	r1	cplxL1	3	0.3002780392707469	1–2	coul	0.507981–1	std_analysis.json overlap_adj(=O[i,i+1] · MBAR 전량) · λ = pass1 md.log
N01	r2	cplxL1	3	0.31215582371389694	1–2	coul	0.507981–1	std_analysis.json overlap_adj(=O[i,i+1] · MBAR 전량) · λ = pass1 md.log
N01	r3	cplxL1	3	0.3105754404782155	1–2	coul	0.507981–1	std_analysis.json overlap_adj(=O[i,i+1] · MBAR 전량) · λ = pass1 md.log
N01	r4	cplxL1	3	0.3092110352179904	0–1	coul	0–0.507981	std_analysis.json overlap_adj(=O[i,i+1] · MBAR 전량) · λ = pass1 md.log
N01	r5	cplxL1	3	0.31058341340724005	0–1	coul	0–0.507981	std_analysis.json overlap_adj(=O[i,i+1] · MBAR 전량) · λ = pass1 md.log
N01	r1	cplxL2	6	0.22471428476697278	1–2	vdw	0.294136–0.474229	std_analysis.json overlap_adj(=O[i,i+1] · MBAR 전량) · λ = pass1 md.log
N01	r2	cplxL2	6	0.22228474888844013	1–2	vdw	0.294136–0.474229	std_analysis.json overlap_adj(=O[i,i+1] · MBAR 전량) · λ = pass1 md.log
N01	r3	cplxL2	6	0.22664152119780642	2–3	vdw	0.474229–0.640593	std_analysis.json overlap_adj(=O[i,i+1] · MBAR 전량) · λ = pass1 md.log
N01	r4	cplxL2	6	0.2296045306415349	1–2	vdw	0.294136–0.474229	std_analysis.json overlap_adj(=O[i,i+1] · MBAR 전량) · λ = pass1 md.log
N01	r5	cplxL2	6	0.2230166029238692	1–2	vdw	0.294136–0.474229	std_analysis.json overlap_adj(=O[i,i+1] · MBAR 전량) · λ = pass1 md.log
N01	r1	cplxL3	3	0.3127817193252343	0–1	coul	0–0.497508	std_analysis.json overlap_adj(=O[i,i+1] · MBAR 전량) · λ = pass1 md.log
N01	r2	cplxL3	3	0.314664607486122	0–1	coul	0–0.497508	std_analysis.json overlap_adj(=O[i,i+1] · MBAR 전량) · λ = pass1 md.log
N01	r3	cplxL3	3	0.3188295974606145	0–1	coul	0–0.497508	std_analysis.json overlap_adj(=O[i,i+1] · MBAR 전량) · λ = pass1 md.log
N01	r4	cplxL3	3	0.3018963540605115	1–2	coul	0.497508–1	std_analysis.json overlap_adj(=O[i,i+1] · MBAR 전량) · λ = pass1 md.log
N01	r5	cplxL3	3	0.3025024199738149	1–2	coul	0.497508–1	std_analysis.json overlap_adj(=O[i,i+1] · MBAR 전량) · λ = pass1 md.log
N01	r3	solvL1	4	0.24462489932237091	1–2	coul	0.32155–0.650285	std_analysis.json overlap_adj(=O[i,i+1] · MBAR 전량) · λ = pass1 md.log
N01	r4	solvL1	4	0.24532539956508376	1–2	coul	0.32155–0.650285	std_analysis.json overlap_adj(=O[i,i+1] · MBAR 전량) · λ = pass1 md.log
N01	r5	solvL1	4	0.24530425462075883	1–2	coul	0.32155–0.650285	std_analysis.json overlap_adj(=O[i,i+1] · MBAR 전량) · λ = pass1 md.log
N01	r3	solvL2	6	0.21526089241757407	1–2	vdw	0.30972–0.464561	std_analysis.json overlap_adj(=O[i,i+1] · MBAR 전량) · λ = pass1 md.log
N01	r4	solvL2	6	0.21520106462408153	1–2	vdw	0.30972–0.464561	std_analysis.json overlap_adj(=O[i,i+1] · MBAR 전량) · λ = pass1 md.log
N01	r5	solvL2	6	0.2170172507568177	1–2	vdw	0.30972–0.464561	std_analysis.json overlap_adj(=O[i,i+1] · MBAR 전량) · λ = pass1 md.log
N01	r3	solvL3	3	0.3043168854738192	1–2	coul	0.507034–1	std_analysis.json overlap_adj(=O[i,i+1] · MBAR 전량) · λ = pass1 md.log
N01	r4	solvL3	3	0.30437643148772914	1–2	coul	0.507034–1	std_analysis.json overlap_adj(=O[i,i+1] · MBAR 전량) · λ = pass1 md.log
N01	r5	solvL3	3	0.30437309276804886	1–2	coul	0.507034–1	std_analysis.json overlap_adj(=O[i,i+1] · MBAR 전량) · λ = pass1 md.log
N02	r1	cplxL1	7	0.22589409914428069	1–2	coul	0.186049–0.399611	std_analysis.json overlap_adj(=O[i,i+1] · MBAR 전량) · λ = pass1 md.log
N02	r2	cplxL1	7	0.23354907193313681	0–1	coul	0–0.186049	std_analysis.json overlap_adj(=O[i,i+1] · MBAR 전량) · λ = pass1 md.log
N02	r3	cplxL1	7	0.23392616821055653	1–2	coul	0.186049–0.399611	std_analysis.json overlap_adj(=O[i,i+1] · MBAR 전량) · λ = pass1 md.log
N02	r4	cplxL1	7	0.22544476133665592	1–2	coul	0.186049–0.399611	std_analysis.json overlap_adj(=O[i,i+1] · MBAR 전량) · λ = pass1 md.log
N02	r5	cplxL1	7	0.22877496295812152	1–2	coul	0.186049–0.399611	std_analysis.json overlap_adj(=O[i,i+1] · MBAR 전량) · λ = pass1 md.log
N02	r1	cplxL2	14	0.22502925324956058	2–3	vdw	0.189258–0.290829	std_analysis.json overlap_adj(=O[i,i+1] · MBAR 전량) · λ = pass1 md.log
N02	r2	cplxL2	14	0.22671771935807714	2–3	vdw	0.189258–0.290829	std_analysis.json overlap_adj(=O[i,i+1] · MBAR 전량) · λ = pass1 md.log
N02	r3	cplxL2	14	0.2279230699644149	2–3	vdw	0.189258–0.290829	std_analysis.json overlap_adj(=O[i,i+1] · MBAR 전량) · λ = pass1 md.log
N02	r4	cplxL2	14	0.22527873627318917	2–3	vdw	0.189258–0.290829	std_analysis.json overlap_adj(=O[i,i+1] · MBAR 전량) · λ = pass1 md.log
N02	r5	cplxL2	14	0.2246954390393262	10–11	vdw	0.796812–0.863044	std_analysis.json overlap_adj(=O[i,i+1] · MBAR 전량) · λ = pass1 md.log
N02	r1	cplxL3	9	0.2272599910084885	4–5	coul	0.499099–0.639593	std_analysis.json overlap_adj(=O[i,i+1] · MBAR 전량) · λ = pass1 md.log
N02	r2	cplxL3	9	0.2274029919847465	4–5	coul	0.499099–0.639593	std_analysis.json overlap_adj(=O[i,i+1] · MBAR 전량) · λ = pass1 md.log
N02	r3	cplxL3	9	0.22554554636791785	4–5	coul	0.499099–0.639593	std_analysis.json overlap_adj(=O[i,i+1] · MBAR 전량) · λ = pass1 md.log
N02	r4	cplxL3	9	0.2242279185837695	4–5	coul	0.499099–0.639593	std_analysis.json overlap_adj(=O[i,i+1] · MBAR 전량) · λ = pass1 md.log
N02	r5	cplxL3	9	0.23053345395086772	4–5	coul	0.499099–0.639593	std_analysis.json overlap_adj(=O[i,i+1] · MBAR 전량) · λ = pass1 md.log
N02	r1	solvL1	9	0.2282069514467919	3–4	coul	0.374492–0.514686	std_analysis.json overlap_adj(=O[i,i+1] · MBAR 전량) · λ = pass1 md.log
N02	r2	solvL1	9	0.2280822165869689	3–4	coul	0.374492–0.514686	std_analysis.json overlap_adj(=O[i,i+1] · MBAR 전량) · λ = pass1 md.log
N02	r3	solvL1	9	0.22575945740294284	3–4	coul	0.374492–0.514686	std_analysis.json overlap_adj(=O[i,i+1] · MBAR 전량) · λ = pass1 md.log
N02	r4	solvL1	9	0.22608753700832748	3–4	coul	0.374492–0.514686	std_analysis.json overlap_adj(=O[i,i+1] · MBAR 전량) · λ = pass1 md.log
N02	r5	solvL1	9	0.2261878446311087	3–4	coul	0.374492–0.514686	std_analysis.json overlap_adj(=O[i,i+1] · MBAR 전량) · λ = pass1 md.log
N02	r1	solvL2	14	0.22731505745168498	7–8	vdw	0.574415–0.648657	std_analysis.json overlap_adj(=O[i,i+1] · MBAR 전량) · λ = pass1 md.log
N02	r2	solvL2	14	0.22766379345368354	6–7	vdw	0.498932–0.574415	std_analysis.json overlap_adj(=O[i,i+1] · MBAR 전량) · λ = pass1 md.log
N02	r3	solvL2	14	0.2276680603505426	3–4	vdw	0.268821–0.348458	std_analysis.json overlap_adj(=O[i,i+1] · MBAR 전량) · λ = pass1 md.log
N02	r4	solvL2	14	0.22789827713387395	7–8	vdw	0.574415–0.648657	std_analysis.json overlap_adj(=O[i,i+1] · MBAR 전량) · λ = pass1 md.log
N02	r5	solvL2	14	0.22804189209655681	7–8	vdw	0.574415–0.648657	std_analysis.json overlap_adj(=O[i,i+1] · MBAR 전량) · λ = pass1 md.log
N02	r1	solvL3	10	0.22671064515050096	5–6	coul	0.512835–0.641792	std_analysis.json overlap_adj(=O[i,i+1] · MBAR 전량) · λ = pass1 md.log
N02	r2	solvL3	10	0.2262229917067251	5–6	coul	0.512835–0.641792	std_analysis.json overlap_adj(=O[i,i+1] · MBAR 전량) · λ = pass1 md.log
N02	r3	solvL3	10	0.2265978863039365	2–3	coul	0.186203–0.294111	std_analysis.json overlap_adj(=O[i,i+1] · MBAR 전량) · λ = pass1 md.log
N02	r4	solvL3	10	0.2269035345065332	2–3	coul	0.186203–0.294111	std_analysis.json overlap_adj(=O[i,i+1] · MBAR 전량) · λ = pass1 md.log
N02	r5	solvL3	10	0.22769337055048425	2–3	coul	0.186203–0.294111	std_analysis.json overlap_adj(=O[i,i+1] · MBAR 전량) · λ = pass1 md.log
N03	r1	cplxL1	5	0.2139605896652964	3–4	coul	0.736412–1	std_analysis.json overlap_adj(=O[i,i+1] · MBAR 전량) · λ = pass1 md.log
N03	r2	cplxL1	5	0.12843397234379075	0–1	coul	0–0.285073	std_analysis.json overlap_adj(=O[i,i+1] · MBAR 전량) · λ = pass1 md.log
N03	r3	cplxL1	5	0.16037611305951122	0–1	coul	0–0.285073	std_analysis.json overlap_adj(=O[i,i+1] · MBAR 전량) · λ = pass1 md.log
N03	r4	cplxL1	5	0.19909078669025054	0–1	coul	0–0.285073	std_analysis.json overlap_adj(=O[i,i+1] · MBAR 전량) · λ = pass1 md.log
N03	r5	cplxL1	5	0.17008344477006698	0–1	coul	0–0.285073	std_analysis.json overlap_adj(=O[i,i+1] · MBAR 전량) · λ = pass1 md.log
N03	r1	cplxL2	11	0.22236467294896686	7–8	vdw	0.685901–0.799103	std_analysis.json overlap_adj(=O[i,i+1] · MBAR 전량) · λ = pass1 md.log
N03	r2	cplxL2	11	0.22629775653948075	7–8	vdw	0.685901–0.799103	std_analysis.json overlap_adj(=O[i,i+1] · MBAR 전량) · λ = pass1 md.log
N03	r3	cplxL2	11	0.22648086679787788	7–8	vdw	0.685901–0.799103	std_analysis.json overlap_adj(=O[i,i+1] · MBAR 전량) · λ = pass1 md.log
N03	r4	cplxL2	11	0.22048761739387204	7–8	vdw	0.685901–0.799103	std_analysis.json overlap_adj(=O[i,i+1] · MBAR 전량) · λ = pass1 md.log
N03	r5	cplxL2	11	0.2218009495562359	7–8	vdw	0.685901–0.799103	std_analysis.json overlap_adj(=O[i,i+1] · MBAR 전량) · λ = pass1 md.log
N03	r1	cplxL3	4	0.263923649960368	0–1	coul	0–0.385114	std_analysis.json overlap_adj(=O[i,i+1] · MBAR 전량) · λ = pass1 md.log
N03	r2	cplxL3	4	0.25806087358641266	1–2	coul	0.385114–0.694572	std_analysis.json overlap_adj(=O[i,i+1] · MBAR 전량) · λ = pass1 md.log
N03	r3	cplxL3	4	0.24001616164205297	0–1	coul	0–0.385114	std_analysis.json overlap_adj(=O[i,i+1] · MBAR 전량) · λ = pass1 md.log
N03	r4	cplxL3	4	0.26203138749570865	1–2	coul	0.385114–0.694572	std_analysis.json overlap_adj(=O[i,i+1] · MBAR 전량) · λ = pass1 md.log
N03	r5	cplxL3	4	0.26109777718422467	1–2	coul	0.385114–0.694572	std_analysis.json overlap_adj(=O[i,i+1] · MBAR 전량) · λ = pass1 md.log
N03	r1	solvL1	7	0.22808680210519902	1–2	coul	0.143598–0.304774	std_analysis.json overlap_adj(=O[i,i+1] · MBAR 전량) · λ = pass1 md.log
N03	r2	solvL1	7	0.22612943427237087	2–3	coul	0.304774–0.472328	std_analysis.json overlap_adj(=O[i,i+1] · MBAR 전량) · λ = pass1 md.log
N03	r3	solvL1	7	0.22677191617681125	2–3	coul	0.304774–0.472328	std_analysis.json overlap_adj(=O[i,i+1] · MBAR 전량) · λ = pass1 md.log
N03	r4	solvL1	7	0.22856262173623088	4–5	coul	0.655378–0.852662	std_analysis.json overlap_adj(=O[i,i+1] · MBAR 전량) · λ = pass1 md.log
N03	r5	solvL1	7	0.2261400527763335	2–3	coul	0.304774–0.472328	std_analysis.json overlap_adj(=O[i,i+1] · MBAR 전량) · λ = pass1 md.log
N03	r1	solvL2	12	0.22838194928557506	7–8	vdw	0.621162–0.704663	std_analysis.json overlap_adj(=O[i,i+1] · MBAR 전량) · λ = pass1 md.log
N03	r2	solvL2	12	0.22871191847386088	7–8	vdw	0.621162–0.704663	std_analysis.json overlap_adj(=O[i,i+1] · MBAR 전량) · λ = pass1 md.log
N03	r3	solvL2	12	0.22912363507180888	7–8	vdw	0.621162–0.704663	std_analysis.json overlap_adj(=O[i,i+1] · MBAR 전량) · λ = pass1 md.log
N03	r4	solvL2	12	0.2291672607728682	7–8	vdw	0.621162–0.704663	std_analysis.json overlap_adj(=O[i,i+1] · MBAR 전량) · λ = pass1 md.log
N03	r5	solvL2	12	0.22886192650289677	7–8	vdw	0.621162–0.704663	std_analysis.json overlap_adj(=O[i,i+1] · MBAR 전량) · λ = pass1 md.log
N03	r1	solvL3	5	0.23787914878423763	2–3	coul	0.546655–0.790048	std_analysis.json overlap_adj(=O[i,i+1] · MBAR 전량) · λ = pass1 md.log
N03	r2	solvL3	5	0.23897855771547497	2–3	coul	0.546655–0.790048	std_analysis.json overlap_adj(=O[i,i+1] · MBAR 전량) · λ = pass1 md.log
N03	r3	solvL3	5	0.23855835023835026	2–3	coul	0.546655–0.790048	std_analysis.json overlap_adj(=O[i,i+1] · MBAR 전량) · λ = pass1 md.log
N03	r4	solvL3	5	0.23832570552136276	2–3	coul	0.546655–0.790048	std_analysis.json overlap_adj(=O[i,i+1] · MBAR 전량) · λ = pass1 md.log
N03	r5	solvL3	5	0.2382062941652483	2–3	coul	0.546655–0.790048	std_analysis.json overlap_adj(=O[i,i+1] · MBAR 전량) · λ = pass1 md.log
N04	r1	cplxL1	4	0.2567005764545741	2–3	coul	0.705116–1	std_analysis.json overlap_adj(=O[i,i+1] · MBAR 전량) · λ = pass1 md.log
N04	r2	cplxL1	4	0.21529779973451266	2–3	coul	0.705116–1	std_analysis.json overlap_adj(=O[i,i+1] · MBAR 전량) · λ = pass1 md.log
N04	r3	cplxL1	4	0.25936350965379606	1–2	coul	0.367261–0.705116	std_analysis.json overlap_adj(=O[i,i+1] · MBAR 전량) · λ = pass1 md.log
N04	r4	cplxL1	4	0.24305990868191707	2–3	coul	0.705116–1	std_analysis.json overlap_adj(=O[i,i+1] · MBAR 전량) · λ = pass1 md.log
N04	r5	cplxL1	4	0.21852928675204109	2–3	coul	0.705116–1	std_analysis.json overlap_adj(=O[i,i+1] · MBAR 전량) · λ = pass1 md.log
N04	r1	cplxL2	7	0.19630920559757364	3–4	vdw	0.641168–0.745089	std_analysis.json overlap_adj(=O[i,i+1] · MBAR 전량) · λ = pass1 md.log
N04	r2	cplxL2	7	0.21959647463333476	4–5	vdw	0.745089–0.862799	std_analysis.json overlap_adj(=O[i,i+1] · MBAR 전량) · λ = pass1 md.log
N04	r3	cplxL2	7	0.20721048914527043	0–1	vdw	0–0.394554	std_analysis.json overlap_adj(=O[i,i+1] · MBAR 전량) · λ = pass1 md.log
N04	r4	cplxL2	7	0.20883126238270047	0–1	vdw	0–0.394554	std_analysis.json overlap_adj(=O[i,i+1] · MBAR 전량) · λ = pass1 md.log
N04	r5	cplxL2	7	0.19655478101611557	3–4	vdw	0.641168–0.745089	std_analysis.json overlap_adj(=O[i,i+1] · MBAR 전량) · λ = pass1 md.log
N04	r1	cplxL3	4	0.2375736879090943	1–2	coul	0.324693–0.686508	std_analysis.json overlap_adj(=O[i,i+1] · MBAR 전량) · λ = pass1 md.log
N04	r2	cplxL3	4	0.23823116023497096	1–2	coul	0.324693–0.686508	std_analysis.json overlap_adj(=O[i,i+1] · MBAR 전량) · λ = pass1 md.log
N04	r3	cplxL3	4	0.23552189808754262	1–2	coul	0.324693–0.686508	std_analysis.json overlap_adj(=O[i,i+1] · MBAR 전량) · λ = pass1 md.log
N04	r4	cplxL3	4	0.23683138658385414	1–2	coul	0.324693–0.686508	std_analysis.json overlap_adj(=O[i,i+1] · MBAR 전량) · λ = pass1 md.log
N04	r5	cplxL3	4	0.23727367133531083	1–2	coul	0.324693–0.686508	std_analysis.json overlap_adj(=O[i,i+1] · MBAR 전량) · λ = pass1 md.log
N04	r1	solvL1	6	0.2189965469585445	2–3	coul	0.395045–0.650565	std_analysis.json overlap_adj(=O[i,i+1] · MBAR 전량) · λ = pass1 md.log
N04	r2	solvL1	6	0.21673323648998555	2–3	coul	0.395045–0.650565	std_analysis.json overlap_adj(=O[i,i+1] · MBAR 전량) · λ = pass1 md.log
N04	r3	solvL1	6	0.21949798521286007	2–3	coul	0.395045–0.650565	std_analysis.json overlap_adj(=O[i,i+1] · MBAR 전량) · λ = pass1 md.log
N04	r4	solvL1	6	0.21633396879915925	2–3	coul	0.395045–0.650565	std_analysis.json overlap_adj(=O[i,i+1] · MBAR 전량) · λ = pass1 md.log
N04	r5	solvL1	6	0.21844344148785155	2–3	coul	0.395045–0.650565	std_analysis.json overlap_adj(=O[i,i+1] · MBAR 전량) · λ = pass1 md.log
N04	r1	solvL2	6	0.22312383478095188	2–3	vdw	0.509642–0.689198	std_analysis.json overlap_adj(=O[i,i+1] · MBAR 전량) · λ = pass1 md.log
N04	r2	solvL2	6	0.22349966115627276	2–3	vdw	0.509642–0.689198	std_analysis.json overlap_adj(=O[i,i+1] · MBAR 전량) · λ = pass1 md.log
N04	r3	solvL2	6	0.22027981745607264	2–3	vdw	0.509642–0.689198	std_analysis.json overlap_adj(=O[i,i+1] · MBAR 전량) · λ = pass1 md.log
N04	r4	solvL2	6	0.22542439918627	2–3	vdw	0.509642–0.689198	std_analysis.json overlap_adj(=O[i,i+1] · MBAR 전량) · λ = pass1 md.log
N04	r5	solvL2	6	0.2233056532904562	2–3	vdw	0.509642–0.689198	std_analysis.json overlap_adj(=O[i,i+1] · MBAR 전량) · λ = pass1 md.log
N04	r1	solvL3	4	0.2412890812435117	1–2	coul	0.330583–0.677219	std_analysis.json overlap_adj(=O[i,i+1] · MBAR 전량) · λ = pass1 md.log
N04	r2	solvL3	4	0.2405739093963464	1–2	coul	0.330583–0.677219	std_analysis.json overlap_adj(=O[i,i+1] · MBAR 전량) · λ = pass1 md.log
N04	r3	solvL3	4	0.2414215216036689	1–2	coul	0.330583–0.677219	std_analysis.json overlap_adj(=O[i,i+1] · MBAR 전량) · λ = pass1 md.log
N04	r4	solvL3	4	0.24105120252689058	1–2	coul	0.330583–0.677219	std_analysis.json overlap_adj(=O[i,i+1] · MBAR 전량) · λ = pass1 md.log
N04	r5	solvL3	4	0.24161734597269363	1–2	coul	0.330583–0.677219	std_analysis.json overlap_adj(=O[i,i+1] · MBAR 전량) · λ = pass1 md.log
N05	r1	cplxL1	4	0.22020142015889202	1–2	coul	0.2455–0.689307	std_analysis.json overlap_adj(=O[i,i+1] · MBAR 전량) · λ = pass1 md.log
N05	r2	cplxL1	4	0.242041643773416	1–2	coul	0.2455–0.689307	std_analysis.json overlap_adj(=O[i,i+1] · MBAR 전량) · λ = pass1 md.log
N05	r3	cplxL1	4	0.2378209843750306	1–2	coul	0.2455–0.689307	std_analysis.json overlap_adj(=O[i,i+1] · MBAR 전량) · λ = pass1 md.log
N05	r4	cplxL1	4	0.24573802076786616	1–2	coul	0.2455–0.689307	std_analysis.json overlap_adj(=O[i,i+1] · MBAR 전량) · λ = pass1 md.log
N05	r5	cplxL1	4	0.2399711107972172	1–2	coul	0.2455–0.689307	std_analysis.json overlap_adj(=O[i,i+1] · MBAR 전량) · λ = pass1 md.log
N05	r1	cplxL2	10	0.19580598213583852	4–5	vdw	0.550619–0.664009	std_analysis.json overlap_adj(=O[i,i+1] · MBAR 전량) · λ = pass1 md.log
N05	r2	cplxL2	10	0.19561973658733187	4–5	vdw	0.550619–0.664009	std_analysis.json overlap_adj(=O[i,i+1] · MBAR 전량) · λ = pass1 md.log
N05	r3	cplxL2	10	0.20248456984988703	3–4	vdw	0.421474–0.550619	std_analysis.json overlap_adj(=O[i,i+1] · MBAR 전량) · λ = pass1 md.log
N05	r4	cplxL2	10	0.19983810770565286	3–4	vdw	0.421474–0.550619	std_analysis.json overlap_adj(=O[i,i+1] · MBAR 전량) · λ = pass1 md.log
N05	r5	cplxL2	10	0.1972457551082507	6–7	vdw	0.755729–0.839437	std_analysis.json overlap_adj(=O[i,i+1] · MBAR 전량) · λ = pass1 md.log
N05	r1	cplxL3	5	0.23547457560915194	1–2	coul	0.30808–0.596341	std_analysis.json overlap_adj(=O[i,i+1] · MBAR 전량) · λ = pass1 md.log
N05	r2	cplxL3	5	0.23112079059797458	1–2	coul	0.30808–0.596341	std_analysis.json overlap_adj(=O[i,i+1] · MBAR 전량) · λ = pass1 md.log
N05	r3	cplxL3	5	0.23410053457540816	1–2	coul	0.30808–0.596341	std_analysis.json overlap_adj(=O[i,i+1] · MBAR 전량) · λ = pass1 md.log
N05	r4	cplxL3	5	0.23069484481833016	1–2	coul	0.30808–0.596341	std_analysis.json overlap_adj(=O[i,i+1] · MBAR 전량) · λ = pass1 md.log
N05	r5	cplxL3	5	0.2414434781010599	1–2	coul	0.30808–0.596341	std_analysis.json overlap_adj(=O[i,i+1] · MBAR 전량) · λ = pass1 md.log
N05	r1	solvL1	5	0.2366148340794539	1–2	coul	0.214784–0.473667	std_analysis.json overlap_adj(=O[i,i+1] · MBAR 전량) · λ = pass1 md.log
N05	r2	solvL1	5	0.2376794997073225	1–2	coul	0.214784–0.473667	std_analysis.json overlap_adj(=O[i,i+1] · MBAR 전량) · λ = pass1 md.log
N05	r3	solvL1	5	0.23870050017467953	1–2	coul	0.214784–0.473667	std_analysis.json overlap_adj(=O[i,i+1] · MBAR 전량) · λ = pass1 md.log
N05	r4	solvL1	5	0.24048977137425423	2–3	coul	0.473667–0.741972	std_analysis.json overlap_adj(=O[i,i+1] · MBAR 전량) · λ = pass1 md.log
N05	r5	solvL1	5	0.23890050709418958	1–2	coul	0.214784–0.473667	std_analysis.json overlap_adj(=O[i,i+1] · MBAR 전량) · λ = pass1 md.log
N05	r1	solvL2	8	0.20835321275964908	2–3	vdw	0.316551–0.443601	std_analysis.json overlap_adj(=O[i,i+1] · MBAR 전량) · λ = pass1 md.log
N05	r2	solvL2	8	0.2109067758812944	3–4	vdw	0.443601–0.568705	std_analysis.json overlap_adj(=O[i,i+1] · MBAR 전량) · λ = pass1 md.log
N05	r3	solvL2	8	0.20964306803702773	3–4	vdw	0.443601–0.568705	std_analysis.json overlap_adj(=O[i,i+1] · MBAR 전량) · λ = pass1 md.log
N05	r4	solvL2	8	0.20905087729598348	3–4	vdw	0.443601–0.568705	std_analysis.json overlap_adj(=O[i,i+1] · MBAR 전량) · λ = pass1 md.log
N05	r5	solvL2	8	0.2096231225644085	2–3	vdw	0.316551–0.443601	std_analysis.json overlap_adj(=O[i,i+1] · MBAR 전량) · λ = pass1 md.log
N05	r1	solvL3	6	0.22004641397711902	1–2	coul	0.212921–0.47126	std_analysis.json overlap_adj(=O[i,i+1] · MBAR 전량) · λ = pass1 md.log
N05	r2	solvL3	6	0.22186550574418865	1–2	coul	0.212921–0.47126	std_analysis.json overlap_adj(=O[i,i+1] · MBAR 전량) · λ = pass1 md.log
N05	r3	solvL3	6	0.22469132024623778	1–2	coul	0.212921–0.47126	std_analysis.json overlap_adj(=O[i,i+1] · MBAR 전량) · λ = pass1 md.log
N05	r4	solvL3	6	0.2202232104483399	1–2	coul	0.212921–0.47126	std_analysis.json overlap_adj(=O[i,i+1] · MBAR 전량) · λ = pass1 md.log
N05	r5	solvL3	6	0.2222542869602278	1–2	coul	0.212921–0.47126	std_analysis.json overlap_adj(=O[i,i+1] · MBAR 전량) · λ = pass1 md.log
N06	r1	cplxL1	4	0.2521572290623534	1–2	coul	0.412175–0.784457	std_analysis.json overlap_adj(=O[i,i+1] · MBAR 전량) · λ = pass1 md.log
N06	r2	cplxL1	4	0.2485032792473396	1–2	coul	0.412175–0.784457	std_analysis.json overlap_adj(=O[i,i+1] · MBAR 전량) · λ = pass1 md.log
N06	r3	cplxL1	4	0.26007271116694575	0–1	coul	0–0.412175	std_analysis.json overlap_adj(=O[i,i+1] · MBAR 전량) · λ = pass1 md.log
N06	r4	cplxL1	4	0.2486776494795457	1–2	coul	0.412175–0.784457	std_analysis.json overlap_adj(=O[i,i+1] · MBAR 전량) · λ = pass1 md.log
N06	r5	cplxL1	4	0.2351229705721459	0–1	coul	0–0.412175	std_analysis.json overlap_adj(=O[i,i+1] · MBAR 전량) · λ = pass1 md.log
N06	r1	cplxL2	6	0.19378391659896002	2–3	vdw	0.360644–0.552693	std_analysis.json overlap_adj(=O[i,i+1] · MBAR 전량) · λ = pass1 md.log
N06	r2	cplxL2	6	0.21266765830779902	2–3	vdw	0.360644–0.552693	std_analysis.json overlap_adj(=O[i,i+1] · MBAR 전량) · λ = pass1 md.log
N06	r3	cplxL2	6	0.19351518893098554	2–3	vdw	0.360644–0.552693	std_analysis.json overlap_adj(=O[i,i+1] · MBAR 전량) · λ = pass1 md.log
N06	r4	cplxL2	6	0.20760703933401606	2–3	vdw	0.360644–0.552693	std_analysis.json overlap_adj(=O[i,i+1] · MBAR 전량) · λ = pass1 md.log
N06	r5	cplxL2	6	0.2034571276019863	2–3	vdw	0.360644–0.552693	std_analysis.json overlap_adj(=O[i,i+1] · MBAR 전량) · λ = pass1 md.log
N06	r1	cplxL3	5	0.185767986608221	0–1	coul	0–0.322015	std_analysis.json overlap_adj(=O[i,i+1] · MBAR 전량) · λ = pass1 md.log
N06	r2	cplxL3	5	0.24022074716021663	3–4	coul	0.755513–1	std_analysis.json overlap_adj(=O[i,i+1] · MBAR 전량) · λ = pass1 md.log
N06	r3	cplxL3	5	0.21938717885985343	0–1	coul	0–0.322015	std_analysis.json overlap_adj(=O[i,i+1] · MBAR 전량) · λ = pass1 md.log
N06	r4	cplxL3	5	0.2211321173499348	0–1	coul	0–0.322015	std_analysis.json overlap_adj(=O[i,i+1] · MBAR 전량) · λ = pass1 md.log
N06	r5	cplxL3	5	0.22517160560089833	0–1	coul	0–0.322015	std_analysis.json overlap_adj(=O[i,i+1] · MBAR 전량) · λ = pass1 md.log
N06	r1	solvL1	5	0.22881251604267466	1–2	coul	0.222434–0.506714	std_analysis.json overlap_adj(=O[i,i+1] · MBAR 전량) · λ = pass1 md.log
N06	r2	solvL1	5	0.22992032744464797	1–2	coul	0.222434–0.506714	std_analysis.json overlap_adj(=O[i,i+1] · MBAR 전량) · λ = pass1 md.log
N06	r3	solvL1	5	0.2314829003836806	1–2	coul	0.222434–0.506714	std_analysis.json overlap_adj(=O[i,i+1] · MBAR 전량) · λ = pass1 md.log
N06	r4	solvL1	5	0.22839009047518263	1–2	coul	0.222434–0.506714	std_analysis.json overlap_adj(=O[i,i+1] · MBAR 전량) · λ = pass1 md.log
N06	r5	solvL1	5	0.22994802514341636	1–2	coul	0.222434–0.506714	std_analysis.json overlap_adj(=O[i,i+1] · MBAR 전량) · λ = pass1 md.log
N06	r1	solvL2	7	0.1764831302396417	2–3	vdw	0.365456–0.525027	std_analysis.json overlap_adj(=O[i,i+1] · MBAR 전량) · λ = pass1 md.log
N06	r2	solvL2	7	0.17676454213282644	2–3	vdw	0.365456–0.525027	std_analysis.json overlap_adj(=O[i,i+1] · MBAR 전량) · λ = pass1 md.log
N06	r3	solvL2	7	0.17735131435316606	2–3	vdw	0.365456–0.525027	std_analysis.json overlap_adj(=O[i,i+1] · MBAR 전량) · λ = pass1 md.log
N06	r4	solvL2	7	0.17644415355015347	2–3	vdw	0.365456–0.525027	std_analysis.json overlap_adj(=O[i,i+1] · MBAR 전량) · λ = pass1 md.log
N06	r5	solvL2	7	0.17670424187412914	2–3	vdw	0.365456–0.525027	std_analysis.json overlap_adj(=O[i,i+1] · MBAR 전량) · λ = pass1 md.log
N06	r1	solvL3	6	0.23245278439721406	2–3	coul	0.445598–0.653569	std_analysis.json overlap_adj(=O[i,i+1] · MBAR 전량) · λ = pass1 md.log
N06	r2	solvL3	6	0.2341343115379788	2–3	coul	0.445598–0.653569	std_analysis.json overlap_adj(=O[i,i+1] · MBAR 전량) · λ = pass1 md.log
N06	r3	solvL3	6	0.23227374866144326	2–3	coul	0.445598–0.653569	std_analysis.json overlap_adj(=O[i,i+1] · MBAR 전량) · λ = pass1 md.log
N06	r4	solvL3	6	0.230955748502697	2–3	coul	0.445598–0.653569	std_analysis.json overlap_adj(=O[i,i+1] · MBAR 전량) · λ = pass1 md.log
N06	r5	solvL3	6	0.23192600863534574	2–3	coul	0.445598–0.653569	std_analysis.json overlap_adj(=O[i,i+1] · MBAR 전량) · λ = pass1 md.log
N07	r1	cplxL1	4	0.23262073852149892	1–2	coul	0.329988–0.735695	std_analysis.json overlap_adj(=O[i,i+1] · MBAR 전량) · λ = pass1 md.log
N07	r2	cplxL1	4	0.2380698003831622	2–3	coul	0.735695–1	std_analysis.json overlap_adj(=O[i,i+1] · MBAR 전량) · λ = pass1 md.log
N07	r3	cplxL1	4	0.22820949541133642	2–3	coul	0.735695–1	std_analysis.json overlap_adj(=O[i,i+1] · MBAR 전량) · λ = pass1 md.log
N07	r4	cplxL1	4	0.2436759578394245	1–2	coul	0.329988–0.735695	std_analysis.json overlap_adj(=O[i,i+1] · MBAR 전량) · λ = pass1 md.log
N07	r5	cplxL1	4	0.21468895540565916	0–1	coul	0–0.329988	std_analysis.json overlap_adj(=O[i,i+1] · MBAR 전량) · λ = pass1 md.log
N07	r1	cplxL2	9	0.20033829919450552	5–6	vdw	0.710453–0.81442	std_analysis.json overlap_adj(=O[i,i+1] · MBAR 전량) · λ = pass1 md.log
N07	r2	cplxL2	9	0.1962490534167985	5–6	vdw	0.710453–0.81442	std_analysis.json overlap_adj(=O[i,i+1] · MBAR 전량) · λ = pass1 md.log
N07	r3	cplxL2	9	0.19894802733148084	5–6	vdw	0.710453–0.81442	std_analysis.json overlap_adj(=O[i,i+1] · MBAR 전량) · λ = pass1 md.log
N07	r4	cplxL2	9	0.19790394254568877	1–2	vdw	0.270663–0.424241	std_analysis.json overlap_adj(=O[i,i+1] · MBAR 전량) · λ = pass1 md.log
N07	r5	cplxL2	9	0.19669209338301824	1–2	vdw	0.270663–0.424241	std_analysis.json overlap_adj(=O[i,i+1] · MBAR 전량) · λ = pass1 md.log
N07	r1	cplxL3	3	0.27722989203437415	1–2	coul	0.463276–1	std_analysis.json overlap_adj(=O[i,i+1] · MBAR 전량) · λ = pass1 md.log
N07	r2	cplxL3	3	0.26039719264258454	1–2	coul	0.463276–1	std_analysis.json overlap_adj(=O[i,i+1] · MBAR 전량) · λ = pass1 md.log
N07	r3	cplxL3	3	0.2817853948477055	1–2	coul	0.463276–1	std_analysis.json overlap_adj(=O[i,i+1] · MBAR 전량) · λ = pass1 md.log
N07	r4	cplxL3	3	0.27341420961667323	1–2	coul	0.463276–1	std_analysis.json overlap_adj(=O[i,i+1] · MBAR 전량) · λ = pass1 md.log
N07	r5	cplxL3	3	0.2872382663951825	1–2	coul	0.463276–1	std_analysis.json overlap_adj(=O[i,i+1] · MBAR 전량) · λ = pass1 md.log
N07	r1	solvL1	7	0.2138258588393818	2–3	coul	0.336785–0.525754	std_analysis.json overlap_adj(=O[i,i+1] · MBAR 전량) · λ = pass1 md.log
N07	r2	solvL1	7	0.2123300329329602	2–3	coul	0.336785–0.525754	std_analysis.json overlap_adj(=O[i,i+1] · MBAR 전량) · λ = pass1 md.log
N07	r3	solvL1	7	0.21506594160224243	2–3	coul	0.336785–0.525754	std_analysis.json overlap_adj(=O[i,i+1] · MBAR 전량) · λ = pass1 md.log
N07	r4	solvL1	7	0.21399427164447923	2–3	coul	0.336785–0.525754	std_analysis.json overlap_adj(=O[i,i+1] · MBAR 전량) · λ = pass1 md.log
N07	r5	solvL1	7	0.213663120941747	2–3	coul	0.336785–0.525754	std_analysis.json overlap_adj(=O[i,i+1] · MBAR 전량) · λ = pass1 md.log
N07	r1	solvL2	8	0.21834718530891203	1–2	vdw	0.251222–0.393496	std_analysis.json overlap_adj(=O[i,i+1] · MBAR 전량) · λ = pass1 md.log
N07	r2	solvL2	8	0.21828348217112162	1–2	vdw	0.251222–0.393496	std_analysis.json overlap_adj(=O[i,i+1] · MBAR 전량) · λ = pass1 md.log
N07	r3	solvL2	8	0.21730267218346772	1–2	vdw	0.251222–0.393496	std_analysis.json overlap_adj(=O[i,i+1] · MBAR 전량) · λ = pass1 md.log
N07	r4	solvL2	8	0.22057322848026914	1–2	vdw	0.251222–0.393496	std_analysis.json overlap_adj(=O[i,i+1] · MBAR 전량) · λ = pass1 md.log
N07	r5	solvL2	8	0.21861660652971718	1–2	vdw	0.251222–0.393496	std_analysis.json overlap_adj(=O[i,i+1] · MBAR 전량) · λ = pass1 md.log
N07	r1	solvL3	4	0.24600767037354673	1–2	coul	0.353742–0.690466	std_analysis.json overlap_adj(=O[i,i+1] · MBAR 전량) · λ = pass1 md.log
N07	r2	solvL3	4	0.246503569706246	1–2	coul	0.353742–0.690466	std_analysis.json overlap_adj(=O[i,i+1] · MBAR 전량) · λ = pass1 md.log
N07	r3	solvL3	4	0.24558792333413954	1–2	coul	0.353742–0.690466	std_analysis.json overlap_adj(=O[i,i+1] · MBAR 전량) · λ = pass1 md.log
N07	r4	solvL3	4	0.24479915939287206	1–2	coul	0.353742–0.690466	std_analysis.json overlap_adj(=O[i,i+1] · MBAR 전량) · λ = pass1 md.log
N07	r5	solvL3	4	0.24500290733045835	1–2	coul	0.353742–0.690466	std_analysis.json overlap_adj(=O[i,i+1] · MBAR 전량) · λ = pass1 md.log
N08	r1	cplxL1	17	0.2360063250061767	7–8	coul	0.407804–0.470563	std_analysis.json overlap_adj(=O[i,i+1] · MBAR 전량) · λ = pass1 md.log
N08	r2	cplxL1	17	0.23689246501907493	7–8	coul	0.407804–0.470563	std_analysis.json overlap_adj(=O[i,i+1] · MBAR 전량) · λ = pass1 md.log
N08	r3	cplxL1	17	0.23379288976292625	3–4	coul	0.177053–0.238218	std_analysis.json overlap_adj(=O[i,i+1] · MBAR 전량) · λ = pass1 md.log
N08	r4	cplxL1	17	0.2338839365645993	3–4	coul	0.177053–0.238218	std_analysis.json overlap_adj(=O[i,i+1] · MBAR 전량) · λ = pass1 md.log
N08	r5	cplxL1	17	0.23612020878318035	3–4	coul	0.177053–0.238218	std_analysis.json overlap_adj(=O[i,i+1] · MBAR 전량) · λ = pass1 md.log
N08	r1	cplxL2	18	0.22290464340301414	13–14	vdw	0.78813–0.841728	std_analysis.json overlap_adj(=O[i,i+1] · MBAR 전량) · λ = pass1 md.log
N08	r2	cplxL2	18	0.2246570174779872	14–15	vdw	0.841728–0.894951	std_analysis.json overlap_adj(=O[i,i+1] · MBAR 전량) · λ = pass1 md.log
N08	r3	cplxL2	18	0.22419724629825105	14–15	vdw	0.841728–0.894951	std_analysis.json overlap_adj(=O[i,i+1] · MBAR 전량) · λ = pass1 md.log
N08	r4	cplxL2	18	0.2243652065218692	14–15	vdw	0.841728–0.894951	std_analysis.json overlap_adj(=O[i,i+1] · MBAR 전량) · λ = pass1 md.log
N08	r5	cplxL2	18	0.22584286080695823	14–15	vdw	0.841728–0.894951	std_analysis.json overlap_adj(=O[i,i+1] · MBAR 전량) · λ = pass1 md.log
N08	r1	cplxL3	19	0.23611870453325864	4–5	coul	0.261486–0.327753	std_analysis.json overlap_adj(=O[i,i+1] · MBAR 전량) · λ = pass1 md.log
N08	r3	cplxL3	19	0.23505013333190142	3–4	coul	0.193025–0.261486	std_analysis.json overlap_adj(=O[i,i+1] · MBAR 전량) · λ = pass1 md.log
N08	r4	cplxL3	19	0.23387970199481367	4–5	coul	0.261486–0.327753	std_analysis.json overlap_adj(=O[i,i+1] · MBAR 전량) · λ = pass1 md.log
N08	r5	cplxL3	19	0.2352098399925634	4–5	coul	0.261486–0.327753	std_analysis.json overlap_adj(=O[i,i+1] · MBAR 전량) · λ = pass1 md.log
N08	r1	solvL1	17	0.2341292402655806	3–4	coul	0.174154–0.238053	std_analysis.json overlap_adj(=O[i,i+1] · MBAR 전량) · λ = pass1 md.log
N08	r2	solvL1	17	0.23466993535027467	8–9	coul	0.494271–0.56134	std_analysis.json overlap_adj(=O[i,i+1] · MBAR 전량) · λ = pass1 md.log
N08	r3	solvL1	17	0.23548898877685467	3–4	coul	0.174154–0.238053	std_analysis.json overlap_adj(=O[i,i+1] · MBAR 전량) · λ = pass1 md.log
N08	r4	solvL1	17	0.23434564602015556	3–4	coul	0.174154–0.238053	std_analysis.json overlap_adj(=O[i,i+1] · MBAR 전량) · λ = pass1 md.log
N08	r5	solvL1	17	0.23503525482787269	3–4	coul	0.174154–0.238053	std_analysis.json overlap_adj(=O[i,i+1] · MBAR 전량) · λ = pass1 md.log
N08	r1	solvL2	17	0.23408645412026707	7–8	vdw	0.431732–0.492537	std_analysis.json overlap_adj(=O[i,i+1] · MBAR 전량) · λ = pass1 md.log
N08	r2	solvL2	17	0.23392126118814835	4–5	vdw	0.247901–0.309411	std_analysis.json overlap_adj(=O[i,i+1] · MBAR 전량) · λ = pass1 md.log
N08	r3	solvL2	17	0.23408972657512248	3–4	vdw	0.186188–0.247901	std_analysis.json overlap_adj(=O[i,i+1] · MBAR 전량) · λ = pass1 md.log
N08	r4	solvL2	17	0.23472647577722547	4–5	vdw	0.247901–0.309411	std_analysis.json overlap_adj(=O[i,i+1] · MBAR 전량) · λ = pass1 md.log
N08	r5	solvL2	17	0.2349154145361354	9–10	vdw	0.552915–0.613021	std_analysis.json overlap_adj(=O[i,i+1] · MBAR 전량) · λ = pass1 md.log
N08	r1	solvL3	20	0.23077272016875927	11–12	coul	0.635745–0.681343	std_analysis.json overlap_adj(=O[i,i+1] · MBAR 전량) · λ = pass1 md.log
N08	r2	solvL3	20	0.23133458171010962	12–13	coul	0.681343–0.725026	std_analysis.json overlap_adj(=O[i,i+1] · MBAR 전량) · λ = pass1 md.log
N08	r3	solvL3	20	0.2306127729377251	11–12	coul	0.635745–0.681343	std_analysis.json overlap_adj(=O[i,i+1] · MBAR 전량) · λ = pass1 md.log
N08	r4	solvL3	20	0.2311185906076471	12–13	coul	0.681343–0.725026	std_analysis.json overlap_adj(=O[i,i+1] · MBAR 전량) · λ = pass1 md.log
N08	r5	solvL3	20	0.23075647500065272	11–12	coul	0.635745–0.681343	std_analysis.json overlap_adj(=O[i,i+1] · MBAR 전량) · λ = pass1 md.log
N09	r1	cplxL1	6	0.22914099529506007	1–2	coul	0.114124–0.23496	std_analysis.json overlap_adj(=O[i,i+1] · MBAR 전량) · λ = pass1 md.log
N09	r2	cplxL1	6	0.22931552175502978	3–4	coul	0.434618–0.773132	std_analysis.json overlap_adj(=O[i,i+1] · MBAR 전량) · λ = pass1 md.log
N09	r3	cplxL1	6	0.23236622056831094	1–2	coul	0.114124–0.23496	std_analysis.json overlap_adj(=O[i,i+1] · MBAR 전량) · λ = pass1 md.log
N09	r4	cplxL1	6	0.22845062373078293	3–4	coul	0.434618–0.773132	std_analysis.json overlap_adj(=O[i,i+1] · MBAR 전량) · λ = pass1 md.log
N09	r5	cplxL1	6	0.21457737496103024	3–4	coul	0.434618–0.773132	std_analysis.json overlap_adj(=O[i,i+1] · MBAR 전량) · λ = pass1 md.log
N09	r1	cplxL2	15	0.2168345409189653	10–11	vdw	0.727493–0.805009	std_analysis.json overlap_adj(=O[i,i+1] · MBAR 전량) · λ = pass1 md.log
N09	r2	cplxL2	15	0.21582417587260705	10–11	vdw	0.727493–0.805009	std_analysis.json overlap_adj(=O[i,i+1] · MBAR 전량) · λ = pass1 md.log
N09	r3	cplxL2	15	0.21605462151398358	10–11	vdw	0.727493–0.805009	std_analysis.json overlap_adj(=O[i,i+1] · MBAR 전량) · λ = pass1 md.log
N09	r4	cplxL2	15	0.2180756152553252	6–7	vdw	0.454437–0.521313	std_analysis.json overlap_adj(=O[i,i+1] · MBAR 전량) · λ = pass1 md.log
N09	r5	cplxL2	15	0.2138914395285462	10–11	vdw	0.727493–0.805009	std_analysis.json overlap_adj(=O[i,i+1] · MBAR 전량) · λ = pass1 md.log
N09	r1	cplxL3	3	0.3188395174425999	1–2	coul	0.527454–1	std_analysis.json overlap_adj(=O[i,i+1] · MBAR 전량) · λ = pass1 md.log
N09	r2	cplxL3	3	0.3039681157958301	0–1	coul	0–0.527454	std_analysis.json overlap_adj(=O[i,i+1] · MBAR 전량) · λ = pass1 md.log
N09	r3	cplxL3	3	0.3186201572826755	1–2	coul	0.527454–1	std_analysis.json overlap_adj(=O[i,i+1] · MBAR 전량) · λ = pass1 md.log
N09	r4	cplxL3	3	0.29712801328731153	1–2	coul	0.527454–1	std_analysis.json overlap_adj(=O[i,i+1] · MBAR 전량) · λ = pass1 md.log
N09	r5	cplxL3	3	0.3124685723218183	0–1	coul	0–0.527454	std_analysis.json overlap_adj(=O[i,i+1] · MBAR 전량) · λ = pass1 md.log
N09	r1	solvL1	6	0.22131817955669858	2–3	coul	0.35416–0.607788	std_analysis.json overlap_adj(=O[i,i+1] · MBAR 전량) · λ = pass1 md.log
N09	r2	solvL1	6	0.22510557070873918	2–3	coul	0.35416–0.607788	std_analysis.json overlap_adj(=O[i,i+1] · MBAR 전량) · λ = pass1 md.log
N09	r3	solvL1	6	0.22266028525591247	2–3	coul	0.35416–0.607788	std_analysis.json overlap_adj(=O[i,i+1] · MBAR 전량) · λ = pass1 md.log
N09	r4	solvL1	6	0.22369048938595296	2–3	coul	0.35416–0.607788	std_analysis.json overlap_adj(=O[i,i+1] · MBAR 전량) · λ = pass1 md.log
N09	r5	solvL1	6	0.22341718602534322	2–3	coul	0.35416–0.607788	std_analysis.json overlap_adj(=O[i,i+1] · MBAR 전량) · λ = pass1 md.log
N09	r1	solvL2	14	0.2237128471881299	7–8	vdw	0.526587–0.610614	std_analysis.json overlap_adj(=O[i,i+1] · MBAR 전량) · λ = pass1 md.log
N09	r2	solvL2	14	0.2210582160502517	7–8	vdw	0.526587–0.610614	std_analysis.json overlap_adj(=O[i,i+1] · MBAR 전량) · λ = pass1 md.log
N09	r3	solvL2	14	0.22109266692766857	7–8	vdw	0.526587–0.610614	std_analysis.json overlap_adj(=O[i,i+1] · MBAR 전량) · λ = pass1 md.log
N09	r4	solvL2	14	0.22161787999633015	7–8	vdw	0.526587–0.610614	std_analysis.json overlap_adj(=O[i,i+1] · MBAR 전량) · λ = pass1 md.log
N09	r5	solvL2	14	0.22255897661441743	7–8	vdw	0.526587–0.610614	std_analysis.json overlap_adj(=O[i,i+1] · MBAR 전량) · λ = pass1 md.log
N09	r1	solvL3	5	0.2266796493591848	2–3	coul	0.490349–0.74924	std_analysis.json overlap_adj(=O[i,i+1] · MBAR 전량) · λ = pass1 md.log
N09	r2	solvL3	5	0.2248368209713403	2–3	coul	0.490349–0.74924	std_analysis.json overlap_adj(=O[i,i+1] · MBAR 전량) · λ = pass1 md.log
N09	r3	solvL3	5	0.2250302367660048	2–3	coul	0.490349–0.74924	std_analysis.json overlap_adj(=O[i,i+1] · MBAR 전량) · λ = pass1 md.log
N09	r4	solvL3	5	0.22546329973627913	2–3	coul	0.490349–0.74924	std_analysis.json overlap_adj(=O[i,i+1] · MBAR 전량) · λ = pass1 md.log
N09	r5	solvL3	5	0.22609845284077992	2–3	coul	0.490349–0.74924	std_analysis.json overlap_adj(=O[i,i+1] · MBAR 전량) · λ = pass1 md.log
N10	r1	cplxL1	5	0.22183623561117768	1–2	coul	0.220356–0.419884	std_analysis.json overlap_adj(=O[i,i+1] · MBAR 전량) · λ = pass1 md.log
N10	r2	cplxL1	5	0.21758326212967416	1–2	coul	0.220356–0.419884	std_analysis.json overlap_adj(=O[i,i+1] · MBAR 전량) · λ = pass1 md.log
N10	r3	cplxL1	5	0.2259243692248372	1–2	coul	0.220356–0.419884	std_analysis.json overlap_adj(=O[i,i+1] · MBAR 전량) · λ = pass1 md.log
N10	r4	cplxL1	5	0.21873877124726135	1–2	coul	0.220356–0.419884	std_analysis.json overlap_adj(=O[i,i+1] · MBAR 전량) · λ = pass1 md.log
N10	r5	cplxL1	5	0.21629661467612504	1–2	coul	0.220356–0.419884	std_analysis.json overlap_adj(=O[i,i+1] · MBAR 전량) · λ = pass1 md.log
N10	r1	cplxL2	7	0.17983234747032953	2–3	vdw	0.409739–0.588218	std_analysis.json overlap_adj(=O[i,i+1] · MBAR 전량) · λ = pass1 md.log
N10	r2	cplxL2	7	0.1802891277855942	2–3	vdw	0.409739–0.588218	std_analysis.json overlap_adj(=O[i,i+1] · MBAR 전량) · λ = pass1 md.log
N10	r3	cplxL2	7	0.18411557213581745	2–3	vdw	0.409739–0.588218	std_analysis.json overlap_adj(=O[i,i+1] · MBAR 전량) · λ = pass1 md.log
N10	r4	cplxL2	7	0.18556023609313058	2–3	vdw	0.409739–0.588218	std_analysis.json overlap_adj(=O[i,i+1] · MBAR 전량) · λ = pass1 md.log
N10	r5	cplxL2	7	0.17978033553762177	2–3	vdw	0.409739–0.588218	std_analysis.json overlap_adj(=O[i,i+1] · MBAR 전량) · λ = pass1 md.log
N10	r1	cplxL3	5	0.2144295209416145	2–3	coul	0.576512–0.787333	std_analysis.json overlap_adj(=O[i,i+1] · MBAR 전량) · λ = pass1 md.log
N10	r2	cplxL3	5	0.19817579957494086	2–3	coul	0.576512–0.787333	std_analysis.json overlap_adj(=O[i,i+1] · MBAR 전량) · λ = pass1 md.log
N10	r3	cplxL3	5	0.21996079476440056	2–3	coul	0.576512–0.787333	std_analysis.json overlap_adj(=O[i,i+1] · MBAR 전량) · λ = pass1 md.log
N10	r4	cplxL3	5	0.21894882901448026	1–2	coul	0.327055–0.576512	std_analysis.json overlap_adj(=O[i,i+1] · MBAR 전량) · λ = pass1 md.log
N10	r5	cplxL3	5	0.19577407534911792	2–3	coul	0.576512–0.787333	std_analysis.json overlap_adj(=O[i,i+1] · MBAR 전량) · λ = pass1 md.log
N10	r1	solvL1	5	0.2296871190589606	1–2	coul	0.224654–0.470919	std_analysis.json overlap_adj(=O[i,i+1] · MBAR 전량) · λ = pass1 md.log
N10	r2	solvL1	5	0.22858654525115293	1–2	coul	0.224654–0.470919	std_analysis.json overlap_adj(=O[i,i+1] · MBAR 전량) · λ = pass1 md.log
N10	r3	solvL1	5	0.22892605291365337	1–2	coul	0.224654–0.470919	std_analysis.json overlap_adj(=O[i,i+1] · MBAR 전량) · λ = pass1 md.log
N10	r4	solvL1	5	0.2273814219524679	1–2	coul	0.224654–0.470919	std_analysis.json overlap_adj(=O[i,i+1] · MBAR 전량) · λ = pass1 md.log
N10	r5	solvL1	5	0.22942346036782008	1–2	coul	0.224654–0.470919	std_analysis.json overlap_adj(=O[i,i+1] · MBAR 전량) · λ = pass1 md.log
N10	r1	solvL2	6	0.21018662035964475	2–3	vdw	0.3594–0.551398	std_analysis.json overlap_adj(=O[i,i+1] · MBAR 전량) · λ = pass1 md.log
N10	r2	solvL2	6	0.20847145449269344	2–3	vdw	0.3594–0.551398	std_analysis.json overlap_adj(=O[i,i+1] · MBAR 전량) · λ = pass1 md.log
N10	r3	solvL2	6	0.2102229768410524	2–3	vdw	0.3594–0.551398	std_analysis.json overlap_adj(=O[i,i+1] · MBAR 전량) · λ = pass1 md.log
N10	r4	solvL2	6	0.2070567405889996	2–3	vdw	0.3594–0.551398	std_analysis.json overlap_adj(=O[i,i+1] · MBAR 전량) · λ = pass1 md.log
N10	r5	solvL2	6	0.20709778023420838	2–3	vdw	0.3594–0.551398	std_analysis.json overlap_adj(=O[i,i+1] · MBAR 전량) · λ = pass1 md.log
N10	r1	solvL3	5	0.23651573172997487	2–3	coul	0.577704–0.800072	std_analysis.json overlap_adj(=O[i,i+1] · MBAR 전량) · λ = pass1 md.log
N10	r2	solvL3	5	0.23750823283264877	2–3	coul	0.577704–0.800072	std_analysis.json overlap_adj(=O[i,i+1] · MBAR 전량) · λ = pass1 md.log
N10	r3	solvL3	5	0.23802338972445822	2–3	coul	0.577704–0.800072	std_analysis.json overlap_adj(=O[i,i+1] · MBAR 전량) · λ = pass1 md.log
N10	r4	solvL3	5	0.24002235950966874	2–3	coul	0.577704–0.800072	std_analysis.json overlap_adj(=O[i,i+1] · MBAR 전량) · λ = pass1 md.log
N10	r5	solvL3	5	0.239767970692315	2–3	coul	0.577704–0.800072	std_analysis.json overlap_adj(=O[i,i+1] · MBAR 전량) · λ = pass1 md.log
N11	r1	cplxL1	12	0.2222076815880606	4–5	coul	0.369809–0.476851	std_analysis.json overlap_adj(=O[i,i+1] · MBAR 전량) · λ = pass1 md.log
N11	r2	cplxL1	12	0.22133595877232756	4–5	coul	0.369809–0.476851	std_analysis.json overlap_adj(=O[i,i+1] · MBAR 전량) · λ = pass1 md.log
N11	r3	cplxL1	12	0.2250774841006917	4–5	coul	0.369809–0.476851	std_analysis.json overlap_adj(=O[i,i+1] · MBAR 전량) · λ = pass1 md.log
N11	r4	cplxL1	12	0.22583132721893814	4–5	coul	0.369809–0.476851	std_analysis.json overlap_adj(=O[i,i+1] · MBAR 전량) · λ = pass1 md.log
N11	r5	cplxL1	12	0.22147239083681095	3–4	coul	0.267036–0.369809	std_analysis.json overlap_adj(=O[i,i+1] · MBAR 전량) · λ = pass1 md.log
N11	r1	cplxL2	13	0.21534167332601306	9–10	vdw	0.748184–0.823904	std_analysis.json overlap_adj(=O[i,i+1] · MBAR 전량) · λ = pass1 md.log
N11	r2	cplxL2	13	0.21970556046882436	7–8	vdw	0.590576–0.672865	std_analysis.json overlap_adj(=O[i,i+1] · MBAR 전량) · λ = pass1 md.log
N11	r3	cplxL2	13	0.21820271607797187	6–7	vdw	0.503413–0.590576	std_analysis.json overlap_adj(=O[i,i+1] · MBAR 전량) · λ = pass1 md.log
N11	r4	cplxL2	13	0.2117681388294535	7–8	vdw	0.590576–0.672865	std_analysis.json overlap_adj(=O[i,i+1] · MBAR 전량) · λ = pass1 md.log
N11	r5	cplxL2	13	0.2131655079113508	9–10	vdw	0.748184–0.823904	std_analysis.json overlap_adj(=O[i,i+1] · MBAR 전량) · λ = pass1 md.log
N11	r1	cplxL3	15	0.19675872208080758	9–10	coul	0.644167–0.716015	std_analysis.json overlap_adj(=O[i,i+1] · MBAR 전량) · λ = pass1 md.log
N11	r2	cplxL3	15	0.11067045969435402	10–11	coul	0.716015–0.784192	std_analysis.json overlap_adj(=O[i,i+1] · MBAR 전량) · λ = pass1 md.log
N11	r3	cplxL3	15	0.169767934957159	9–10	coul	0.644167–0.716015	std_analysis.json overlap_adj(=O[i,i+1] · MBAR 전량) · λ = pass1 md.log
N11	r4	cplxL3	15	0.1607588955980249	13–14	coul	0.926249–1	std_analysis.json overlap_adj(=O[i,i+1] · MBAR 전량) · λ = pass1 md.log
N11	r5	cplxL3	15	0.18628488302912558	10–11	coul	0.716015–0.784192	std_analysis.json overlap_adj(=O[i,i+1] · MBAR 전량) · λ = pass1 md.log
N11	r1	solvL1	14	0.23157025674525147	4–5	coul	0.274365–0.356087	std_analysis.json overlap_adj(=O[i,i+1] · MBAR 전량) · λ = pass1 md.log
N11	r2	solvL1	14	0.22873845654425923	4–5	coul	0.274365–0.356087	std_analysis.json overlap_adj(=O[i,i+1] · MBAR 전량) · λ = pass1 md.log
N11	r3	solvL1	14	0.22964053910257204	4–5	coul	0.274365–0.356087	std_analysis.json overlap_adj(=O[i,i+1] · MBAR 전량) · λ = pass1 md.log
N11	r4	solvL1	14	0.23085701437094605	4–5	coul	0.274365–0.356087	std_analysis.json overlap_adj(=O[i,i+1] · MBAR 전량) · λ = pass1 md.log
N11	r5	solvL1	14	0.22984102458829028	4–5	coul	0.274365–0.356087	std_analysis.json overlap_adj(=O[i,i+1] · MBAR 전량) · λ = pass1 md.log
N11	r1	solvL2	12	0.2131439359194793	8–9	vdw	0.704866–0.815935	std_analysis.json overlap_adj(=O[i,i+1] · MBAR 전량) · λ = pass1 md.log
N11	r2	solvL2	12	0.212981754907317	8–9	vdw	0.704866–0.815935	std_analysis.json overlap_adj(=O[i,i+1] · MBAR 전량) · λ = pass1 md.log
N11	r3	solvL2	12	0.21143221157475273	8–9	vdw	0.704866–0.815935	std_analysis.json overlap_adj(=O[i,i+1] · MBAR 전량) · λ = pass1 md.log
N11	r4	solvL2	12	0.2122244317493677	8–9	vdw	0.704866–0.815935	std_analysis.json overlap_adj(=O[i,i+1] · MBAR 전량) · λ = pass1 md.log
N11	r5	solvL2	12	0.2128790263117661	8–9	vdw	0.704866–0.815935	std_analysis.json overlap_adj(=O[i,i+1] · MBAR 전량) · λ = pass1 md.log
N11	r1	solvL3	21	0.2318808561068532	5–6	coul	0.251867–0.305917	std_analysis.json overlap_adj(=O[i,i+1] · MBAR 전량) · λ = pass1 md.log
N11	r2	solvL3	21	0.23249256826317755	4–5	coul	0.197466–0.251867	std_analysis.json overlap_adj(=O[i,i+1] · MBAR 전량) · λ = pass1 md.log
N11	r3	solvL3	21	0.23184404834802128	9–10	coul	0.451516–0.498415	std_analysis.json overlap_adj(=O[i,i+1] · MBAR 전량) · λ = pass1 md.log
N11	r4	solvL3	21	0.23150143593714428	4–5	coul	0.197466–0.251867	std_analysis.json overlap_adj(=O[i,i+1] · MBAR 전량) · λ = pass1 md.log
N11	r5	solvL3	21	0.23251432493044452	5–6	coul	0.251867–0.305917	std_analysis.json overlap_adj(=O[i,i+1] · MBAR 전량) · λ = pass1 md.log
N12	r1	cplxL1	4	0.19884745567417383	0–1	coul	0–0.304184	std_analysis.json overlap_adj(=O[i,i+1] · MBAR 전량) · λ = pass1 md.log
N12	r2	cplxL1	4	0.1995089229472399	0–1	coul	0–0.304184	std_analysis.json overlap_adj(=O[i,i+1] · MBAR 전량) · λ = pass1 md.log
N12	r3	cplxL1	4	0.25173646170569797	1–2	coul	0.304184–0.650489	std_analysis.json overlap_adj(=O[i,i+1] · MBAR 전량) · λ = pass1 md.log
N12	r4	cplxL1	4	0.23716477981190445	1–2	coul	0.304184–0.650489	std_analysis.json overlap_adj(=O[i,i+1] · MBAR 전량) · λ = pass1 md.log
N12	r5	cplxL1	4	0.25416437436462114	1–2	coul	0.304184–0.650489	std_analysis.json overlap_adj(=O[i,i+1] · MBAR 전량) · λ = pass1 md.log
N12	r1	cplxL2	8	0.20993120759364628	4–5	vdw	0.684038–0.801037	std_analysis.json overlap_adj(=O[i,i+1] · MBAR 전량) · λ = pass1 md.log
N12	r2	cplxL2	8	0.21728386623375656	4–5	vdw	0.684038–0.801037	std_analysis.json overlap_adj(=O[i,i+1] · MBAR 전량) · λ = pass1 md.log
N12	r3	cplxL2	8	0.2172825061528147	3–4	vdw	0.544485–0.684038	std_analysis.json overlap_adj(=O[i,i+1] · MBAR 전량) · λ = pass1 md.log
N12	r4	cplxL2	8	0.21870197695329935	2–3	vdw	0.370663–0.544485	std_analysis.json overlap_adj(=O[i,i+1] · MBAR 전량) · λ = pass1 md.log
N12	r5	cplxL2	8	0.2172065011301477	2–3	vdw	0.370663–0.544485	std_analysis.json overlap_adj(=O[i,i+1] · MBAR 전량) · λ = pass1 md.log
N12	r1	cplxL3	4	0.25355848635415795	0–1	coul	0–0.379561	std_analysis.json overlap_adj(=O[i,i+1] · MBAR 전량) · λ = pass1 md.log
N12	r2	cplxL3	4	0.24361844345028963	0–1	coul	0–0.379561	std_analysis.json overlap_adj(=O[i,i+1] · MBAR 전량) · λ = pass1 md.log
N12	r3	cplxL3	4	0.2597201911161977	1–2	coul	0.379561–0.693856	std_analysis.json overlap_adj(=O[i,i+1] · MBAR 전량) · λ = pass1 md.log
N12	r4	cplxL3	4	0.2300454915501743	0–1	coul	0–0.379561	std_analysis.json overlap_adj(=O[i,i+1] · MBAR 전량) · λ = pass1 md.log
N12	r5	cplxL3	4	0.2306148856348012	0–1	coul	0–0.379561	std_analysis.json overlap_adj(=O[i,i+1] · MBAR 전량) · λ = pass1 md.log
N12	r1	solvL1	5	0.23871213740670794	2–3	coul	0.458323–0.748377	std_analysis.json overlap_adj(=O[i,i+1] · MBAR 전량) · λ = pass1 md.log
N12	r2	solvL1	5	0.2342952455153701	2–3	coul	0.458323–0.748377	std_analysis.json overlap_adj(=O[i,i+1] · MBAR 전량) · λ = pass1 md.log
N12	r3	solvL1	5	0.23396604711206312	2–3	coul	0.458323–0.748377	std_analysis.json overlap_adj(=O[i,i+1] · MBAR 전량) · λ = pass1 md.log
N12	r4	solvL1	5	0.23474037436340273	2–3	coul	0.458323–0.748377	std_analysis.json overlap_adj(=O[i,i+1] · MBAR 전량) · λ = pass1 md.log
N12	r5	solvL1	5	0.23621319866775242	2–3	coul	0.458323–0.748377	std_analysis.json overlap_adj(=O[i,i+1] · MBAR 전량) · λ = pass1 md.log
N12	r1	solvL2	8	0.20750251539200965	4–5	vdw	0.711862–0.831139	std_analysis.json overlap_adj(=O[i,i+1] · MBAR 전량) · λ = pass1 md.log
N12	r2	solvL2	8	0.20747068695245474	4–5	vdw	0.711862–0.831139	std_analysis.json overlap_adj(=O[i,i+1] · MBAR 전량) · λ = pass1 md.log
N12	r3	solvL2	8	0.20811634608633736	4–5	vdw	0.711862–0.831139	std_analysis.json overlap_adj(=O[i,i+1] · MBAR 전량) · λ = pass1 md.log
N12	r4	solvL2	8	0.20661858380672837	4–5	vdw	0.711862–0.831139	std_analysis.json overlap_adj(=O[i,i+1] · MBAR 전량) · λ = pass1 md.log
N12	r5	solvL2	8	0.2061670182654927	4–5	vdw	0.711862–0.831139	std_analysis.json overlap_adj(=O[i,i+1] · MBAR 전량) · λ = pass1 md.log
N12	r1	solvL3	5	0.22683571277973724	2–3	coul	0.505166–0.766914	std_analysis.json overlap_adj(=O[i,i+1] · MBAR 전량) · λ = pass1 md.log
N12	r2	solvL3	5	0.22776924024719375	2–3	coul	0.505166–0.766914	std_analysis.json overlap_adj(=O[i,i+1] · MBAR 전량) · λ = pass1 md.log
N12	r3	solvL3	5	0.2263859332054785	2–3	coul	0.505166–0.766914	std_analysis.json overlap_adj(=O[i,i+1] · MBAR 전량) · λ = pass1 md.log
N12	r4	solvL3	5	0.22553418181036033	2–3	coul	0.505166–0.766914	std_analysis.json overlap_adj(=O[i,i+1] · MBAR 전량) · λ = pass1 md.log
N12	r5	solvL3	5	0.22730434597746452	2–3	coul	0.505166–0.766914	std_analysis.json overlap_adj(=O[i,i+1] · MBAR 전량) · λ = pass1 md.log
N13	r1	cplxL1	10	0.22785432599620306	3–4	coul	0.2919–0.400882	std_analysis.json overlap_adj(=O[i,i+1] · MBAR 전량) · λ = pass1 md.log
N13	r2	cplxL1	10	0.2277072471467126	3–4	coul	0.2919–0.400882	std_analysis.json overlap_adj(=O[i,i+1] · MBAR 전량) · λ = pass1 md.log
N13	r3	cplxL1	10	0.22673729586355945	3–4	coul	0.2919–0.400882	std_analysis.json overlap_adj(=O[i,i+1] · MBAR 전량) · λ = pass1 md.log
N13	r4	cplxL1	10	0.2277286462832942	3–4	coul	0.2919–0.400882	std_analysis.json overlap_adj(=O[i,i+1] · MBAR 전량) · λ = pass1 md.log
N13	r5	cplxL1	10	0.2225051372942258	3–4	coul	0.2919–0.400882	std_analysis.json overlap_adj(=O[i,i+1] · MBAR 전량) · λ = pass1 md.log
N13	r1	cplxL2	17	0.22624842118867827	4–5	vdw	0.292726–0.359195	std_analysis.json overlap_adj(=O[i,i+1] · MBAR 전량) · λ = pass1 md.log
N13	r2	cplxL2	17	0.22657120123219443	4–5	vdw	0.292726–0.359195	std_analysis.json overlap_adj(=O[i,i+1] · MBAR 전량) · λ = pass1 md.log
N13	r3	cplxL2	17	0.22635675528835822	5–6	vdw	0.359195–0.426001	std_analysis.json overlap_adj(=O[i,i+1] · MBAR 전량) · λ = pass1 md.log
N13	r4	cplxL2	17	0.22525326576594254	4–5	vdw	0.292726–0.359195	std_analysis.json overlap_adj(=O[i,i+1] · MBAR 전량) · λ = pass1 md.log
N13	r5	cplxL2	17	0.22716005135650044	4–5	vdw	0.292726–0.359195	std_analysis.json overlap_adj(=O[i,i+1] · MBAR 전량) · λ = pass1 md.log
N13	r1	cplxL3	10	0.22548308990290314	2–3	coul	0.16814–0.306748	std_analysis.json overlap_adj(=O[i,i+1] · MBAR 전량) · λ = pass1 md.log
N13	r2	cplxL3	10	0.22475851799586502	2–3	coul	0.16814–0.306748	std_analysis.json overlap_adj(=O[i,i+1] · MBAR 전량) · λ = pass1 md.log
N13	r3	cplxL3	10	0.21802084665799215	2–3	coul	0.16814–0.306748	std_analysis.json overlap_adj(=O[i,i+1] · MBAR 전량) · λ = pass1 md.log
N13	r4	cplxL3	10	0.22303524201580208	2–3	coul	0.16814–0.306748	std_analysis.json overlap_adj(=O[i,i+1] · MBAR 전량) · λ = pass1 md.log
N13	r5	cplxL3	10	0.22070638901455342	2–3	coul	0.16814–0.306748	std_analysis.json overlap_adj(=O[i,i+1] · MBAR 전량) · λ = pass1 md.log
N13	r1	solvL1	12	0.23119239496789137	2–3	coul	0.1648–0.247683	std_analysis.json overlap_adj(=O[i,i+1] · MBAR 전량) · λ = pass1 md.log
N13	r2	solvL1	12	0.23260378667498496	2–3	coul	0.1648–0.247683	std_analysis.json overlap_adj(=O[i,i+1] · MBAR 전량) · λ = pass1 md.log
N13	r3	solvL1	12	0.23214734943915166	2–3	coul	0.1648–0.247683	std_analysis.json overlap_adj(=O[i,i+1] · MBAR 전량) · λ = pass1 md.log
N13	r4	solvL1	12	0.23218794691268116	2–3	coul	0.1648–0.247683	std_analysis.json overlap_adj(=O[i,i+1] · MBAR 전량) · λ = pass1 md.log
N13	r5	solvL1	12	0.2320618633883995	2–3	coul	0.1648–0.247683	std_analysis.json overlap_adj(=O[i,i+1] · MBAR 전량) · λ = pass1 md.log
N13	r1	solvL2	16	0.2330886783670227	10–11	vdw	0.725464–0.786301	std_analysis.json overlap_adj(=O[i,i+1] · MBAR 전량) · λ = pass1 md.log
N13	r2	solvL2	16	0.23361618933131292	9–10	vdw	0.662679–0.725464	std_analysis.json overlap_adj(=O[i,i+1] · MBAR 전량) · λ = pass1 md.log
N13	r3	solvL2	16	0.23340631712650128	10–11	vdw	0.725464–0.786301	std_analysis.json overlap_adj(=O[i,i+1] · MBAR 전량) · λ = pass1 md.log
N13	r4	solvL2	16	0.2326439779969029	12–13	vdw	0.843917–0.898316	std_analysis.json overlap_adj(=O[i,i+1] · MBAR 전량) · λ = pass1 md.log
N13	r5	solvL2	16	0.23321009367476642	3–4	vdw	0.243976–0.323908	std_analysis.json overlap_adj(=O[i,i+1] · MBAR 전량) · λ = pass1 md.log
N13	r1	solvL3	12	0.2307763408059262	3–4	coul	0.219209–0.317593	std_analysis.json overlap_adj(=O[i,i+1] · MBAR 전량) · λ = pass1 md.log
N13	r2	solvL3	12	0.22916785661739927	3–4	coul	0.219209–0.317593	std_analysis.json overlap_adj(=O[i,i+1] · MBAR 전량) · λ = pass1 md.log
N13	r3	solvL3	12	0.229242840063353	3–4	coul	0.219209–0.317593	std_analysis.json overlap_adj(=O[i,i+1] · MBAR 전량) · λ = pass1 md.log
N13	r4	solvL3	12	0.2308380880247348	3–4	coul	0.219209–0.317593	std_analysis.json overlap_adj(=O[i,i+1] · MBAR 전량) · λ = pass1 md.log
N13	r5	solvL3	12	0.23120828588592202	3–4	coul	0.219209–0.317593	std_analysis.json overlap_adj(=O[i,i+1] · MBAR 전량) · λ = pass1 md.log
N14	r1	cplxL1	13	0.22600698801860833	9–10	coul	0.737731–0.828622	std_analysis.json overlap_adj(=O[i,i+1] · MBAR 전량) · λ = pass1 md.log
N14	r2	cplxL1	13	0.22766027366294195	9–10	coul	0.737731–0.828622	std_analysis.json overlap_adj(=O[i,i+1] · MBAR 전량) · λ = pass1 md.log
N14	r3	cplxL1	13	0.23164250238358722	1–2	coul	0.091026–0.179752	std_analysis.json overlap_adj(=O[i,i+1] · MBAR 전량) · λ = pass1 md.log
N14	r4	cplxL1	13	0.23166993461463825	9–10	coul	0.737731–0.828622	std_analysis.json overlap_adj(=O[i,i+1] · MBAR 전량) · λ = pass1 md.log
N14	r5	cplxL1	13	0.2307250411181617	9–10	coul	0.737731–0.828622	std_analysis.json overlap_adj(=O[i,i+1] · MBAR 전량) · λ = pass1 md.log
N14	r1	cplxL2	14	0.21960647191797633	5–6	vdw	0.403396–0.492011	std_analysis.json overlap_adj(=O[i,i+1] · MBAR 전량) · λ = pass1 md.log
N14	r2	cplxL2	14	0.2244716808117883	5–6	vdw	0.403396–0.492011	std_analysis.json overlap_adj(=O[i,i+1] · MBAR 전량) · λ = pass1 md.log
N14	r3	cplxL2	14	0.2169792987804527	5–6	vdw	0.403396–0.492011	std_analysis.json overlap_adj(=O[i,i+1] · MBAR 전량) · λ = pass1 md.log
N14	r4	cplxL2	14	0.22250661441804703	5–6	vdw	0.403396–0.492011	std_analysis.json overlap_adj(=O[i,i+1] · MBAR 전량) · λ = pass1 md.log
N14	r5	cplxL2	14	0.21908423321829754	5–6	vdw	0.403396–0.492011	std_analysis.json overlap_adj(=O[i,i+1] · MBAR 전량) · λ = pass1 md.log
N14	r1	cplxL3	15	0.19734433493195022	8–9	coul	0.510892–0.601368	std_analysis.json overlap_adj(=O[i,i+1] · MBAR 전량) · λ = pass1 md.log
N14	r2	cplxL3	15	0.18188177998578015	10–11	coul	0.692206–0.778459	std_analysis.json overlap_adj(=O[i,i+1] · MBAR 전량) · λ = pass1 md.log
N14	r3	cplxL3	15	0.16672412812065726	11–12	coul	0.778459–0.858252	std_analysis.json overlap_adj(=O[i,i+1] · MBAR 전량) · λ = pass1 md.log
N14	r4	cplxL3	15	0.14673942621928487	8–9	coul	0.510892–0.601368	std_analysis.json overlap_adj(=O[i,i+1] · MBAR 전량) · λ = pass1 md.log
N14	r5	cplxL3	15	0.15632114874595546	12–13	coul	0.858252–0.931449	std_analysis.json overlap_adj(=O[i,i+1] · MBAR 전량) · λ = pass1 md.log
N14	r1	solvL1	15	0.23044652952984596	2–3	coul	0.125492–0.198974	std_analysis.json overlap_adj(=O[i,i+1] · MBAR 전량) · λ = pass1 md.log
N14	r2	solvL1	15	0.23067011817206673	2–3	coul	0.125492–0.198974	std_analysis.json overlap_adj(=O[i,i+1] · MBAR 전량) · λ = pass1 md.log
N14	r3	solvL1	15	0.230347196116334	11–12	coul	0.789236–0.866858	std_analysis.json overlap_adj(=O[i,i+1] · MBAR 전량) · λ = pass1 md.log
N14	r4	solvL1	15	0.23053256347316964	11–12	coul	0.789236–0.866858	std_analysis.json overlap_adj(=O[i,i+1] · MBAR 전량) · λ = pass1 md.log
N14	r5	solvL1	15	0.2302374292244498	11–12	coul	0.789236–0.866858	std_analysis.json overlap_adj(=O[i,i+1] · MBAR 전량) · λ = pass1 md.log
N14	r1	solvL2	16	0.21715085236195691	3–4	vdw	0.20567–0.285445	std_analysis.json overlap_adj(=O[i,i+1] · MBAR 전량) · λ = pass1 md.log
N14	r2	solvL2	16	0.2171136131014685	3–4	vdw	0.20567–0.285445	std_analysis.json overlap_adj(=O[i,i+1] · MBAR 전량) · λ = pass1 md.log
N14	r3	solvL2	16	0.2179958783060662	3–4	vdw	0.20567–0.285445	std_analysis.json overlap_adj(=O[i,i+1] · MBAR 전량) · λ = pass1 md.log
N14	r4	solvL2	16	0.2179387166015322	3–4	vdw	0.20567–0.285445	std_analysis.json overlap_adj(=O[i,i+1] · MBAR 전량) · λ = pass1 md.log
N14	r5	solvL2	16	0.21864585941715636	3–4	vdw	0.20567–0.285445	std_analysis.json overlap_adj(=O[i,i+1] · MBAR 전량) · λ = pass1 md.log
N14	r1	solvL3	20	0.23378860962273385	14–15	coul	0.776758–0.819567	std_analysis.json overlap_adj(=O[i,i+1] · MBAR 전량) · λ = pass1 md.log
N14	r2	solvL3	20	0.23215431467085626	15–16	coul	0.819567–0.863992	std_analysis.json overlap_adj(=O[i,i+1] · MBAR 전량) · λ = pass1 md.log
N14	r3	solvL3	20	0.23330179299038187	15–16	coul	0.819567–0.863992	std_analysis.json overlap_adj(=O[i,i+1] · MBAR 전량) · λ = pass1 md.log
N14	r4	solvL3	20	0.2328590246879576	11–12	coul	0.641812–0.690064	std_analysis.json overlap_adj(=O[i,i+1] · MBAR 전량) · λ = pass1 md.log
N15	r1	cplxL1	5	0.2548770882710978	1–2	coul	0.257209–0.450941	std_analysis.json overlap_adj(=O[i,i+1] · MBAR 전량) · λ = pass1 md.log
N15	r2	cplxL1	5	0.2331006315999158	1–2	coul	0.257209–0.450941	std_analysis.json overlap_adj(=O[i,i+1] · MBAR 전량) · λ = pass1 md.log
N15	r3	cplxL1	5	0.24441789542836187	1–2	coul	0.257209–0.450941	std_analysis.json overlap_adj(=O[i,i+1] · MBAR 전량) · λ = pass1 md.log
N15	r4	cplxL1	5	0.23926445693776427	0–1	coul	0–0.257209	std_analysis.json overlap_adj(=O[i,i+1] · MBAR 전량) · λ = pass1 md.log
N15	r5	cplxL1	5	0.2258038157977247	0–1	coul	0–0.257209	std_analysis.json overlap_adj(=O[i,i+1] · MBAR 전량) · λ = pass1 md.log
N15	r1	cplxL2	10	0.16634619243034324	5–6	vdw	0.712372–0.801814	std_analysis.json overlap_adj(=O[i,i+1] · MBAR 전량) · λ = pass1 md.log
N15	r2	cplxL2	10	0.17830829050610555	5–6	vdw	0.712372–0.801814	std_analysis.json overlap_adj(=O[i,i+1] · MBAR 전량) · λ = pass1 md.log
N15	r3	cplxL2	10	0.1845709279553609	5–6	vdw	0.712372–0.801814	std_analysis.json overlap_adj(=O[i,i+1] · MBAR 전량) · λ = pass1 md.log
N15	r4	cplxL2	10	0.1873157208151597	5–6	vdw	0.712372–0.801814	std_analysis.json overlap_adj(=O[i,i+1] · MBAR 전량) · λ = pass1 md.log
N15	r5	cplxL2	10	0.1697794394481385	5–6	vdw	0.712372–0.801814	std_analysis.json overlap_adj(=O[i,i+1] · MBAR 전량) · λ = pass1 md.log
N15	r1	cplxL3	3	0.3158254912919761	0–1	coul	0–0.499725	std_analysis.json overlap_adj(=O[i,i+1] · MBAR 전량) · λ = pass1 md.log
N15	r2	cplxL3	3	0.30551929577073955	0–1	coul	0–0.499725	std_analysis.json overlap_adj(=O[i,i+1] · MBAR 전량) · λ = pass1 md.log
N15	r3	cplxL3	3	0.3065856397930263	0–1	coul	0–0.499725	std_analysis.json overlap_adj(=O[i,i+1] · MBAR 전량) · λ = pass1 md.log
N15	r4	cplxL3	3	0.2812196010754006	0–1	coul	0–0.499725	std_analysis.json overlap_adj(=O[i,i+1] · MBAR 전량) · λ = pass1 md.log
N15	r5	cplxL3	3	0.31244272378490867	0–1	coul	0–0.499725	std_analysis.json overlap_adj(=O[i,i+1] · MBAR 전량) · λ = pass1 md.log
N15	r1	solvL1	5	0.24071920761853158	2–3	coul	0.456141–0.734075	std_analysis.json overlap_adj(=O[i,i+1] · MBAR 전량) · λ = pass1 md.log
N15	r2	solvL1	5	0.23982148375465404	2–3	coul	0.456141–0.734075	std_analysis.json overlap_adj(=O[i,i+1] · MBAR 전량) · λ = pass1 md.log
N15	r3	solvL1	5	0.2389880336695684	1–2	coul	0.206845–0.456141	std_analysis.json overlap_adj(=O[i,i+1] · MBAR 전량) · λ = pass1 md.log
N15	r4	solvL1	5	0.2397983132233017	2–3	coul	0.456141–0.734075	std_analysis.json overlap_adj(=O[i,i+1] · MBAR 전량) · λ = pass1 md.log
N15	r5	solvL1	5	0.24012705971085058	1–2	coul	0.206845–0.456141	std_analysis.json overlap_adj(=O[i,i+1] · MBAR 전량) · λ = pass1 md.log
N15	r1	solvL2	8	0.18227893864472972	4–5	vdw	0.643733–0.812186	std_analysis.json overlap_adj(=O[i,i+1] · MBAR 전량) · λ = pass1 md.log
N15	r2	solvL2	8	0.18176172757415426	4–5	vdw	0.643733–0.812186	std_analysis.json overlap_adj(=O[i,i+1] · MBAR 전량) · λ = pass1 md.log
N15	r3	solvL2	8	0.1820809802239413	4–5	vdw	0.643733–0.812186	std_analysis.json overlap_adj(=O[i,i+1] · MBAR 전량) · λ = pass1 md.log
N15	r4	solvL2	8	0.1813051538793711	4–5	vdw	0.643733–0.812186	std_analysis.json overlap_adj(=O[i,i+1] · MBAR 전량) · λ = pass1 md.log
N15	r5	solvL2	8	0.18064536812165186	4–5	vdw	0.643733–0.812186	std_analysis.json overlap_adj(=O[i,i+1] · MBAR 전량) · λ = pass1 md.log
N15	r1	solvL3	3	0.28442838211349064	1–2	coul	0.462191–1	std_analysis.json overlap_adj(=O[i,i+1] · MBAR 전량) · λ = pass1 md.log
N15	r2	solvL3	3	0.2850148754018039	1–2	coul	0.462191–1	std_analysis.json overlap_adj(=O[i,i+1] · MBAR 전량) · λ = pass1 md.log
N15	r3	solvL3	3	0.2839701052170906	1–2	coul	0.462191–1	std_analysis.json overlap_adj(=O[i,i+1] · MBAR 전량) · λ = pass1 md.log
N15	r4	solvL3	3	0.28549184047870646	1–2	coul	0.462191–1	std_analysis.json overlap_adj(=O[i,i+1] · MBAR 전량) · λ = pass1 md.log
N15	r5	solvL3	3	0.282988969589956	1–2	coul	0.462191–1	std_analysis.json overlap_adj(=O[i,i+1] · MBAR 전량) · λ = pass1 md.log
N16	r1	cplxL1	5	0.18463960574352523	3–4	coul	0.734014–1	std_analysis.json overlap_adj(=O[i,i+1] · MBAR 전량) · λ = pass1 md.log
N16	r2	cplxL1	5	0.1929822535406107	3–4	coul	0.734014–1	std_analysis.json overlap_adj(=O[i,i+1] · MBAR 전량) · λ = pass1 md.log
N16	r3	cplxL1	5	0.210898821234769	3–4	coul	0.734014–1	std_analysis.json overlap_adj(=O[i,i+1] · MBAR 전량) · λ = pass1 md.log
N16	r4	cplxL1	5	0.23556418724391698	1–2	coul	0.240802–0.521136	std_analysis.json overlap_adj(=O[i,i+1] · MBAR 전량) · λ = pass1 md.log
N16	r5	cplxL1	5	0.21905980281675397	3–4	coul	0.734014–1	std_analysis.json overlap_adj(=O[i,i+1] · MBAR 전량) · λ = pass1 md.log
N16	r1	cplxL2	9	0.213954765010862	4–5	vdw	0.405328–0.57276	std_analysis.json overlap_adj(=O[i,i+1] · MBAR 전량) · λ = pass1 md.log
N16	r2	cplxL2	9	0.21579707703346127	5–6	vdw	0.57276–0.749034	std_analysis.json overlap_adj(=O[i,i+1] · MBAR 전량) · λ = pass1 md.log
N16	r3	cplxL2	9	0.20593028842638464	4–5	vdw	0.405328–0.57276	std_analysis.json overlap_adj(=O[i,i+1] · MBAR 전량) · λ = pass1 md.log
N16	r4	cplxL2	9	0.20869890466479715	4–5	vdw	0.405328–0.57276	std_analysis.json overlap_adj(=O[i,i+1] · MBAR 전량) · λ = pass1 md.log
N16	r5	cplxL2	9	0.2113975918061573	4–5	vdw	0.405328–0.57276	std_analysis.json overlap_adj(=O[i,i+1] · MBAR 전량) · λ = pass1 md.log
N16	r1	cplxL3	9	0.21424098425603325	6–7	coul	0.764824–0.888817	std_analysis.json overlap_adj(=O[i,i+1] · MBAR 전량) · λ = pass1 md.log
N16	r2	cplxL3	9	0.21531768942522528	5–6	coul	0.626057–0.764824	std_analysis.json overlap_adj(=O[i,i+1] · MBAR 전량) · λ = pass1 md.log
N16	r3	cplxL3	9	0.19117825609023148	6–7	coul	0.764824–0.888817	std_analysis.json overlap_adj(=O[i,i+1] · MBAR 전량) · λ = pass1 md.log
N16	r4	cplxL3	9	0.21110459889957703	6–7	coul	0.764824–0.888817	std_analysis.json overlap_adj(=O[i,i+1] · MBAR 전량) · λ = pass1 md.log
N16	r5	cplxL3	9	0.2225012602910348	6–7	coul	0.764824–0.888817	std_analysis.json overlap_adj(=O[i,i+1] · MBAR 전량) · λ = pass1 md.log
N16	r1	solvL1	8	0.22940899672363957	4–5	coul	0.572231–0.724664	std_analysis.json overlap_adj(=O[i,i+1] · MBAR 전량) · λ = pass1 md.log
N16	r2	solvL1	8	0.23034997826207115	4–5	coul	0.572231–0.724664	std_analysis.json overlap_adj(=O[i,i+1] · MBAR 전량) · λ = pass1 md.log
N16	r3	solvL1	8	0.2289400862522823	4–5	coul	0.572231–0.724664	std_analysis.json overlap_adj(=O[i,i+1] · MBAR 전량) · λ = pass1 md.log
N16	r4	solvL1	8	0.22910758595873668	4–5	coul	0.572231–0.724664	std_analysis.json overlap_adj(=O[i,i+1] · MBAR 전량) · λ = pass1 md.log
N16	r5	solvL1	8	0.22838588199758672	4–5	coul	0.572231–0.724664	std_analysis.json overlap_adj(=O[i,i+1] · MBAR 전량) · λ = pass1 md.log
N16	r1	solvL2	10	0.21175326838432326	4–5	vdw	0.37714–0.498679	std_analysis.json overlap_adj(=O[i,i+1] · MBAR 전량) · λ = pass1 md.log
N16	r2	solvL2	10	0.20892531515329868	4–5	vdw	0.37714–0.498679	std_analysis.json overlap_adj(=O[i,i+1] · MBAR 전량) · λ = pass1 md.log
N16	r3	solvL2	10	0.2098605504476169	4–5	vdw	0.37714–0.498679	std_analysis.json overlap_adj(=O[i,i+1] · MBAR 전량) · λ = pass1 md.log
N16	r4	solvL2	10	0.2080345558355861	4–5	vdw	0.37714–0.498679	std_analysis.json overlap_adj(=O[i,i+1] · MBAR 전량) · λ = pass1 md.log
N16	r5	solvL2	10	0.21096653860543382	4–5	vdw	0.37714–0.498679	std_analysis.json overlap_adj(=O[i,i+1] · MBAR 전량) · λ = pass1 md.log
N16	r1	solvL3	9	0.23738353747109628	2–3	coul	0.244688–0.391807	std_analysis.json overlap_adj(=O[i,i+1] · MBAR 전량) · λ = pass1 md.log
N16	r2	solvL3	9	0.23561415618424683	2–3	coul	0.244688–0.391807	std_analysis.json overlap_adj(=O[i,i+1] · MBAR 전량) · λ = pass1 md.log
N16	r3	solvL3	9	0.23813360784180831	3–4	coul	0.391807–0.530987	std_analysis.json overlap_adj(=O[i,i+1] · MBAR 전량) · λ = pass1 md.log
N16	r4	solvL3	9	0.23691833662936	3–4	coul	0.391807–0.530987	std_analysis.json overlap_adj(=O[i,i+1] · MBAR 전량) · λ = pass1 md.log
N16	r5	solvL3	9	0.23576901211533688	2–3	coul	0.244688–0.391807	std_analysis.json overlap_adj(=O[i,i+1] · MBAR 전량) · λ = pass1 md.log
N17	r1	cplxL1	8	0.19764161116770054	1–2	coul	0.1429–0.2857	s3_tableB_overlap.tsv (ov_sup_min·lam_lo·lam_hi) · 전정밀 = s3_mbar_prod_v14_N17.json ov_min
N17	r1	cplxL2	17	0.12008690558454435	8–9	vdw	0.5–0.5625	s3_tableB_overlap.tsv (ov_sup_min·lam_lo·lam_hi) · 전정밀 = s3_mbar_prod_v14_N17.json ov_min
N17	r1	cplxL3	10	0.21164848656427734	7–8	coul	0.8149–0.909	s3_tableB_overlap.tsv (ov_sup_min·lam_lo·lam_hi) · 전정밀 = s3_mbar_prod_v14_N17.json ov_min
N17	r1	solvL1	8	0.21126386114978743	2–3	coul	0.2857–0.4286	s3_tableB_overlap.tsv (ov_sup_min·lam_lo·lam_hi) · 전정밀 = s3_mbar_prod_v14_N17.json ov_min
N17	r1	solvL2	17	0.11576745115973394	9–10	vdw	0.5625–0.625	s3_tableB_overlap.tsv (ov_sup_min·lam_lo·lam_hi) · 전정밀 = s3_mbar_prod_v14_N17.json ov_min
N17	r1	solvL3	10	0.22523790421258968	2–3	coul	0.2407–0.369	s3_tableB_overlap.tsv (ov_sup_min·lam_lo·lam_hi) · 전정밀 = s3_mbar_prod_v14_N17.json ov_min
N17	r2	cplxL1	8	0.19844183092250997	1–2	coul	0.1429–0.2857	s3_tableB_overlap.tsv (ov_sup_min·lam_lo·lam_hi) · 전정밀 = s3_mbar_prod_v14_N17.json ov_min
N17	r2	cplxL2	17	0.11979330373426954	9–10	vdw	0.5625–0.625	s3_tableB_overlap.tsv (ov_sup_min·lam_lo·lam_hi) · 전정밀 = s3_mbar_prod_v14_N17.json ov_min
N17	r2	cplxL3	10	0.20102510119208702	6–7	coul	0.706–0.8149	s3_tableB_overlap.tsv (ov_sup_min·lam_lo·lam_hi) · 전정밀 = s3_mbar_prod_v14_N17.json ov_min
N17	r2	solvL1	8	0.2114110548482209	2–3	coul	0.2857–0.4286	s3_tableB_overlap.tsv (ov_sup_min·lam_lo·lam_hi) · 전정밀 = s3_mbar_prod_v14_N17.json ov_min
N17	r2	solvL2	17	0.11580324026380569	9–10	vdw	0.5625–0.625	s3_tableB_overlap.tsv (ov_sup_min·lam_lo·lam_hi) · 전정밀 = s3_mbar_prod_v14_N17.json ov_min
N17	r2	solvL3	10	0.22505950258957028	2–3	coul	0.2407–0.369	s3_tableB_overlap.tsv (ov_sup_min·lam_lo·lam_hi) · 전정밀 = s3_mbar_prod_v14_N17.json ov_min
N17	r3	cplxL1	8	0.19834939256881526	1–2	coul	0.1429–0.2857	s3_tableB_overlap.tsv (ov_sup_min·lam_lo·lam_hi) · 전정밀 = s3_mbar_prod_v14_N17.json ov_min
N17	r3	cplxL2	17	0.11878034378151614	8–9	vdw	0.5–0.5625	s3_tableB_overlap.tsv (ov_sup_min·lam_lo·lam_hi) · 전정밀 = s3_mbar_prod_v14_N17.json ov_min
N17	r3	cplxL3	10	0.23565669050549992	7–8	coul	0.8149–0.909	s3_tableB_overlap.tsv (ov_sup_min·lam_lo·lam_hi) · 전정밀 = s3_mbar_prod_v14_N17.json ov_min
N17	r3	solvL1	8	0.21220845490275303	1–2	coul	0.1429–0.2857	s3_tableB_overlap.tsv (ov_sup_min·lam_lo·lam_hi) · 전정밀 = s3_mbar_prod_v14_N17.json ov_min
N17	r3	solvL2	17	0.11563033922278505	9–10	vdw	0.5625–0.625	s3_tableB_overlap.tsv (ov_sup_min·lam_lo·lam_hi) · 전정밀 = s3_mbar_prod_v14_N17.json ov_min
N17	r3	solvL3	10	0.2245828695561091	2–3	coul	0.2407–0.369	s3_tableB_overlap.tsv (ov_sup_min·lam_lo·lam_hi) · 전정밀 = s3_mbar_prod_v14_N17.json ov_min
N17	r4	cplxL1	8	0.20158651918589202	1–2	coul	0.1429–0.2857	s3_tableB_overlap.tsv (ov_sup_min·lam_lo·lam_hi) · 전정밀 = s3_mbar_prod_v14_N17.json ov_min
N17	r4	cplxL2	17	0.1216574285483927	8–9	vdw	0.5–0.5625	s3_tableB_overlap.tsv (ov_sup_min·lam_lo·lam_hi) · 전정밀 = s3_mbar_prod_v14_N17.json ov_min
N17	r4	cplxL3	10	0.18321121384701983	6–7	coul	0.706–0.8149	s3_tableB_overlap.tsv (ov_sup_min·lam_lo·lam_hi) · 전정밀 = s3_mbar_prod_v14_N17.json ov_min
N17	r4	solvL1	8	0.21159336333938603	2–3	coul	0.2857–0.4286	s3_tableB_overlap.tsv (ov_sup_min·lam_lo·lam_hi) · 전정밀 = s3_mbar_prod_v14_N17.json ov_min
N17	r4	solvL2	17	0.11577021311165804	9–10	vdw	0.5625–0.625	s3_tableB_overlap.tsv (ov_sup_min·lam_lo·lam_hi) · 전정밀 = s3_mbar_prod_v14_N17.json ov_min
N17	r4	solvL3	10	0.225101739755877	2–3	coul	0.2407–0.369	s3_tableB_overlap.tsv (ov_sup_min·lam_lo·lam_hi) · 전정밀 = s3_mbar_prod_v14_N17.json ov_min
N17	r5	cplxL1	8	0.20028310844374725	0–1	coul	0.0–0.1429	s3_tableB_overlap.tsv (ov_sup_min·lam_lo·lam_hi) · 전정밀 = s3_mbar_prod_v14_N17.json ov_min
N17	r5	cplxL2	17	0.11823438454719318	8–9	vdw	0.5–0.5625	s3_tableB_overlap.tsv (ov_sup_min·lam_lo·lam_hi) · 전정밀 = s3_mbar_prod_v14_N17.json ov_min
N17	r5	cplxL3	10	0.22480954880021467	6–7	coul	0.706–0.8149	s3_tableB_overlap.tsv (ov_sup_min·lam_lo·lam_hi) · 전정밀 = s3_mbar_prod_v14_N17.json ov_min
N17	r5	solvL1	8	0.2121050046549976	2–3	coul	0.2857–0.4286	s3_tableB_overlap.tsv (ov_sup_min·lam_lo·lam_hi) · 전정밀 = s3_mbar_prod_v14_N17.json ov_min
N17	r5	solvL2	17	0.11597748289486241	9–10	vdw	0.5625–0.625	s3_tableB_overlap.tsv (ov_sup_min·lam_lo·lam_hi) · 전정밀 = s3_mbar_prod_v14_N17.json ov_min
N17	r5	solvL3	10	0.22548321354969655	2–3	coul	0.2407–0.369	s3_tableB_overlap.tsv (ov_sup_min·lam_lo·lam_hi) · 전정밀 = s3_mbar_prod_v14_N17.json ov_min
