edge	rep	leg	K	워커별 왕복(워커 순)	워커 왕복 합(C·복제축)	왕복 0회 워커 수	A(창위치축·옛 산정) 합/요약	교환 시도 수	출처
N01	r1	cplxL1	3	미보유(워커별 값 저장 안 됨)	157	미계산	309	1249	rescore_v13.json {C_tot,A_tot} (회차 1..5 중 log 있는 순)
N01	r2	cplxL1	3	미보유(워커별 값 저장 안 됨)	157	미계산	270	1249	rescore_v13.json {C_tot,A_tot} (회차 1..5 중 log 있는 순)
N01	r3	cplxL1	3	미보유(워커별 값 저장 안 됨)	159	미계산	307	1249	rescore_v13.json {C_tot,A_tot} (회차 1..5 중 log 있는 순)
N01	r4	cplxL1	3	미보유(워커별 값 저장 안 됨)	144	미계산	243	1249	rescore_v13.json {C_tot,A_tot} (회차 1..5 중 log 있는 순)
N01	r5	cplxL1	3	미보유(워커별 값 저장 안 됨)	143	미계산	245	1249	rescore_v13.json {C_tot,A_tot} (회차 1..5 중 log 있는 순)
N01	회차 요약	cplxL1	3	—	C_min 143 · C_mean 152.0 · flag_C '—'	미계산	A_min 243 · A_mean 274.8 · flag_A '—'	1249	rescore_v13.json
N01	회차 요약(동결 9/21)	cplxL1	3	—	—	미계산	rt_mean 274.8 · rt_min 243 · rt_max 309 · flag 'None'	—	final_report_20260921/roundtrip.json (nrep_run 5)
N01	r1	cplxL2	6	미보유(워커별 값 저장 안 됨)	47	미계산	192	1249	rescore_v13.json {C_tot,A_tot} (회차 1..5 중 log 있는 순)
N01	r2	cplxL2	6	미보유(워커별 값 저장 안 됨)	31	미계산	240	1249	rescore_v13.json {C_tot,A_tot} (회차 1..5 중 log 있는 순)
N01	r3	cplxL2	6	미보유(워커별 값 저장 안 됨)	58	미계산	240	1249	rescore_v13.json {C_tot,A_tot} (회차 1..5 중 log 있는 순)
N01	r4	cplxL2	6	미보유(워커별 값 저장 안 됨)	35	미계산	146	1249	rescore_v13.json {C_tot,A_tot} (회차 1..5 중 log 있는 순)
N01	r5	cplxL2	6	미보유(워커별 값 저장 안 됨)	45	미계산	184	1249	rescore_v13.json {C_tot,A_tot} (회차 1..5 중 log 있는 순)
N01	회차 요약	cplxL2	6	—	C_min 31 · C_mean 43.2 · flag_C '—'	미계산	A_min 146 · A_mean 200.4 · flag_A '—'	1249	rescore_v13.json
N01	회차 요약(동결 9/21)	cplxL2	6	—	—	미계산	rt_mean 200.4 · rt_min 146 · rt_max 240 · flag 'None'	—	final_report_20260921/roundtrip.json (nrep_run 5)
N01	r1	cplxL3	3	미보유(워커별 값 저장 안 됨)	168	미계산	303	1249	rescore_v13.json {C_tot,A_tot} (회차 1..5 중 log 있는 순)
N01	r2	cplxL3	3	미보유(워커별 값 저장 안 됨)	184	미계산	305	1249	rescore_v13.json {C_tot,A_tot} (회차 1..5 중 log 있는 순)
N01	r3	cplxL3	3	미보유(워커별 값 저장 안 됨)	223	미계산	351	1249	rescore_v13.json {C_tot,A_tot} (회차 1..5 중 log 있는 순)
N01	r4	cplxL3	3	미보유(워커별 값 저장 안 됨)	130	미계산	308	1249	rescore_v13.json {C_tot,A_tot} (회차 1..5 중 log 있는 순)
N01	r5	cplxL3	3	미보유(워커별 값 저장 안 됨)	119	미계산	203	1249	rescore_v13.json {C_tot,A_tot} (회차 1..5 중 log 있는 순)
N01	회차 요약	cplxL3	3	—	C_min 119 · C_mean 164.8 · flag_C '—'	미계산	A_min 203 · A_mean 294.0 · flag_A '—'	1249	rescore_v13.json
N01	회차 요약(동결 9/21)	cplxL3	3	—	—	미계산	rt_mean 294.0 · rt_min 203 · rt_max 351 · flag 'None'	—	final_report_20260921/roundtrip.json (nrep_run 5)
N01	r3	solvL1	4	미보유(워커별 값 저장 안 됨)	128	미계산	273	1249	rescore_v13.json {C_tot,A_tot} (회차 1..5 중 log 있는 순)
N01	r4	solvL1	4	미보유(워커별 값 저장 안 됨)	114	미계산	255	1249	rescore_v13.json {C_tot,A_tot} (회차 1..5 중 log 있는 순)
N01	r5	solvL1	4	미보유(워커별 값 저장 안 됨)	140	미계산	292	1249	rescore_v13.json {C_tot,A_tot} (회차 1..5 중 log 있는 순)
N01	회차 요약	solvL1	4	—	C_min 114 · C_mean 127.33333333333333 · flag_C '—'	미계산	A_min 255 · A_mean 273.3333333333333 · flag_A '—'	1249	rescore_v13.json
N01	회차 요약(동결 9/21)	solvL1	4	—	—	미계산	rt_mean 273.3333333333333 · rt_min 255 · rt_max 292 · flag 'None'	—	final_report_20260921/roundtrip.json (nrep_run 3)
N01	r3	solvL2	6	미보유(워커별 값 저장 안 됨)	82	미계산	222	1249	rescore_v13.json {C_tot,A_tot} (회차 1..5 중 log 있는 순)
N01	r4	solvL2	6	미보유(워커별 값 저장 안 됨)	70	미계산	194	1249	rescore_v13.json {C_tot,A_tot} (회차 1..5 중 log 있는 순)
N01	r5	solvL2	6	미보유(워커별 값 저장 안 됨)	78	미계산	194	1249	rescore_v13.json {C_tot,A_tot} (회차 1..5 중 log 있는 순)
N01	회차 요약	solvL2	6	—	C_min 70 · C_mean 76.66666666666667 · flag_C '—'	미계산	A_min 194 · A_mean 203.33333333333334 · flag_A '—'	1249	rescore_v13.json
N01	회차 요약(동결 9/21)	solvL2	6	—	—	미계산	rt_mean 203.33333333333334 · rt_min 194 · rt_max 222 · flag 'None'	—	final_report_20260921/roundtrip.json (nrep_run 3)
N01	r3	solvL3	3	미보유(워커별 값 저장 안 됨)	160	미계산	259	1249	rescore_v13.json {C_tot,A_tot} (회차 1..5 중 log 있는 순)
N01	r4	solvL3	3	미보유(워커별 값 저장 안 됨)	164	미계산	263	1249	rescore_v13.json {C_tot,A_tot} (회차 1..5 중 log 있는 순)
N01	r5	solvL3	3	미보유(워커별 값 저장 안 됨)	167	미계산	271	1249	rescore_v13.json {C_tot,A_tot} (회차 1..5 중 log 있는 순)
N01	회차 요약	solvL3	3	—	C_min 160 · C_mean 163.66666666666666 · flag_C '—'	미계산	A_min 259 · A_mean 264.3333333333333 · flag_A '—'	1249	rescore_v13.json
N01	회차 요약(동결 9/21)	solvL3	3	—	—	미계산	rt_mean 264.3333333333333 · rt_min 259 · rt_max 271 · flag 'None'	—	final_report_20260921/roundtrip.json (nrep_run 3)
N02	r1	cplxL1	7	미보유(워커별 값 저장 안 됨)	10	미계산	76	1249	rescore_v13.json {C_tot,A_tot} (회차 1..5 중 log 있는 순)
N02	r2	cplxL1	7	미보유(워커별 값 저장 안 됨)	16	미계산	91	1249	rescore_v13.json {C_tot,A_tot} (회차 1..5 중 log 있는 순)
N02	r3	cplxL1	7	미보유(워커별 값 저장 안 됨)	10	미계산	162	1249	rescore_v13.json {C_tot,A_tot} (회차 1..5 중 log 있는 순)
N02	r4	cplxL1	7	미보유(워커별 값 저장 안 됨)	6	미계산	34	1249	rescore_v13.json {C_tot,A_tot} (회차 1..5 중 log 있는 순)
N02	r5	cplxL1	7	미보유(워커별 값 저장 안 됨)	10	미계산	131	1249	rescore_v13.json {C_tot,A_tot} (회차 1..5 중 log 있는 순)
N02	회차 요약	cplxL1	7	—	C_min 6 · C_mean 10.4 · flag_C '경계'	미계산	A_min 34 · A_mean 98.8 · flag_A '—'	1249	rescore_v13.json
N02	회차 요약(동결 9/21)	cplxL1	7	—	—	미계산	rt_mean 98.8 · rt_min 34 · rt_max 162 · flag 'None'	—	final_report_20260921/roundtrip.json (nrep_run 5)
N02	r1	cplxL2	14	미보유(워커별 값 저장 안 됨)	7	미계산	134	1249	rescore_v13.json {C_tot,A_tot} (회차 1..5 중 log 있는 순)
N02	r2	cplxL2	14	미보유(워커별 값 저장 안 됨)	7	미계산	164	1249	rescore_v13.json {C_tot,A_tot} (회차 1..5 중 log 있는 순)
N02	r3	cplxL2	14	미보유(워커별 값 저장 안 됨)	5	미계산	56	1249	rescore_v13.json {C_tot,A_tot} (회차 1..5 중 log 있는 순)
N02	r4	cplxL2	14	미보유(워커별 값 저장 안 됨)	5	미계산	91	1249	rescore_v13.json {C_tot,A_tot} (회차 1..5 중 log 있는 순)
N02	r5	cplxL2	14	미보유(워커별 값 저장 안 됨)	7	미계산	59	1249	rescore_v13.json {C_tot,A_tot} (회차 1..5 중 log 있는 순)
N02	회차 요약	cplxL2	14	—	C_min 5 · C_mean 6.2 · flag_C '경계'	미계산	A_min 56 · A_mean 100.8 · flag_A '—'	1249	rescore_v13.json
N02	회차 요약(동결 9/21)	cplxL2	14	—	—	미계산	rt_mean 100.8 · rt_min 56 · rt_max 164 · flag 'None'	—	final_report_20260921/roundtrip.json (nrep_run 5)
N02	r1	cplxL3	9	미보유(워커별 값 저장 안 됨)	8	미계산	111	1249	rescore_v13.json {C_tot,A_tot} (회차 1..5 중 log 있는 순)
N02	r2	cplxL3	9	미보유(워커별 값 저장 안 됨)	7	미계산	31	1249	rescore_v13.json {C_tot,A_tot} (회차 1..5 중 log 있는 순)
N02	r3	cplxL3	9	미보유(워커별 값 저장 안 됨)	9	미계산	91	1249	rescore_v13.json {C_tot,A_tot} (회차 1..5 중 log 있는 순)
N02	r4	cplxL3	9	미보유(워커별 값 저장 안 됨)	7	미계산	196	1249	rescore_v13.json {C_tot,A_tot} (회차 1..5 중 log 있는 순)
N02	r5	cplxL3	9	미보유(워커별 값 저장 안 됨)	6	미계산	48	1249	rescore_v13.json {C_tot,A_tot} (회차 1..5 중 log 있는 순)
N02	회차 요약	cplxL3	9	—	C_min 6 · C_mean 7.4 · flag_C '경계'	미계산	A_min 31 · A_mean 95.4 · flag_A '—'	1249	rescore_v13.json
N02	회차 요약(동결 9/21)	cplxL3	9	—	—	미계산	rt_mean 95.4 · rt_min 31 · rt_max 196 · flag 'None'	—	final_report_20260921/roundtrip.json (nrep_run 5)
N02	r1	solvL1	9	미보유(워커별 값 저장 안 됨)	40	미계산	161	1249	rescore_v13.json {C_tot,A_tot} (회차 1..5 중 log 있는 순)
N02	r2	solvL1	9	미보유(워커별 값 저장 안 됨)	35	미계산	179	1249	rescore_v13.json {C_tot,A_tot} (회차 1..5 중 log 있는 순)
N02	r3	solvL1	9	미보유(워커별 값 저장 안 됨)	35	미계산	148	1249	rescore_v13.json {C_tot,A_tot} (회차 1..5 중 log 있는 순)
N02	r4	solvL1	9	미보유(워커별 값 저장 안 됨)	37	미계산	169	1249	rescore_v13.json {C_tot,A_tot} (회차 1..5 중 log 있는 순)
N02	r5	solvL1	9	미보유(워커별 값 저장 안 됨)	41	미계산	168	1249	rescore_v13.json {C_tot,A_tot} (회차 1..5 중 log 있는 순)
N02	회차 요약	solvL1	9	—	C_min 35 · C_mean 37.6 · flag_C '—'	미계산	A_min 148 · A_mean 165.0 · flag_A '—'	1249	rescore_v13.json
N02	회차 요약(동결 9/21)	solvL1	9	—	—	미계산	rt_mean 165.0 · rt_min 148 · rt_max 179 · flag 'None'	—	final_report_20260921/roundtrip.json (nrep_run 5)
N02	r1	solvL2	14	미보유(워커별 값 저장 안 됨)	22	미계산	153	1249	rescore_v13.json {C_tot,A_tot} (회차 1..5 중 log 있는 순)
N02	r2	solvL2	14	미보유(워커별 값 저장 안 됨)	27	미계산	139	1249	rescore_v13.json {C_tot,A_tot} (회차 1..5 중 log 있는 순)
N02	r3	solvL2	14	미보유(워커별 값 저장 안 됨)	27	미계산	131	1249	rescore_v13.json {C_tot,A_tot} (회차 1..5 중 log 있는 순)
N02	r4	solvL2	14	미보유(워커별 값 저장 안 됨)	25	미계산	135	1249	rescore_v13.json {C_tot,A_tot} (회차 1..5 중 log 있는 순)
N02	r5	solvL2	14	미보유(워커별 값 저장 안 됨)	25	미계산	112	1249	rescore_v13.json {C_tot,A_tot} (회차 1..5 중 log 있는 순)
N02	회차 요약	solvL2	14	—	C_min 22 · C_mean 25.2 · flag_C '—'	미계산	A_min 112 · A_mean 134.0 · flag_A '—'	1249	rescore_v13.json
N02	회차 요약(동결 9/21)	solvL2	14	—	—	미계산	rt_mean 134.0 · rt_min 112 · rt_max 153 · flag 'None'	—	final_report_20260921/roundtrip.json (nrep_run 5)
N02	r1	solvL3	10	미보유(워커별 값 저장 안 됨)	30	미계산	94	1249	rescore_v13.json {C_tot,A_tot} (회차 1..5 중 log 있는 순)
N02	r2	solvL3	10	미보유(워커별 값 저장 안 됨)	26	미계산	122	1249	rescore_v13.json {C_tot,A_tot} (회차 1..5 중 log 있는 순)
N02	r3	solvL3	10	미보유(워커별 값 저장 안 됨)	30	미계산	156	1249	rescore_v13.json {C_tot,A_tot} (회차 1..5 중 log 있는 순)
N02	r4	solvL3	10	미보유(워커별 값 저장 안 됨)	37	미계산	189	1249	rescore_v13.json {C_tot,A_tot} (회차 1..5 중 log 있는 순)
N02	r5	solvL3	10	미보유(워커별 값 저장 안 됨)	29	미계산	159	1249	rescore_v13.json {C_tot,A_tot} (회차 1..5 중 log 있는 순)
N02	회차 요약	solvL3	10	—	C_min 26 · C_mean 30.4 · flag_C '—'	미계산	A_min 94 · A_mean 144.0 · flag_A '—'	1249	rescore_v13.json
N02	회차 요약(동결 9/21)	solvL3	10	—	—	미계산	rt_mean 144.0 · rt_min 94 · rt_max 189 · flag 'None'	—	final_report_20260921/roundtrip.json (nrep_run 5)
N03	r1	cplxL1	5	미보유(워커별 값 저장 안 됨)	8	미계산	149	1249	rescore_v13.json {C_tot,A_tot} (회차 1..5 중 log 있는 순)
N03	r2	cplxL1	5	미보유(워커별 값 저장 안 됨)	11	미계산	111	1249	rescore_v13.json {C_tot,A_tot} (회차 1..5 중 log 있는 순)
N03	r3	cplxL1	5	미보유(워커별 값 저장 안 됨)	16	미계산	160	1249	rescore_v13.json {C_tot,A_tot} (회차 1..5 중 log 있는 순)
N03	r4	cplxL1	5	미보유(워커별 값 저장 안 됨)	11	미계산	86	1249	rescore_v13.json {C_tot,A_tot} (회차 1..5 중 log 있는 순)
N03	r5	cplxL1	5	미보유(워커별 값 저장 안 됨)	43	미계산	195	1249	rescore_v13.json {C_tot,A_tot} (회차 1..5 중 log 있는 순)
N03	회차 요약	cplxL1	5	—	C_min 8 · C_mean 17.8 · flag_C '경계'	미계산	A_min 86 · A_mean 140.2 · flag_A '—'	1249	rescore_v13.json
N03	회차 요약(동결 9/21)	cplxL1	5	—	—	미계산	rt_mean 140.2 · rt_min 86 · rt_max 195 · flag 'None'	—	final_report_20260921/roundtrip.json (nrep_run 5)
N03	r1	cplxL2	11	미보유(워커별 값 저장 안 됨)	24	미계산	107	1249	rescore_v13.json {C_tot,A_tot} (회차 1..5 중 log 있는 순)
N03	r2	cplxL2	11	미보유(워커별 값 저장 안 됨)	23	미계산	93	1249	rescore_v13.json {C_tot,A_tot} (회차 1..5 중 log 있는 순)
N03	r3	cplxL2	11	미보유(워커별 값 저장 안 됨)	20	미계산	66	1249	rescore_v13.json {C_tot,A_tot} (회차 1..5 중 log 있는 순)
N03	r4	cplxL2	11	미보유(워커별 값 저장 안 됨)	18	미계산	129	1249	rescore_v13.json {C_tot,A_tot} (회차 1..5 중 log 있는 순)
N03	r5	cplxL2	11	미보유(워커별 값 저장 안 됨)	22	미계산	117	1249	rescore_v13.json {C_tot,A_tot} (회차 1..5 중 log 있는 순)
N03	회차 요약	cplxL2	11	—	C_min 18 · C_mean 21.4 · flag_C '—'	미계산	A_min 66 · A_mean 102.4 · flag_A '—'	1249	rescore_v13.json
N03	회차 요약(동결 9/21)	cplxL2	11	—	—	미계산	rt_mean 102.4 · rt_min 66 · rt_max 129 · flag 'None'	—	final_report_20260921/roundtrip.json (nrep_run 5)
N03	r1	cplxL3	4	미보유(워커별 값 저장 안 됨)	119	미계산	321	1249	rescore_v13.json {C_tot,A_tot} (회차 1..5 중 log 있는 순)
N03	r2	cplxL3	4	미보유(워커별 값 저장 안 됨)	120	미계산	276	1249	rescore_v13.json {C_tot,A_tot} (회차 1..5 중 log 있는 순)
N03	r3	cplxL3	4	미보유(워커별 값 저장 안 됨)	60	미계산	154	1249	rescore_v13.json {C_tot,A_tot} (회차 1..5 중 log 있는 순)
N03	r4	cplxL3	4	미보유(워커별 값 저장 안 됨)	106	미계산	315	1249	rescore_v13.json {C_tot,A_tot} (회차 1..5 중 log 있는 순)
N03	r5	cplxL3	4	미보유(워커별 값 저장 안 됨)	106	미계산	292	1249	rescore_v13.json {C_tot,A_tot} (회차 1..5 중 log 있는 순)
N03	회차 요약	cplxL3	4	—	C_min 60 · C_mean 102.2 · flag_C '—'	미계산	A_min 154 · A_mean 271.6 · flag_A '—'	1249	rescore_v13.json
N03	회차 요약(동결 9/21)	cplxL3	4	—	—	미계산	rt_mean 271.6 · rt_min 154 · rt_max 321 · flag 'None'	—	final_report_20260921/roundtrip.json (nrep_run 5)
N03	r1	solvL1	7	미보유(워커별 값 저장 안 됨)	72	미계산	196	1249	rescore_v13.json {C_tot,A_tot} (회차 1..5 중 log 있는 순)
N03	r2	solvL1	7	미보유(워커별 값 저장 안 됨)	55	미계산	183	1249	rescore_v13.json {C_tot,A_tot} (회차 1..5 중 log 있는 순)
N03	r3	solvL1	7	미보유(워커별 값 저장 안 됨)	57	미계산	222	1249	rescore_v13.json {C_tot,A_tot} (회차 1..5 중 log 있는 순)
N03	r4	solvL1	7	미보유(워커별 값 저장 안 됨)	52	미계산	237	1249	rescore_v13.json {C_tot,A_tot} (회차 1..5 중 log 있는 순)
N03	r5	solvL1	7	미보유(워커별 값 저장 안 됨)	61	미계산	166	1249	rescore_v13.json {C_tot,A_tot} (회차 1..5 중 log 있는 순)
N03	회차 요약	solvL1	7	—	C_min 52 · C_mean 59.4 · flag_C '—'	미계산	A_min 166 · A_mean 200.8 · flag_A '—'	1249	rescore_v13.json
N03	회차 요약(동결 9/21)	solvL1	7	—	—	미계산	rt_mean 200.8 · rt_min 166 · rt_max 237 · flag 'None'	—	final_report_20260921/roundtrip.json (nrep_run 5)
N03	r1	solvL2	12	미보유(워커별 값 저장 안 됨)	27	미계산	188	1249	rescore_v13.json {C_tot,A_tot} (회차 1..5 중 log 있는 순)
N03	r2	solvL2	12	미보유(워커별 값 저장 안 됨)	28	미계산	133	1249	rescore_v13.json {C_tot,A_tot} (회차 1..5 중 log 있는 순)
N03	r3	solvL2	12	미보유(워커별 값 저장 안 됨)	21	미계산	92	1249	rescore_v13.json {C_tot,A_tot} (회차 1..5 중 log 있는 순)
N03	r4	solvL2	12	미보유(워커별 값 저장 안 됨)	27	미계산	143	1249	rescore_v13.json {C_tot,A_tot} (회차 1..5 중 log 있는 순)
N03	r5	solvL2	12	미보유(워커별 값 저장 안 됨)	28	미계산	152	1249	rescore_v13.json {C_tot,A_tot} (회차 1..5 중 log 있는 순)
N03	회차 요약	solvL2	12	—	C_min 21 · C_mean 26.2 · flag_C '—'	미계산	A_min 92 · A_mean 141.6 · flag_A '—'	1249	rescore_v13.json
N03	회차 요약(동결 9/21)	solvL2	12	—	—	미계산	rt_mean 141.6 · rt_min 92 · rt_max 188 · flag 'None'	—	final_report_20260921/roundtrip.json (nrep_run 5)
N03	r1	solvL3	5	미보유(워커별 값 저장 안 됨)	83	미계산	220	1249	rescore_v13.json {C_tot,A_tot} (회차 1..5 중 log 있는 순)
N03	r2	solvL3	5	미보유(워커별 값 저장 안 됨)	76	미계산	204	1249	rescore_v13.json {C_tot,A_tot} (회차 1..5 중 log 있는 순)
N03	r3	solvL3	5	미보유(워커별 값 저장 안 됨)	63	미계산	200	1249	rescore_v13.json {C_tot,A_tot} (회차 1..5 중 log 있는 순)
N03	r4	solvL3	5	미보유(워커별 값 저장 안 됨)	73	미계산	175	1249	rescore_v13.json {C_tot,A_tot} (회차 1..5 중 log 있는 순)
N03	r5	solvL3	5	미보유(워커별 값 저장 안 됨)	73	미계산	194	1249	rescore_v13.json {C_tot,A_tot} (회차 1..5 중 log 있는 순)
N03	회차 요약	solvL3	5	—	C_min 63 · C_mean 73.6 · flag_C '—'	미계산	A_min 175 · A_mean 198.6 · flag_A '—'	1249	rescore_v13.json
N03	회차 요약(동결 9/21)	solvL3	5	—	—	미계산	rt_mean 198.6 · rt_min 175 · rt_max 220 · flag 'None'	—	final_report_20260921/roundtrip.json (nrep_run 5)
N04	r1	cplxL1	4	미보유(워커별 값 저장 안 됨)	96	미계산	279	1249	rescore_v13.json {C_tot,A_tot} (회차 1..5 중 log 있는 순)
N04	r2	cplxL1	4	미보유(워커별 값 저장 안 됨)	45	미계산	131	1249	rescore_v13.json {C_tot,A_tot} (회차 1..5 중 log 있는 순)
N04	r3	cplxL1	4	미보유(워커별 값 저장 안 됨)	82	미계산	203	1249	rescore_v13.json {C_tot,A_tot} (회차 1..5 중 log 있는 순)
N04	r4	cplxL1	4	미보유(워커별 값 저장 안 됨)	27	미계산	104	1249	rescore_v13.json {C_tot,A_tot} (회차 1..5 중 log 있는 순)
N04	r5	cplxL1	4	미보유(워커별 값 저장 안 됨)	35	미계산	155	1249	rescore_v13.json {C_tot,A_tot} (회차 1..5 중 log 있는 순)
N04	회차 요약	cplxL1	4	—	C_min 27 · C_mean 57.0 · flag_C '—'	미계산	A_min 104 · A_mean 174.4 · flag_A '—'	1249	rescore_v13.json
N04	회차 요약(동결 9/21)	cplxL1	4	—	—	미계산	rt_mean 174.4 · rt_min 104 · rt_max 279 · flag 'None'	—	final_report_20260921/roundtrip.json (nrep_run 5)
N04	r1	cplxL2	7	미보유(워커별 값 저장 안 됨)	64	미계산	295	1249	rescore_v13.json {C_tot,A_tot} (회차 1..5 중 log 있는 순)
N04	r2	cplxL2	7	미보유(워커별 값 저장 안 됨)	22	미계산	325	1249	rescore_v13.json {C_tot,A_tot} (회차 1..5 중 log 있는 순)
N04	r3	cplxL2	7	미보유(워커별 값 저장 안 됨)	25	미계산	202	1249	rescore_v13.json {C_tot,A_tot} (회차 1..5 중 log 있는 순)
N04	r4	cplxL2	7	미보유(워커별 값 저장 안 됨)	28	미계산	50	1249	rescore_v13.json {C_tot,A_tot} (회차 1..5 중 log 있는 순)
N04	r5	cplxL2	7	미보유(워커별 값 저장 안 됨)	65	미계산	278	1249	rescore_v13.json {C_tot,A_tot} (회차 1..5 중 log 있는 순)
N04	회차 요약	cplxL2	7	—	C_min 22 · C_mean 40.8 · flag_C '—'	미계산	A_min 50 · A_mean 230.0 · flag_A '—'	1249	rescore_v13.json
N04	회차 요약(동결 9/21)	cplxL2	7	—	—	미계산	rt_mean 230.0 · rt_min 50 · rt_max 325 · flag 'None'	—	final_report_20260921/roundtrip.json (nrep_run 5)
N04	r1	cplxL3	4	미보유(워커별 값 저장 안 됨)	152	미계산	354	1249	rescore_v13.json {C_tot,A_tot} (회차 1..5 중 log 있는 순)
N04	r2	cplxL3	4	미보유(워커별 값 저장 안 됨)	189	미계산	380	1249	rescore_v13.json {C_tot,A_tot} (회차 1..5 중 log 있는 순)
N04	r3	cplxL3	4	미보유(워커별 값 저장 안 됨)	131	미계산	272	1249	rescore_v13.json {C_tot,A_tot} (회차 1..5 중 log 있는 순)
N04	r4	cplxL3	4	미보유(워커별 값 저장 안 됨)	114	미계산	293	1249	rescore_v13.json {C_tot,A_tot} (회차 1..5 중 log 있는 순)
N04	r5	cplxL3	4	미보유(워커별 값 저장 안 됨)	165	미계산	335	1249	rescore_v13.json {C_tot,A_tot} (회차 1..5 중 log 있는 순)
N04	회차 요약	cplxL3	4	—	C_min 114 · C_mean 150.2 · flag_C '—'	미계산	A_min 272 · A_mean 326.8 · flag_A '—'	1249	rescore_v13.json
N04	회차 요약(동결 9/21)	cplxL3	4	—	—	미계산	rt_mean 326.8 · rt_min 272 · rt_max 380 · flag 'None'	—	final_report_20260921/roundtrip.json (nrep_run 5)
N04	r1	solvL1	6	미보유(워커별 값 저장 안 됨)	64	미계산	207	1249	rescore_v13.json {C_tot,A_tot} (회차 1..5 중 log 있는 순)
N04	r2	solvL1	6	미보유(워커별 값 저장 안 됨)	66	미계산	187	1249	rescore_v13.json {C_tot,A_tot} (회차 1..5 중 log 있는 순)
N04	r3	solvL1	6	미보유(워커별 값 저장 안 됨)	59	미계산	205	1249	rescore_v13.json {C_tot,A_tot} (회차 1..5 중 log 있는 순)
N04	r4	solvL1	6	미보유(워커별 값 저장 안 됨)	60	미계산	180	1249	rescore_v13.json {C_tot,A_tot} (회차 1..5 중 log 있는 순)
N04	r5	solvL1	6	미보유(워커별 값 저장 안 됨)	71	미계산	215	1249	rescore_v13.json {C_tot,A_tot} (회차 1..5 중 log 있는 순)
N04	회차 요약	solvL1	6	—	C_min 59 · C_mean 64.0 · flag_C '—'	미계산	A_min 180 · A_mean 198.8 · flag_A '—'	1249	rescore_v13.json
N04	회차 요약(동결 9/21)	solvL1	6	—	—	미계산	rt_mean 198.8 · rt_min 180 · rt_max 215 · flag 'None'	—	final_report_20260921/roundtrip.json (nrep_run 5)
N04	r1	solvL2	6	미보유(워커별 값 저장 안 됨)	78	미계산	230	1249	rescore_v13.json {C_tot,A_tot} (회차 1..5 중 log 있는 순)
N04	r2	solvL2	6	미보유(워커별 값 저장 안 됨)	86	미계산	229	1249	rescore_v13.json {C_tot,A_tot} (회차 1..5 중 log 있는 순)
N04	r3	solvL2	6	미보유(워커별 값 저장 안 됨)	27	미계산	216	1249	rescore_v13.json {C_tot,A_tot} (회차 1..5 중 log 있는 순)
N04	r4	solvL2	6	미보유(워커별 값 저장 안 됨)	72	미계산	189	1249	rescore_v13.json {C_tot,A_tot} (회차 1..5 중 log 있는 순)
N04	r5	solvL2	6	미보유(워커별 값 저장 안 됨)	63	미계산	226	1249	rescore_v13.json {C_tot,A_tot} (회차 1..5 중 log 있는 순)
N04	회차 요약	solvL2	6	—	C_min 27 · C_mean 65.2 · flag_C '—'	미계산	A_min 189 · A_mean 218.0 · flag_A '—'	1249	rescore_v13.json
N04	회차 요약(동결 9/21)	solvL2	6	—	—	미계산	rt_mean 218.0 · rt_min 189 · rt_max 230 · flag 'None'	—	final_report_20260921/roundtrip.json (nrep_run 5)
N04	r1	solvL3	4	미보유(워커별 값 저장 안 됨)	137	미계산	269	1249	rescore_v13.json {C_tot,A_tot} (회차 1..5 중 log 있는 순)
N04	r2	solvL3	4	미보유(워커별 값 저장 안 됨)	156	미계산	312	1249	rescore_v13.json {C_tot,A_tot} (회차 1..5 중 log 있는 순)
N04	r3	solvL3	4	미보유(워커별 값 저장 안 됨)	142	미계산	278	1249	rescore_v13.json {C_tot,A_tot} (회차 1..5 중 log 있는 순)
N04	r4	solvL3	4	미보유(워커별 값 저장 안 됨)	166	미계산	325	1249	rescore_v13.json {C_tot,A_tot} (회차 1..5 중 log 있는 순)
N04	r5	solvL3	4	미보유(워커별 값 저장 안 됨)	147	미계산	284	1249	rescore_v13.json {C_tot,A_tot} (회차 1..5 중 log 있는 순)
N04	회차 요약	solvL3	4	—	C_min 137 · C_mean 149.6 · flag_C '—'	미계산	A_min 269 · A_mean 293.6 · flag_A '—'	1249	rescore_v13.json
N04	회차 요약(동결 9/21)	solvL3	4	—	—	미계산	rt_mean 293.6 · rt_min 269 · rt_max 325 · flag 'None'	—	final_report_20260921/roundtrip.json (nrep_run 5)
N05	r1	cplxL1	4	미보유(워커별 값 저장 안 됨)	70	미계산	155	1249	rescore_v13.json {C_tot,A_tot} (회차 1..5 중 log 있는 순)
N05	r2	cplxL1	4	미보유(워커별 값 저장 안 됨)	74	미계산	203	1249	rescore_v13.json {C_tot,A_tot} (회차 1..5 중 log 있는 순)
N05	r3	cplxL1	4	미보유(워커별 값 저장 안 됨)	127	미계산	256	1249	rescore_v13.json {C_tot,A_tot} (회차 1..5 중 log 있는 순)
N05	r4	cplxL1	4	미보유(워커별 값 저장 안 됨)	81	미계산	332	1249	rescore_v13.json {C_tot,A_tot} (회차 1..5 중 log 있는 순)
N05	r5	cplxL1	4	미보유(워커별 값 저장 안 됨)	93	미계산	232	1249	rescore_v13.json {C_tot,A_tot} (회차 1..5 중 log 있는 순)
N05	회차 요약	cplxL1	4	—	C_min 70 · C_mean 89.0 · flag_C '—'	미계산	A_min 155 · A_mean 235.6 · flag_A '—'	1249	rescore_v13.json
N05	회차 요약(동결 9/21)	cplxL1	4	—	—	미계산	rt_mean 235.6 · rt_min 155 · rt_max 332 · flag 'None'	—	final_report_20260921/roundtrip.json (nrep_run 5)
N05	r1	cplxL2	10	미보유(워커별 값 저장 안 됨)	41	미계산	178	1249	rescore_v13.json {C_tot,A_tot} (회차 1..5 중 log 있는 순)
N05	r2	cplxL2	10	미보유(워커별 값 저장 안 됨)	36	미계산	221	1249	rescore_v13.json {C_tot,A_tot} (회차 1..5 중 log 있는 순)
N05	r3	cplxL2	10	미보유(워커별 값 저장 안 됨)	25	미계산	202	1249	rescore_v13.json {C_tot,A_tot} (회차 1..5 중 log 있는 순)
N05	r4	cplxL2	10	미보유(워커별 값 저장 안 됨)	27	미계산	147	1249	rescore_v13.json {C_tot,A_tot} (회차 1..5 중 log 있는 순)
N05	r5	cplxL2	10	미보유(워커별 값 저장 안 됨)	27	미계산	210	1249	rescore_v13.json {C_tot,A_tot} (회차 1..5 중 log 있는 순)
N05	회차 요약	cplxL2	10	—	C_min 25 · C_mean 31.2 · flag_C '—'	미계산	A_min 147 · A_mean 191.6 · flag_A '—'	1249	rescore_v13.json
N05	회차 요약(동결 9/21)	cplxL2	10	—	—	미계산	rt_mean 191.6 · rt_min 147 · rt_max 221 · flag 'None'	—	final_report_20260921/roundtrip.json (nrep_run 5)
N05	r1	cplxL3	5	미보유(워커별 값 저장 안 됨)	21	미계산	151	1249	rescore_v13.json {C_tot,A_tot} (회차 1..5 중 log 있는 순)
N05	r2	cplxL3	5	미보유(워커별 값 저장 안 됨)	34	미계산	228	1249	rescore_v13.json {C_tot,A_tot} (회차 1..5 중 log 있는 순)
N05	r3	cplxL3	5	미보유(워커별 값 저장 안 됨)	36	미계산	176	1249	rescore_v13.json {C_tot,A_tot} (회차 1..5 중 log 있는 순)
N05	r4	cplxL3	5	미보유(워커별 값 저장 안 됨)	39	미계산	186	1249	rescore_v13.json {C_tot,A_tot} (회차 1..5 중 log 있는 순)
N05	r5	cplxL3	5	미보유(워커별 값 저장 안 됨)	34	미계산	129	1249	rescore_v13.json {C_tot,A_tot} (회차 1..5 중 log 있는 순)
N05	회차 요약	cplxL3	5	—	C_min 21 · C_mean 32.8 · flag_C '—'	미계산	A_min 129 · A_mean 174.0 · flag_A '—'	1249	rescore_v13.json
N05	회차 요약(동결 9/21)	cplxL3	5	—	—	미계산	rt_mean 174.0 · rt_min 129 · rt_max 228 · flag 'None'	—	final_report_20260921/roundtrip.json (nrep_run 5)
N05	r1	solvL1	5	미보유(워커별 값 저장 안 됨)	80	미계산	181	1249	rescore_v13.json {C_tot,A_tot} (회차 1..5 중 log 있는 순)
N05	r2	solvL1	5	미보유(워커별 값 저장 안 됨)	66	미계산	208	1249	rescore_v13.json {C_tot,A_tot} (회차 1..5 중 log 있는 순)
N05	r3	solvL1	5	미보유(워커별 값 저장 안 됨)	68	미계산	198	1249	rescore_v13.json {C_tot,A_tot} (회차 1..5 중 log 있는 순)
N05	r4	solvL1	5	미보유(워커별 값 저장 안 됨)	66	미계산	221	1249	rescore_v13.json {C_tot,A_tot} (회차 1..5 중 log 있는 순)
N05	r5	solvL1	5	미보유(워커별 값 저장 안 됨)	76	미계산	215	1249	rescore_v13.json {C_tot,A_tot} (회차 1..5 중 log 있는 순)
N05	회차 요약	solvL1	5	—	C_min 66 · C_mean 71.2 · flag_C '—'	미계산	A_min 181 · A_mean 204.6 · flag_A '—'	1249	rescore_v13.json
N05	회차 요약(동결 9/21)	solvL1	5	—	—	미계산	rt_mean 204.6 · rt_min 181 · rt_max 221 · flag 'None'	—	final_report_20260921/roundtrip.json (nrep_run 5)
N05	r1	solvL2	8	미보유(워커별 값 저장 안 됨)	53	미계산	184	1249	rescore_v13.json {C_tot,A_tot} (회차 1..5 중 log 있는 순)
N05	r2	solvL2	8	미보유(워커별 값 저장 안 됨)	59	미계산	187	1249	rescore_v13.json {C_tot,A_tot} (회차 1..5 중 log 있는 순)
N05	r3	solvL2	8	미보유(워커별 값 저장 안 됨)	54	미계산	174	1249	rescore_v13.json {C_tot,A_tot} (회차 1..5 중 log 있는 순)
N05	r4	solvL2	8	미보유(워커별 값 저장 안 됨)	56	미계산	212	1249	rescore_v13.json {C_tot,A_tot} (회차 1..5 중 log 있는 순)
N05	r5	solvL2	8	미보유(워커별 값 저장 안 됨)	54	미계산	188	1249	rescore_v13.json {C_tot,A_tot} (회차 1..5 중 log 있는 순)
N05	회차 요약	solvL2	8	—	C_min 53 · C_mean 55.2 · flag_C '—'	미계산	A_min 174 · A_mean 189.0 · flag_A '—'	1249	rescore_v13.json
N05	회차 요약(동결 9/21)	solvL2	8	—	—	미계산	rt_mean 189.0 · rt_min 174 · rt_max 212 · flag 'None'	—	final_report_20260921/roundtrip.json (nrep_run 5)
N05	r1	solvL3	6	미보유(워커별 값 저장 안 됨)	51	미계산	215	1249	rescore_v13.json {C_tot,A_tot} (회차 1..5 중 log 있는 순)
N05	r2	solvL3	6	미보유(워커별 값 저장 안 됨)	63	미계산	184	1249	rescore_v13.json {C_tot,A_tot} (회차 1..5 중 log 있는 순)
N05	r3	solvL3	6	미보유(워커별 값 저장 안 됨)	58	미계산	163	1249	rescore_v13.json {C_tot,A_tot} (회차 1..5 중 log 있는 순)
N05	r4	solvL3	6	미보유(워커별 값 저장 안 됨)	55	미계산	201	1249	rescore_v13.json {C_tot,A_tot} (회차 1..5 중 log 있는 순)
N05	r5	solvL3	6	미보유(워커별 값 저장 안 됨)	56	미계산	184	1249	rescore_v13.json {C_tot,A_tot} (회차 1..5 중 log 있는 순)
N05	회차 요약	solvL3	6	—	C_min 51 · C_mean 56.6 · flag_C '—'	미계산	A_min 163 · A_mean 189.4 · flag_A '—'	1249	rescore_v13.json
N05	회차 요약(동결 9/21)	solvL3	6	—	—	미계산	rt_mean 189.4 · rt_min 163 · rt_max 215 · flag 'None'	—	final_report_20260921/roundtrip.json (nrep_run 5)
N06	r1	cplxL1	4	미보유(워커별 값 저장 안 됨)	81	미계산	225	1249	rescore_v13.json {C_tot,A_tot} (회차 1..5 중 log 있는 순)
N06	r2	cplxL1	4	미보유(워커별 값 저장 안 됨)	134	미계산	372	1249	rescore_v13.json {C_tot,A_tot} (회차 1..5 중 log 있는 순)
N06	r3	cplxL1	4	미보유(워커별 값 저장 안 됨)	93	미계산	299	1249	rescore_v13.json {C_tot,A_tot} (회차 1..5 중 log 있는 순)
N06	r4	cplxL1	4	미보유(워커별 값 저장 안 됨)	152	미계산	358	1249	rescore_v13.json {C_tot,A_tot} (회차 1..5 중 log 있는 순)
N06	r5	cplxL1	4	미보유(워커별 값 저장 안 됨)	80	미계산	287	1249	rescore_v13.json {C_tot,A_tot} (회차 1..5 중 log 있는 순)
N06	회차 요약	cplxL1	4	—	C_min 80 · C_mean 108.0 · flag_C '—'	미계산	A_min 225 · A_mean 308.2 · flag_A '—'	1249	rescore_v13.json
N06	회차 요약(동결 9/21)	cplxL1	4	—	—	미계산	rt_mean 308.2 · rt_min 225 · rt_max 372 · flag 'None'	—	final_report_20260921/roundtrip.json (nrep_run 5)
N06	r1	cplxL2	6	미보유(워커별 값 저장 안 됨)	77	미계산	249	1249	rescore_v13.json {C_tot,A_tot} (회차 1..5 중 log 있는 순)
N06	r2	cplxL2	6	미보유(워커별 값 저장 안 됨)	54	미계산	225	1249	rescore_v13.json {C_tot,A_tot} (회차 1..5 중 log 있는 순)
N06	r3	cplxL2	6	미보유(워커별 값 저장 안 됨)	66	미계산	205	1249	rescore_v13.json {C_tot,A_tot} (회차 1..5 중 log 있는 순)
N06	r4	cplxL2	6	미보유(워커별 값 저장 안 됨)	46	미계산	174	1249	rescore_v13.json {C_tot,A_tot} (회차 1..5 중 log 있는 순)
N06	r5	cplxL2	6	미보유(워커별 값 저장 안 됨)	47	미계산	183	1249	rescore_v13.json {C_tot,A_tot} (회차 1..5 중 log 있는 순)
N06	회차 요약	cplxL2	6	—	C_min 46 · C_mean 58.0 · flag_C '—'	미계산	A_min 174 · A_mean 207.2 · flag_A '—'	1249	rescore_v13.json
N06	회차 요약(동결 9/21)	cplxL2	6	—	—	미계산	rt_mean 207.2 · rt_min 174 · rt_max 249 · flag 'None'	—	final_report_20260921/roundtrip.json (nrep_run 5)
N06	r1	cplxL3	5	미보유(워커별 값 저장 안 됨)	13	미계산	122	1249	rescore_v13.json {C_tot,A_tot} (회차 1..5 중 log 있는 순)
N06	r2	cplxL3	5	미보유(워커별 값 저장 안 됨)	35	미계산	178	1249	rescore_v13.json {C_tot,A_tot} (회차 1..5 중 log 있는 순)
N06	r3	cplxL3	5	미보유(워커별 값 저장 안 됨)	20	미계산	156	1249	rescore_v13.json {C_tot,A_tot} (회차 1..5 중 log 있는 순)
N06	r4	cplxL3	5	미보유(워커별 값 저장 안 됨)	25	미계산	190	1249	rescore_v13.json {C_tot,A_tot} (회차 1..5 중 log 있는 순)
N06	r5	cplxL3	5	미보유(워커별 값 저장 안 됨)	27	미계산	194	1249	rescore_v13.json {C_tot,A_tot} (회차 1..5 중 log 있는 순)
N06	회차 요약	cplxL3	5	—	C_min 13 · C_mean 24.0 · flag_C '—'	미계산	A_min 122 · A_mean 168.0 · flag_A '—'	1249	rescore_v13.json
N06	회차 요약(동결 9/21)	cplxL3	5	—	—	미계산	rt_mean 168.0 · rt_min 122 · rt_max 194 · flag 'None'	—	final_report_20260921/roundtrip.json (nrep_run 5)
N06	r1	solvL1	5	미보유(워커별 값 저장 안 됨)	77	미계산	230	1249	rescore_v13.json {C_tot,A_tot} (회차 1..5 중 log 있는 순)
N06	r2	solvL1	5	미보유(워커별 값 저장 안 됨)	66	미계산	175	1249	rescore_v13.json {C_tot,A_tot} (회차 1..5 중 log 있는 순)
N06	r3	solvL1	5	미보유(워커별 값 저장 안 됨)	75	미계산	193	1249	rescore_v13.json {C_tot,A_tot} (회차 1..5 중 log 있는 순)
N06	r4	solvL1	5	미보유(워커별 값 저장 안 됨)	69	미계산	195	1249	rescore_v13.json {C_tot,A_tot} (회차 1..5 중 log 있는 순)
N06	r5	solvL1	5	미보유(워커별 값 저장 안 됨)	71	미계산	214	1249	rescore_v13.json {C_tot,A_tot} (회차 1..5 중 log 있는 순)
N06	회차 요약	solvL1	5	—	C_min 66 · C_mean 71.6 · flag_C '—'	미계산	A_min 175 · A_mean 201.4 · flag_A '—'	1249	rescore_v13.json
N06	회차 요약(동결 9/21)	solvL1	5	—	—	미계산	rt_mean 201.4 · rt_min 175 · rt_max 230 · flag 'None'	—	final_report_20260921/roundtrip.json (nrep_run 5)
N06	r1	solvL2	7	미보유(워커별 값 저장 안 됨)	89	미계산	287	1249	rescore_v13.json {C_tot,A_tot} (회차 1..5 중 log 있는 순)
N06	r2	solvL2	7	미보유(워커별 값 저장 안 됨)	90	미계산	296	1249	rescore_v13.json {C_tot,A_tot} (회차 1..5 중 log 있는 순)
N06	r3	solvL2	7	미보유(워커별 값 저장 안 됨)	87	미계산	296	1249	rescore_v13.json {C_tot,A_tot} (회차 1..5 중 log 있는 순)
N06	r4	solvL2	7	미보유(워커별 값 저장 안 됨)	102	미계산	297	1249	rescore_v13.json {C_tot,A_tot} (회차 1..5 중 log 있는 순)
N06	r5	solvL2	7	미보유(워커별 값 저장 안 됨)	89	미계산	278	1249	rescore_v13.json {C_tot,A_tot} (회차 1..5 중 log 있는 순)
N06	회차 요약	solvL2	7	—	C_min 87 · C_mean 91.4 · flag_C '—'	미계산	A_min 278 · A_mean 290.8 · flag_A '—'	1249	rescore_v13.json
N06	회차 요약(동결 9/21)	solvL2	7	—	—	미계산	rt_mean 290.8 · rt_min 278 · rt_max 297 · flag 'None'	—	final_report_20260921/roundtrip.json (nrep_run 5)
N06	r1	solvL3	6	미보유(워커별 값 저장 안 됨)	39	미계산	138	1249	rescore_v13.json {C_tot,A_tot} (회차 1..5 중 log 있는 순)
N06	r2	solvL3	6	미보유(워커별 값 저장 안 됨)	48	미계산	172	1249	rescore_v13.json {C_tot,A_tot} (회차 1..5 중 log 있는 순)
N06	r3	solvL3	6	미보유(워커별 값 저장 안 됨)	47	미계산	177	1249	rescore_v13.json {C_tot,A_tot} (회차 1..5 중 log 있는 순)
N06	r4	solvL3	6	미보유(워커별 값 저장 안 됨)	45	미계산	166	1249	rescore_v13.json {C_tot,A_tot} (회차 1..5 중 log 있는 순)
N06	r5	solvL3	6	미보유(워커별 값 저장 안 됨)	46	미계산	156	1249	rescore_v13.json {C_tot,A_tot} (회차 1..5 중 log 있는 순)
N06	회차 요약	solvL3	6	—	C_min 39 · C_mean 45.0 · flag_C '—'	미계산	A_min 138 · A_mean 161.8 · flag_A '—'	1249	rescore_v13.json
N06	회차 요약(동결 9/21)	solvL3	6	—	—	미계산	rt_mean 161.8 · rt_min 138 · rt_max 177 · flag 'None'	—	final_report_20260921/roundtrip.json (nrep_run 5)
N07	r1	cplxL1	4	미보유(워커별 값 저장 안 됨)	29	미계산	72	1249	rescore_v13.json {C_tot,A_tot} (회차 1..5 중 log 있는 순)
N07	r2	cplxL1	4	미보유(워커별 값 저장 안 됨)	88	미계산	259	1249	rescore_v13.json {C_tot,A_tot} (회차 1..5 중 log 있는 순)
N07	r3	cplxL1	4	미보유(워커별 값 저장 안 됨)	61	미계산	162	1249	rescore_v13.json {C_tot,A_tot} (회차 1..5 중 log 있는 순)
N07	r4	cplxL1	4	미보유(워커별 값 저장 안 됨)	50	미계산	229	1249	rescore_v13.json {C_tot,A_tot} (회차 1..5 중 log 있는 순)
N07	r5	cplxL1	4	미보유(워커별 값 저장 안 됨)	27	미계산	278	1249	rescore_v13.json {C_tot,A_tot} (회차 1..5 중 log 있는 순)
N07	회차 요약	cplxL1	4	—	C_min 27 · C_mean 51.0 · flag_C '—'	미계산	A_min 72 · A_mean 200.0 · flag_A '—'	1249	rescore_v13.json
N07	회차 요약(동결 9/21)	cplxL1	4	—	—	미계산	rt_mean 200.0 · rt_min 72 · rt_max 278 · flag 'None'	—	final_report_20260921/roundtrip.json (nrep_run 5)
N07	r1	cplxL2	9	미보유(워커별 값 저장 안 됨)	24	미계산	236	1249	rescore_v13.json {C_tot,A_tot} (회차 1..5 중 log 있는 순)
N07	r2	cplxL2	9	미보유(워커별 값 저장 안 됨)	25	미계산	165	1249	rescore_v13.json {C_tot,A_tot} (회차 1..5 중 log 있는 순)
N07	r3	cplxL2	9	미보유(워커별 값 저장 안 됨)	22	미계산	129	1249	rescore_v13.json {C_tot,A_tot} (회차 1..5 중 log 있는 순)
N07	r4	cplxL2	9	미보유(워커별 값 저장 안 됨)	11	미계산	194	1249	rescore_v13.json {C_tot,A_tot} (회차 1..5 중 log 있는 순)
N07	r5	cplxL2	9	미보유(워커별 값 저장 안 됨)	11	미계산	258	1249	rescore_v13.json {C_tot,A_tot} (회차 1..5 중 log 있는 순)
N07	회차 요약	cplxL2	9	—	C_min 11 · C_mean 18.6 · flag_C '경계'	미계산	A_min 129 · A_mean 196.4 · flag_A '—'	1249	rescore_v13.json
N07	회차 요약(동결 9/21)	cplxL2	9	—	—	미계산	rt_mean 196.4 · rt_min 129 · rt_max 258 · flag 'None'	—	final_report_20260921/roundtrip.json (nrep_run 5)
N07	r1	cplxL3	3	미보유(워커별 값 저장 안 됨)	107	미계산	210	1249	rescore_v13.json {C_tot,A_tot} (회차 1..5 중 log 있는 순)
N07	r2	cplxL3	3	미보유(워커별 값 저장 안 됨)	98	미계산	233	1249	rescore_v13.json {C_tot,A_tot} (회차 1..5 중 log 있는 순)
N07	r3	cplxL3	3	미보유(워커별 값 저장 안 됨)	123	미계산	198	1249	rescore_v13.json {C_tot,A_tot} (회차 1..5 중 log 있는 순)
N07	r4	cplxL3	3	미보유(워커별 값 저장 안 됨)	96	미계산	204	1249	rescore_v13.json {C_tot,A_tot} (회차 1..5 중 log 있는 순)
N07	r5	cplxL3	3	미보유(워커별 값 저장 안 됨)	74	미계산	154	1249	rescore_v13.json {C_tot,A_tot} (회차 1..5 중 log 있는 순)
N07	회차 요약	cplxL3	3	—	C_min 74 · C_mean 99.6 · flag_C '—'	미계산	A_min 154 · A_mean 199.8 · flag_A '—'	1249	rescore_v13.json
N07	회차 요약(동결 9/21)	cplxL3	3	—	—	미계산	rt_mean 199.8 · rt_min 154 · rt_max 233 · flag 'None'	—	final_report_20260921/roundtrip.json (nrep_run 5)
N07	r1	solvL1	7	미보유(워커별 값 저장 안 됨)	70	미계산	267	1249	rescore_v13.json {C_tot,A_tot} (회차 1..5 중 log 있는 순)
N07	r2	solvL1	7	미보유(워커별 값 저장 안 됨)	79	미계산	235	1249	rescore_v13.json {C_tot,A_tot} (회차 1..5 중 log 있는 순)
N07	r3	solvL1	7	미보유(워커별 값 저장 안 됨)	65	미계산	251	1249	rescore_v13.json {C_tot,A_tot} (회차 1..5 중 log 있는 순)
N07	r4	solvL1	7	미보유(워커별 값 저장 안 됨)	73	미계산	207	1249	rescore_v13.json {C_tot,A_tot} (회차 1..5 중 log 있는 순)
N07	r5	solvL1	7	미보유(워커별 값 저장 안 됨)	63	미계산	198	1249	rescore_v13.json {C_tot,A_tot} (회차 1..5 중 log 있는 순)
N07	회차 요약	solvL1	7	—	C_min 63 · C_mean 70.0 · flag_C '—'	미계산	A_min 198 · A_mean 231.6 · flag_A '—'	1249	rescore_v13.json
N07	회차 요약(동결 9/21)	solvL1	7	—	—	미계산	rt_mean 231.6 · rt_min 198 · rt_max 267 · flag 'None'	—	final_report_20260921/roundtrip.json (nrep_run 5)
N07	r1	solvL2	8	미보유(워커별 값 저장 안 됨)	43	미계산	152	1249	rescore_v13.json {C_tot,A_tot} (회차 1..5 중 log 있는 순)
N07	r2	solvL2	8	미보유(워커별 값 저장 안 됨)	49	미계산	204	1249	rescore_v13.json {C_tot,A_tot} (회차 1..5 중 log 있는 순)
N07	r3	solvL2	8	미보유(워커별 값 저장 안 됨)	49	미계산	168	1249	rescore_v13.json {C_tot,A_tot} (회차 1..5 중 log 있는 순)
N07	r4	solvL2	8	미보유(워커별 값 저장 안 됨)	23	미계산	149	1249	rescore_v13.json {C_tot,A_tot} (회차 1..5 중 log 있는 순)
N07	r5	solvL2	8	미보유(워커별 값 저장 안 됨)	25	미계산	181	1249	rescore_v13.json {C_tot,A_tot} (회차 1..5 중 log 있는 순)
N07	회차 요약	solvL2	8	—	C_min 23 · C_mean 37.8 · flag_C '—'	미계산	A_min 149 · A_mean 170.8 · flag_A '—'	1249	rescore_v13.json
N07	회차 요약(동결 9/21)	solvL2	8	—	—	미계산	rt_mean 170.8 · rt_min 149 · rt_max 204 · flag 'None'	—	final_report_20260921/roundtrip.json (nrep_run 5)
N07	r1	solvL3	4	미보유(워커별 값 저장 안 됨)	115	미계산	254	1249	rescore_v13.json {C_tot,A_tot} (회차 1..5 중 log 있는 순)
N07	r2	solvL3	4	미보유(워커별 값 저장 안 됨)	125	미계산	245	1249	rescore_v13.json {C_tot,A_tot} (회차 1..5 중 log 있는 순)
N07	r3	solvL3	4	미보유(워커별 값 저장 안 됨)	117	미계산	260	1249	rescore_v13.json {C_tot,A_tot} (회차 1..5 중 log 있는 순)
N07	r4	solvL3	4	미보유(워커별 값 저장 안 됨)	120	미계산	239	1249	rescore_v13.json {C_tot,A_tot} (회차 1..5 중 log 있는 순)
N07	r5	solvL3	4	미보유(워커별 값 저장 안 됨)	136	미계산	254	1249	rescore_v13.json {C_tot,A_tot} (회차 1..5 중 log 있는 순)
N07	회차 요약	solvL3	4	—	C_min 115 · C_mean 122.6 · flag_C '—'	미계산	A_min 239 · A_mean 250.4 · flag_A '—'	1249	rescore_v13.json
N07	회차 요약(동결 9/21)	solvL3	4	—	—	미계산	rt_mean 250.4 · rt_min 239 · rt_max 260 · flag 'None'	—	final_report_20260921/roundtrip.json (nrep_run 5)
N08	r1	cplxL1	17	미보유(워커별 값 저장 안 됨)	0	미계산	62	1249	rescore_v13.json {C_tot,A_tot} (회차 1..5 중 log 있는 순)
N08	r2	cplxL1	17	미보유(워커별 값 저장 안 됨)	1	미계산	49	1249	rescore_v13.json {C_tot,A_tot} (회차 1..5 중 log 있는 순)
N08	r3	cplxL1	17	미보유(워커별 값 저장 안 됨)	0	미계산	17	1249	rescore_v13.json {C_tot,A_tot} (회차 1..5 중 log 있는 순)
N08	r4	cplxL1	17	미보유(워커별 값 저장 안 됨)	0	미계산	14	1249	rescore_v13.json {C_tot,A_tot} (회차 1..5 중 log 있는 순)
N08	r5	cplxL1	17	미보유(워커별 값 저장 안 됨)	0	미계산	11	1249	rescore_v13.json {C_tot,A_tot} (회차 1..5 중 log 있는 순)
N08	회차 요약	cplxL1	17	—	C_min 0 · C_mean 0.2 · flag_C '수렴실패'	미계산	A_min 11 · A_mean 30.6 · flag_A '—'	1249	rescore_v13.json
N08	회차 요약(동결 9/21)	cplxL1	17	—	—	미계산	rt_mean 30.6 · rt_min 11 · rt_max 62 · flag 'None'	—	final_report_20260921/roundtrip.json (nrep_run 5)
N08	r1	cplxL2	18	미보유(워커별 값 저장 안 됨)	9	미계산	84	1249	rescore_v13.json {C_tot,A_tot} (회차 1..5 중 log 있는 순)
N08	r2	cplxL2	18	미보유(워커별 값 저장 안 됨)	5	미계산	114	1249	rescore_v13.json {C_tot,A_tot} (회차 1..5 중 log 있는 순)
N08	r3	cplxL2	18	미보유(워커별 값 저장 안 됨)	2	미계산	84	1249	rescore_v13.json {C_tot,A_tot} (회차 1..5 중 log 있는 순)
N08	r4	cplxL2	18	미보유(워커별 값 저장 안 됨)	4	미계산	67	1249	rescore_v13.json {C_tot,A_tot} (회차 1..5 중 log 있는 순)
N08	r5	cplxL2	18	미보유(워커별 값 저장 안 됨)	7	미계산	87	1249	rescore_v13.json {C_tot,A_tot} (회차 1..5 중 log 있는 순)
N08	회차 요약	cplxL2	18	—	C_min 2 · C_mean 5.4 · flag_C '경계'	미계산	A_min 67 · A_mean 87.2 · flag_A '—'	1249	rescore_v13.json
N08	회차 요약(동결 9/21)	cplxL2	18	—	—	미계산	rt_mean 87.2 · rt_min 67 · rt_max 114 · flag 'None'	—	final_report_20260921/roundtrip.json (nrep_run 5)
N08	r1	cplxL3	19	미보유(워커별 값 저장 안 됨)	2	미계산	18	1249	rescore_v13.json {C_tot,A_tot} (회차 1..5 중 log 있는 순)
N08	r3	cplxL3	19	미보유(워커별 값 저장 안 됨)	0	미계산	18	1249	rescore_v13.json {C_tot,A_tot} (회차 1..5 중 log 있는 순)
N08	r4	cplxL3	19	미보유(워커별 값 저장 안 됨)	0	미계산	39	1249	rescore_v13.json {C_tot,A_tot} (회차 1..5 중 log 있는 순)
N08	r5	cplxL3	19	미보유(워커별 값 저장 안 됨)	0	미계산	1	1249	rescore_v13.json {C_tot,A_tot} (회차 1..5 중 log 있는 순)
N08	회차 요약	cplxL3	19	—	C_min 0 · C_mean 0.5 · flag_C '수렴실패'	미계산	A_min 1 · A_mean 19.0 · flag_A '경계'	1249	rescore_v13.json
N08	회차 요약(동결 9/21)	cplxL3	19	—	—	미계산	rt_mean 19.0 · rt_min 1 · rt_max 39 · flag '경계 — 왕복 여유 없음'	—	final_report_20260921/roundtrip.json (nrep_run 4)
N08	r1	solvL1	17	미보유(워커별 값 저장 안 됨)	14	미계산	103	1249	rescore_v13.json {C_tot,A_tot} (회차 1..5 중 log 있는 순)
N08	r2	solvL1	17	미보유(워커별 값 저장 안 됨)	13	미계산	70	1249	rescore_v13.json {C_tot,A_tot} (회차 1..5 중 log 있는 순)
N08	r3	solvL1	17	미보유(워커별 값 저장 안 됨)	11	미계산	101	1249	rescore_v13.json {C_tot,A_tot} (회차 1..5 중 log 있는 순)
N08	r4	solvL1	17	미보유(워커별 값 저장 안 됨)	12	미계산	115	1249	rescore_v13.json {C_tot,A_tot} (회차 1..5 중 log 있는 순)
N08	r5	solvL1	17	미보유(워커별 값 저장 안 됨)	17	미계산	112	1249	rescore_v13.json {C_tot,A_tot} (회차 1..5 중 log 있는 순)
N08	회차 요약	solvL1	17	—	C_min 11 · C_mean 13.4 · flag_C '경계'	미계산	A_min 70 · A_mean 100.2 · flag_A '—'	1249	rescore_v13.json
N08	회차 요약(동결 9/21)	solvL1	17	—	—	미계산	rt_mean 100.2 · rt_min 70 · rt_max 115 · flag 'None'	—	final_report_20260921/roundtrip.json (nrep_run 5)
N08	r1	solvL2	17	미보유(워커별 값 저장 안 됨)	10	미계산	107	1249	rescore_v13.json {C_tot,A_tot} (회차 1..5 중 log 있는 순)
N08	r2	solvL2	17	미보유(워커별 값 저장 안 됨)	12	미계산	109	1249	rescore_v13.json {C_tot,A_tot} (회차 1..5 중 log 있는 순)
N08	r3	solvL2	17	미보유(워커별 값 저장 안 됨)	10	미계산	103	1249	rescore_v13.json {C_tot,A_tot} (회차 1..5 중 log 있는 순)
N08	r4	solvL2	17	미보유(워커별 값 저장 안 됨)	11	미계산	69	1249	rescore_v13.json {C_tot,A_tot} (회차 1..5 중 log 있는 순)
N08	r5	solvL2	17	미보유(워커별 값 저장 안 됨)	11	미계산	117	1249	rescore_v13.json {C_tot,A_tot} (회차 1..5 중 log 있는 순)
N08	회차 요약	solvL2	17	—	C_min 10 · C_mean 10.8 · flag_C '경계'	미계산	A_min 69 · A_mean 101.0 · flag_A '—'	1249	rescore_v13.json
N08	회차 요약(동결 9/21)	solvL2	17	—	—	미계산	rt_mean 101.0 · rt_min 69 · rt_max 117 · flag 'None'	—	final_report_20260921/roundtrip.json (nrep_run 5)
N08	r1	solvL3	20	미보유(워커별 값 저장 안 됨)	12	미계산	72	1249	rescore_v13.json {C_tot,A_tot} (회차 1..5 중 log 있는 순)
N08	r2	solvL3	20	미보유(워커별 값 저장 안 됨)	7	미계산	80	1249	rescore_v13.json {C_tot,A_tot} (회차 1..5 중 log 있는 순)
N08	r3	solvL3	20	미보유(워커별 값 저장 안 됨)	9	미계산	82	1249	rescore_v13.json {C_tot,A_tot} (회차 1..5 중 log 있는 순)
N08	r4	solvL3	20	미보유(워커별 값 저장 안 됨)	13	미계산	116	1249	rescore_v13.json {C_tot,A_tot} (회차 1..5 중 log 있는 순)
N08	r5	solvL3	20	미보유(워커별 값 저장 안 됨)	13	미계산	81	1249	rescore_v13.json {C_tot,A_tot} (회차 1..5 중 log 있는 순)
N08	회차 요약	solvL3	20	—	C_min 7 · C_mean 10.8 · flag_C '경계'	미계산	A_min 72 · A_mean 86.2 · flag_A '—'	1249	rescore_v13.json
N08	회차 요약(동결 9/21)	solvL3	20	—	—	미계산	rt_mean 86.2 · rt_min 72 · rt_max 116 · flag 'None'	—	final_report_20260921/roundtrip.json (nrep_run 5)
N09	r1	cplxL1	6	미보유(워커별 값 저장 안 됨)	14	미계산	119	1249	rescore_v13.json {C_tot,A_tot} (회차 1..5 중 log 있는 순)
N09	r2	cplxL1	6	미보유(워커별 값 저장 안 됨)	12	미계산	78	1249	rescore_v13.json {C_tot,A_tot} (회차 1..5 중 log 있는 순)
N09	r3	cplxL1	6	미보유(워커별 값 저장 안 됨)	20	미계산	155	1249	rescore_v13.json {C_tot,A_tot} (회차 1..5 중 log 있는 순)
N09	r4	cplxL1	6	미보유(워커별 값 저장 안 됨)	17	미계산	282	1249	rescore_v13.json {C_tot,A_tot} (회차 1..5 중 log 있는 순)
N09	r5	cplxL1	6	미보유(워커별 값 저장 안 됨)	30	미계산	112	1249	rescore_v13.json {C_tot,A_tot} (회차 1..5 중 log 있는 순)
N09	회차 요약	cplxL1	6	—	C_min 12 · C_mean 18.6 · flag_C '경계'	미계산	A_min 78 · A_mean 149.2 · flag_A '—'	1249	rescore_v13.json
N09	회차 요약(동결 9/21)	cplxL1	6	—	—	미계산	rt_mean 149.2 · rt_min 78 · rt_max 282 · flag 'None'	—	final_report_20260921/roundtrip.json (nrep_run 5)
N09	r1	cplxL2	15	미보유(워커별 값 저장 안 됨)	10	미계산	164	1249	rescore_v13.json {C_tot,A_tot} (회차 1..5 중 log 있는 순)
N09	r2	cplxL2	15	미보유(워커별 값 저장 안 됨)	13	미계산	137	1249	rescore_v13.json {C_tot,A_tot} (회차 1..5 중 log 있는 순)
N09	r3	cplxL2	15	미보유(워커별 값 저장 안 됨)	19	미계산	86	1249	rescore_v13.json {C_tot,A_tot} (회차 1..5 중 log 있는 순)
N09	r4	cplxL2	15	미보유(워커별 값 저장 안 됨)	9	미계산	181	1249	rescore_v13.json {C_tot,A_tot} (회차 1..5 중 log 있는 순)
N09	r5	cplxL2	15	미보유(워커별 값 저장 안 됨)	14	미계산	144	1249	rescore_v13.json {C_tot,A_tot} (회차 1..5 중 log 있는 순)
N09	회차 요약	cplxL2	15	—	C_min 9 · C_mean 13.0 · flag_C '경계'	미계산	A_min 86 · A_mean 142.4 · flag_A '—'	1249	rescore_v13.json
N09	회차 요약(동결 9/21)	cplxL2	15	—	—	미계산	rt_mean 142.4 · rt_min 86 · rt_max 181 · flag 'None'	—	final_report_20260921/roundtrip.json (nrep_run 5)
N09	r1	cplxL3	3	미보유(워커별 값 저장 안 됨)	228	미계산	375	1249	rescore_v13.json {C_tot,A_tot} (회차 1..5 중 log 있는 순)
N09	r2	cplxL3	3	미보유(워커별 값 저장 안 됨)	164	미계산	283	1249	rescore_v13.json {C_tot,A_tot} (회차 1..5 중 log 있는 순)
N09	r3	cplxL3	3	미보유(워커별 값 저장 안 됨)	210	미계산	356	1249	rescore_v13.json {C_tot,A_tot} (회차 1..5 중 log 있는 순)
N09	r4	cplxL3	3	미보유(워커별 값 저장 안 됨)	126	미계산	195	1249	rescore_v13.json {C_tot,A_tot} (회차 1..5 중 log 있는 순)
N09	r5	cplxL3	3	미보유(워커별 값 저장 안 됨)	153	미계산	302	1249	rescore_v13.json {C_tot,A_tot} (회차 1..5 중 log 있는 순)
N09	회차 요약	cplxL3	3	—	C_min 126 · C_mean 176.2 · flag_C '—'	미계산	A_min 195 · A_mean 302.2 · flag_A '—'	1249	rescore_v13.json
N09	회차 요약(동결 9/21)	cplxL3	3	—	—	미계산	rt_mean 302.2 · rt_min 195 · rt_max 375 · flag 'None'	—	final_report_20260921/roundtrip.json (nrep_run 5)
N09	r1	solvL1	6	미보유(워커별 값 저장 안 됨)	46	미계산	195	1249	rescore_v13.json {C_tot,A_tot} (회차 1..5 중 log 있는 순)
N09	r2	solvL1	6	미보유(워커별 값 저장 안 됨)	49	미계산	176	1249	rescore_v13.json {C_tot,A_tot} (회차 1..5 중 log 있는 순)
N09	r3	solvL1	6	미보유(워커별 값 저장 안 됨)	52	미계산	151	1249	rescore_v13.json {C_tot,A_tot} (회차 1..5 중 log 있는 순)
N09	r4	solvL1	6	미보유(워커별 값 저장 안 됨)	51	미계산	174	1249	rescore_v13.json {C_tot,A_tot} (회차 1..5 중 log 있는 순)
N09	r5	solvL1	6	미보유(워커별 값 저장 안 됨)	49	미계산	174	1249	rescore_v13.json {C_tot,A_tot} (회차 1..5 중 log 있는 순)
N09	회차 요약	solvL1	6	—	C_min 46 · C_mean 49.4 · flag_C '—'	미계산	A_min 151 · A_mean 174.0 · flag_A '—'	1249	rescore_v13.json
N09	회차 요약(동결 9/21)	solvL1	6	—	—	미계산	rt_mean 174.0 · rt_min 151 · rt_max 195 · flag 'None'	—	final_report_20260921/roundtrip.json (nrep_run 5)
N09	r1	solvL2	14	미보유(워커별 값 저장 안 됨)	20	미계산	140	1249	rescore_v13.json {C_tot,A_tot} (회차 1..5 중 log 있는 순)
N09	r2	solvL2	14	미보유(워커별 값 저장 안 됨)	22	미계산	135	1249	rescore_v13.json {C_tot,A_tot} (회차 1..5 중 log 있는 순)
N09	r3	solvL2	14	미보유(워커별 값 저장 안 됨)	12	미계산	188	1249	rescore_v13.json {C_tot,A_tot} (회차 1..5 중 log 있는 순)
N09	r4	solvL2	14	미보유(워커별 값 저장 안 됨)	25	미계산	223	1249	rescore_v13.json {C_tot,A_tot} (회차 1..5 중 log 있는 순)
N09	r5	solvL2	14	미보유(워커별 값 저장 안 됨)	26	미계산	146	1249	rescore_v13.json {C_tot,A_tot} (회차 1..5 중 log 있는 순)
N09	회차 요약	solvL2	14	—	C_min 12 · C_mean 21.0 · flag_C '—'	미계산	A_min 135 · A_mean 166.4 · flag_A '—'	1249	rescore_v13.json
N09	회차 요약(동결 9/21)	solvL2	14	—	—	미계산	rt_mean 166.4 · rt_min 135 · rt_max 223 · flag 'None'	—	final_report_20260921/roundtrip.json (nrep_run 5)
N09	r1	solvL3	5	미보유(워커별 값 저장 안 됨)	118	미계산	292	1249	rescore_v13.json {C_tot,A_tot} (회차 1..5 중 log 있는 순)
N09	r2	solvL3	5	미보유(워커별 값 저장 안 됨)	111	미계산	311	1249	rescore_v13.json {C_tot,A_tot} (회차 1..5 중 log 있는 순)
N09	r3	solvL3	5	미보유(워커별 값 저장 안 됨)	119	미계산	257	1249	rescore_v13.json {C_tot,A_tot} (회차 1..5 중 log 있는 순)
N09	r4	solvL3	5	미보유(워커별 값 저장 안 됨)	126	미계산	282	1249	rescore_v13.json {C_tot,A_tot} (회차 1..5 중 log 있는 순)
N09	r5	solvL3	5	미보유(워커별 값 저장 안 됨)	108	미계산	241	1249	rescore_v13.json {C_tot,A_tot} (회차 1..5 중 log 있는 순)
N09	회차 요약	solvL3	5	—	C_min 108 · C_mean 116.4 · flag_C '—'	미계산	A_min 241 · A_mean 276.6 · flag_A '—'	1249	rescore_v13.json
N09	회차 요약(동결 9/21)	solvL3	5	—	—	미계산	rt_mean 276.6 · rt_min 241 · rt_max 311 · flag 'None'	—	final_report_20260921/roundtrip.json (nrep_run 5)
N10	r1	cplxL1	5	미보유(워커별 값 저장 안 됨)	63	미계산	366	1249	rescore_v13.json {C_tot,A_tot} (회차 1..5 중 log 있는 순)
N10	r2	cplxL1	5	미보유(워커별 값 저장 안 됨)	74	미계산	252	1249	rescore_v13.json {C_tot,A_tot} (회차 1..5 중 log 있는 순)
N10	r3	cplxL1	5	미보유(워커별 값 저장 안 됨)	65	미계산	238	1249	rescore_v13.json {C_tot,A_tot} (회차 1..5 중 log 있는 순)
N10	r4	cplxL1	5	미보유(워커별 값 저장 안 됨)	61	미계산	337	1249	rescore_v13.json {C_tot,A_tot} (회차 1..5 중 log 있는 순)
N10	r5	cplxL1	5	미보유(워커별 값 저장 안 됨)	73	미계산	359	1249	rescore_v13.json {C_tot,A_tot} (회차 1..5 중 log 있는 순)
N10	회차 요약	cplxL1	5	—	C_min 61 · C_mean 67.2 · flag_C '—'	미계산	A_min 238 · A_mean 310.4 · flag_A '—'	1249	rescore_v13.json
N10	회차 요약(동결 9/21)	cplxL1	5	—	—	미계산	rt_mean 310.4 · rt_min 238 · rt_max 366 · flag 'None'	—	final_report_20260921/roundtrip.json (nrep_run 5)
N10	r1	cplxL2	7	미보유(워커별 값 저장 안 됨)	101	미계산	321	1249	rescore_v13.json {C_tot,A_tot} (회차 1..5 중 log 있는 순)
N10	r2	cplxL2	7	미보유(워커별 값 저장 안 됨)	104	미계산	290	1249	rescore_v13.json {C_tot,A_tot} (회차 1..5 중 log 있는 순)
N10	r3	cplxL2	7	미보유(워커별 값 저장 안 됨)	78	미계산	289	1249	rescore_v13.json {C_tot,A_tot} (회차 1..5 중 log 있는 순)
N10	r4	cplxL2	7	미보유(워커별 값 저장 안 됨)	90	미계산	288	1249	rescore_v13.json {C_tot,A_tot} (회차 1..5 중 log 있는 순)
N10	r5	cplxL2	7	미보유(워커별 값 저장 안 됨)	105	미계산	293	1249	rescore_v13.json {C_tot,A_tot} (회차 1..5 중 log 있는 순)
N10	회차 요약	cplxL2	7	—	C_min 78 · C_mean 95.6 · flag_C '—'	미계산	A_min 288 · A_mean 296.2 · flag_A '—'	1249	rescore_v13.json
N10	회차 요약(동결 9/21)	cplxL2	7	—	—	미계산	rt_mean 296.2 · rt_min 288 · rt_max 321 · flag 'None'	—	final_report_20260921/roundtrip.json (nrep_run 5)
N10	r1	cplxL3	5	미보유(워커별 값 저장 안 됨)	15	미계산	117	1249	rescore_v13.json {C_tot,A_tot} (회차 1..5 중 log 있는 순)
N10	r2	cplxL3	5	미보유(워커별 값 저장 안 됨)	26	미계산	116	1249	rescore_v13.json {C_tot,A_tot} (회차 1..5 중 log 있는 순)
N10	r3	cplxL3	5	미보유(워커별 값 저장 안 됨)	31	미계산	206	1249	rescore_v13.json {C_tot,A_tot} (회차 1..5 중 log 있는 순)
N10	r4	cplxL3	5	미보유(워커별 값 저장 안 됨)	55	미계산	239	1249	rescore_v13.json {C_tot,A_tot} (회차 1..5 중 log 있는 순)
N10	r5	cplxL3	5	미보유(워커별 값 저장 안 됨)	33	미계산	304	1249	rescore_v13.json {C_tot,A_tot} (회차 1..5 중 log 있는 순)
N10	회차 요약	cplxL3	5	—	C_min 15 · C_mean 32.0 · flag_C '—'	미계산	A_min 116 · A_mean 196.4 · flag_A '—'	1249	rescore_v13.json
N10	회차 요약(동결 9/21)	cplxL3	5	—	—	미계산	rt_mean 196.4 · rt_min 116 · rt_max 304 · flag 'None'	—	final_report_20260921/roundtrip.json (nrep_run 5)
N10	r1	solvL1	5	미보유(워커별 값 저장 안 됨)	100	미계산	258	1249	rescore_v13.json {C_tot,A_tot} (회차 1..5 중 log 있는 순)
N10	r2	solvL1	5	미보유(워커별 값 저장 안 됨)	88	미계산	259	1249	rescore_v13.json {C_tot,A_tot} (회차 1..5 중 log 있는 순)
N10	r3	solvL1	5	미보유(워커별 값 저장 안 됨)	88	미계산	197	1249	rescore_v13.json {C_tot,A_tot} (회차 1..5 중 log 있는 순)
N10	r4	solvL1	5	미보유(워커별 값 저장 안 됨)	106	미계산	269	1249	rescore_v13.json {C_tot,A_tot} (회차 1..5 중 log 있는 순)
N10	r5	solvL1	5	미보유(워커별 값 저장 안 됨)	93	미계산	252	1249	rescore_v13.json {C_tot,A_tot} (회차 1..5 중 log 있는 순)
N10	회차 요약	solvL1	5	—	C_min 88 · C_mean 95.0 · flag_C '—'	미계산	A_min 197 · A_mean 247.0 · flag_A '—'	1249	rescore_v13.json
N10	회차 요약(동결 9/21)	solvL1	5	—	—	미계산	rt_mean 247.0 · rt_min 197 · rt_max 269 · flag 'None'	—	final_report_20260921/roundtrip.json (nrep_run 5)
N10	r1	solvL2	6	미보유(워커별 값 저장 안 됨)	73	미계산	217	1249	rescore_v13.json {C_tot,A_tot} (회차 1..5 중 log 있는 순)
N10	r2	solvL2	6	미보유(워커별 값 저장 안 됨)	86	미계산	240	1249	rescore_v13.json {C_tot,A_tot} (회차 1..5 중 log 있는 순)
N10	r3	solvL2	6	미보유(워커별 값 저장 안 됨)	78	미계산	205	1249	rescore_v13.json {C_tot,A_tot} (회차 1..5 중 log 있는 순)
N10	r4	solvL2	6	미보유(워커별 값 저장 안 됨)	77	미계산	228	1249	rescore_v13.json {C_tot,A_tot} (회차 1..5 중 log 있는 순)
N10	r5	solvL2	6	미보유(워커별 값 저장 안 됨)	81	미계산	233	1249	rescore_v13.json {C_tot,A_tot} (회차 1..5 중 log 있는 순)
N10	회차 요약	solvL2	6	—	C_min 73 · C_mean 79.0 · flag_C '—'	미계산	A_min 205 · A_mean 224.6 · flag_A '—'	1249	rescore_v13.json
N10	회차 요약(동결 9/21)	solvL2	6	—	—	미계산	rt_mean 224.6 · rt_min 205 · rt_max 240 · flag 'None'	—	final_report_20260921/roundtrip.json (nrep_run 5)
N10	r1	solvL3	5	미보유(워커별 값 저장 안 됨)	62	미계산	213	1249	rescore_v13.json {C_tot,A_tot} (회차 1..5 중 log 있는 순)
N10	r2	solvL3	5	미보유(워커별 값 저장 안 됨)	81	미계산	197	1249	rescore_v13.json {C_tot,A_tot} (회차 1..5 중 log 있는 순)
N10	r3	solvL3	5	미보유(워커별 값 저장 안 됨)	79	미계산	210	1249	rescore_v13.json {C_tot,A_tot} (회차 1..5 중 log 있는 순)
N10	r4	solvL3	5	미보유(워커별 값 저장 안 됨)	82	미계산	227	1249	rescore_v13.json {C_tot,A_tot} (회차 1..5 중 log 있는 순)
N10	r5	solvL3	5	미보유(워커별 값 저장 안 됨)	73	미계산	194	1249	rescore_v13.json {C_tot,A_tot} (회차 1..5 중 log 있는 순)
N10	회차 요약	solvL3	5	—	C_min 62 · C_mean 75.4 · flag_C '—'	미계산	A_min 194 · A_mean 208.2 · flag_A '—'	1249	rescore_v13.json
N10	회차 요약(동결 9/21)	solvL3	5	—	—	미계산	rt_mean 208.2 · rt_min 194 · rt_max 227 · flag 'None'	—	final_report_20260921/roundtrip.json (nrep_run 5)
N11	r1	cplxL1	12	미보유(워커별 값 저장 안 됨)	1	미계산	92	1249	rescore_v13.json {C_tot,A_tot} (회차 1..5 중 log 있는 순)
N11	r2	cplxL1	12	미보유(워커별 값 저장 안 됨)	0	미계산	1	1249	rescore_v13.json {C_tot,A_tot} (회차 1..5 중 log 있는 순)
N11	r3	cplxL1	12	미보유(워커별 값 저장 안 됨)	1	미계산	124	1249	rescore_v13.json {C_tot,A_tot} (회차 1..5 중 log 있는 순)
N11	r4	cplxL1	12	미보유(워커별 값 저장 안 됨)	0	미계산	36	1249	rescore_v13.json {C_tot,A_tot} (회차 1..5 중 log 있는 순)
N11	r5	cplxL1	12	미보유(워커별 값 저장 안 됨)	0	미계산	6	1249	rescore_v13.json {C_tot,A_tot} (회차 1..5 중 log 있는 순)
N11	회차 요약	cplxL1	12	—	C_min 0 · C_mean 0.4 · flag_C '수렴실패'	미계산	A_min 1 · A_mean 51.8 · flag_A '—'	1249	rescore_v13.json
N11	회차 요약(동결 9/21)	cplxL1	12	—	—	미계산	rt_mean 51.8 · rt_min 1 · rt_max 124 · flag 'None'	—	final_report_20260921/roundtrip.json (nrep_run 5)
N11	r1	cplxL2	13	미보유(워커별 값 저장 안 됨)	15	미계산	114	1249	rescore_v13.json {C_tot,A_tot} (회차 1..5 중 log 있는 순)
N11	r2	cplxL2	13	미보유(워커별 값 저장 안 됨)	13	미계산	61	1249	rescore_v13.json {C_tot,A_tot} (회차 1..5 중 log 있는 순)
N11	r3	cplxL2	13	미보유(워커별 값 저장 안 됨)	9	미계산	156	1249	rescore_v13.json {C_tot,A_tot} (회차 1..5 중 log 있는 순)
N11	r4	cplxL2	13	미보유(워커별 값 저장 안 됨)	19	미계산	117	1249	rescore_v13.json {C_tot,A_tot} (회차 1..5 중 log 있는 순)
N11	r5	cplxL2	13	미보유(워커별 값 저장 안 됨)	23	미계산	152	1249	rescore_v13.json {C_tot,A_tot} (회차 1..5 중 log 있는 순)
N11	회차 요약	cplxL2	13	—	C_min 9 · C_mean 15.8 · flag_C '경계'	미계산	A_min 61 · A_mean 120.0 · flag_A '—'	1249	rescore_v13.json
N11	회차 요약(동결 9/21)	cplxL2	13	—	—	미계산	rt_mean 120.0 · rt_min 61 · rt_max 156 · flag 'None'	—	final_report_20260921/roundtrip.json (nrep_run 5)
N11	r1	cplxL3	15	미보유(워커별 값 저장 안 됨)	0	미계산	34	1249	rescore_v13.json {C_tot,A_tot} (회차 1..5 중 log 있는 순)
N11	r2	cplxL3	15	미보유(워커별 값 저장 안 됨)	0	미계산	0	1249	rescore_v13.json {C_tot,A_tot} (회차 1..5 중 log 있는 순)
N11	r3	cplxL3	15	미보유(워커별 값 저장 안 됨)	0	미계산	8	1249	rescore_v13.json {C_tot,A_tot} (회차 1..5 중 log 있는 순)
N11	r4	cplxL3	15	미보유(워커별 값 저장 안 됨)	0	미계산	45	1249	rescore_v13.json {C_tot,A_tot} (회차 1..5 중 log 있는 순)
N11	r5	cplxL3	15	미보유(워커별 값 저장 안 됨)	0	미계산	0	1249	rescore_v13.json {C_tot,A_tot} (회차 1..5 중 log 있는 순)
N11	회차 요약	cplxL3	15	—	C_min 0 · C_mean 0.0 · flag_C '수렴실패'	미계산	A_min 0 · A_mean 17.4 · flag_A '수렴실패'	1249	rescore_v13.json
N11	회차 요약(동결 9/21)	cplxL3	15	—	—	미계산	rt_mean 17.4 · rt_min 0 · rt_max 45 · flag '수렴 실패 — 값 신뢰 불가'	—	final_report_20260921/roundtrip.json (nrep_run 5)
N11	r1	solvL1	14	미보유(워커별 값 저장 안 됨)	21	미계산	124	1249	rescore_v13.json {C_tot,A_tot} (회차 1..5 중 log 있는 순)
N11	r2	solvL1	14	미보유(워커별 값 저장 안 됨)	17	미계산	118	1249	rescore_v13.json {C_tot,A_tot} (회차 1..5 중 log 있는 순)
N11	r3	solvL1	14	미보유(워커별 값 저장 안 됨)	18	미계산	97	1249	rescore_v13.json {C_tot,A_tot} (회차 1..5 중 log 있는 순)
N11	r4	solvL1	14	미보유(워커별 값 저장 안 됨)	18	미계산	114	1249	rescore_v13.json {C_tot,A_tot} (회차 1..5 중 log 있는 순)
N11	r5	solvL1	14	미보유(워커별 값 저장 안 됨)	22	미계산	141	1249	rescore_v13.json {C_tot,A_tot} (회차 1..5 중 log 있는 순)
N11	회차 요약	solvL1	14	—	C_min 17 · C_mean 19.2 · flag_C '경계'	미계산	A_min 97 · A_mean 118.8 · flag_A '—'	1249	rescore_v13.json
N11	회차 요약(동결 9/21)	solvL1	14	—	—	미계산	rt_mean 118.8 · rt_min 97 · rt_max 141 · flag 'None'	—	final_report_20260921/roundtrip.json (nrep_run 5)
N11	r1	solvL2	12	미보유(워커별 값 저장 안 됨)	29	미계산	174	1249	rescore_v13.json {C_tot,A_tot} (회차 1..5 중 log 있는 순)
N11	r2	solvL2	12	미보유(워커별 값 저장 안 됨)	34	미계산	144	1249	rescore_v13.json {C_tot,A_tot} (회차 1..5 중 log 있는 순)
N11	r3	solvL2	12	미보유(워커별 값 저장 안 됨)	35	미계산	130	1249	rescore_v13.json {C_tot,A_tot} (회차 1..5 중 log 있는 순)
N11	r4	solvL2	12	미보유(워커별 값 저장 안 됨)	35	미계산	147	1249	rescore_v13.json {C_tot,A_tot} (회차 1..5 중 log 있는 순)
N11	r5	solvL2	12	미보유(워커별 값 저장 안 됨)	26	미계산	138	1249	rescore_v13.json {C_tot,A_tot} (회차 1..5 중 log 있는 순)
N11	회차 요약	solvL2	12	—	C_min 26 · C_mean 31.8 · flag_C '—'	미계산	A_min 130 · A_mean 146.6 · flag_A '—'	1249	rescore_v13.json
N11	회차 요약(동결 9/21)	solvL2	12	—	—	미계산	rt_mean 146.6 · rt_min 130 · rt_max 174 · flag 'None'	—	final_report_20260921/roundtrip.json (nrep_run 5)
N11	r1	solvL3	21	미보유(워커별 값 저장 안 됨)	3	미계산	37	1249	rescore_v13.json {C_tot,A_tot} (회차 1..5 중 log 있는 순)
N11	r2	solvL3	21	미보유(워커별 값 저장 안 됨)	1	미계산	151	1249	rescore_v13.json {C_tot,A_tot} (회차 1..5 중 log 있는 순)
N11	r3	solvL3	21	미보유(워커별 값 저장 안 됨)	4	미계산	23	1249	rescore_v13.json {C_tot,A_tot} (회차 1..5 중 log 있는 순)
N11	r4	solvL3	21	미보유(워커별 값 저장 안 됨)	2	미계산	14	1249	rescore_v13.json {C_tot,A_tot} (회차 1..5 중 log 있는 순)
N11	r5	solvL3	21	미보유(워커별 값 저장 안 됨)	6	미계산	102	1249	rescore_v13.json {C_tot,A_tot} (회차 1..5 중 log 있는 순)
N11	회차 요약	solvL3	21	—	C_min 1 · C_mean 3.2 · flag_C '경계'	미계산	A_min 14 · A_mean 65.4 · flag_A '—'	1249	rescore_v13.json
N11	회차 요약(동결 9/21)	solvL3	21	—	—	미계산	rt_mean 65.4 · rt_min 14 · rt_max 151 · flag 'None'	—	final_report_20260921/roundtrip.json (nrep_run 5)
N12	r1	cplxL1	4	미보유(워커별 값 저장 안 됨)	39	미계산	253	1249	rescore_v13.json {C_tot,A_tot} (회차 1..5 중 log 있는 순)
N12	r2	cplxL1	4	미보유(워커별 값 저장 안 됨)	27	미계산	227	1249	rescore_v13.json {C_tot,A_tot} (회차 1..5 중 log 있는 순)
N12	r3	cplxL1	4	미보유(워커별 값 저장 안 됨)	85	미계산	200	1249	rescore_v13.json {C_tot,A_tot} (회차 1..5 중 log 있는 순)
N12	r4	cplxL1	4	미보유(워커별 값 저장 안 됨)	42	미계산	111	1249	rescore_v13.json {C_tot,A_tot} (회차 1..5 중 log 있는 순)
N12	r5	cplxL1	4	미보유(워커별 값 저장 안 됨)	68	미계산	177	1249	rescore_v13.json {C_tot,A_tot} (회차 1..5 중 log 있는 순)
N12	회차 요약	cplxL1	4	—	C_min 27 · C_mean 52.2 · flag_C '—'	미계산	A_min 111 · A_mean 193.6 · flag_A '—'	1249	rescore_v13.json
N12	회차 요약(동결 9/21)	cplxL1	4	—	—	미계산	rt_mean 193.6 · rt_min 111 · rt_max 253 · flag 'None'	—	final_report_20260921/roundtrip.json (nrep_run 5)
N12	r1	cplxL2	8	미보유(워커별 값 저장 안 됨)	63	미계산	236	1249	rescore_v13.json {C_tot,A_tot} (회차 1..5 중 log 있는 순)
N12	r2	cplxL2	8	미보유(워커별 값 저장 안 됨)	50	미계산	198	1249	rescore_v13.json {C_tot,A_tot} (회차 1..5 중 log 있는 순)
N12	r3	cplxL2	8	미보유(워커별 값 저장 안 됨)	60	미계산	207	1249	rescore_v13.json {C_tot,A_tot} (회차 1..5 중 log 있는 순)
N12	r4	cplxL2	8	미보유(워커별 값 저장 안 됨)	42	미계산	221	1249	rescore_v13.json {C_tot,A_tot} (회차 1..5 중 log 있는 순)
N12	r5	cplxL2	8	미보유(워커별 값 저장 안 됨)	55	미계산	211	1249	rescore_v13.json {C_tot,A_tot} (회차 1..5 중 log 있는 순)
N12	회차 요약	cplxL2	8	—	C_min 42 · C_mean 54.0 · flag_C '—'	미계산	A_min 198 · A_mean 214.6 · flag_A '—'	1249	rescore_v13.json
N12	회차 요약(동결 9/21)	cplxL2	8	—	—	미계산	rt_mean 214.6 · rt_min 198 · rt_max 236 · flag 'None'	—	final_report_20260921/roundtrip.json (nrep_run 5)
N12	r1	cplxL3	4	미보유(워커별 값 저장 안 됨)	63	미계산	226	1249	rescore_v13.json {C_tot,A_tot} (회차 1..5 중 log 있는 순)
N12	r2	cplxL3	4	미보유(워커별 값 저장 안 됨)	80	미계산	208	1249	rescore_v13.json {C_tot,A_tot} (회차 1..5 중 log 있는 순)
N12	r3	cplxL3	4	미보유(워커별 값 저장 안 됨)	56	미계산	161	1249	rescore_v13.json {C_tot,A_tot} (회차 1..5 중 log 있는 순)
N12	r4	cplxL3	4	미보유(워커별 값 저장 안 됨)	47	미계산	168	1249	rescore_v13.json {C_tot,A_tot} (회차 1..5 중 log 있는 순)
N12	r5	cplxL3	4	미보유(워커별 값 저장 안 됨)	52	미계산	211	1249	rescore_v13.json {C_tot,A_tot} (회차 1..5 중 log 있는 순)
N12	회차 요약	cplxL3	4	—	C_min 47 · C_mean 59.6 · flag_C '—'	미계산	A_min 161 · A_mean 194.8 · flag_A '—'	1249	rescore_v13.json
N12	회차 요약(동결 9/21)	cplxL3	4	—	—	미계산	rt_mean 194.8 · rt_min 161 · rt_max 226 · flag 'None'	—	final_report_20260921/roundtrip.json (nrep_run 5)
N12	r1	solvL1	5	미보유(워커별 값 저장 안 됨)	69	미계산	207	1249	rescore_v13.json {C_tot,A_tot} (회차 1..5 중 log 있는 순)
N12	r2	solvL1	5	미보유(워커별 값 저장 안 됨)	73	미계산	192	1249	rescore_v13.json {C_tot,A_tot} (회차 1..5 중 log 있는 순)
N12	r3	solvL1	5	미보유(워커별 값 저장 안 됨)	70	미계산	201	1249	rescore_v13.json {C_tot,A_tot} (회차 1..5 중 log 있는 순)
N12	r4	solvL1	5	미보유(워커별 값 저장 안 됨)	65	미계산	178	1249	rescore_v13.json {C_tot,A_tot} (회차 1..5 중 log 있는 순)
N12	r5	solvL1	5	미보유(워커별 값 저장 안 됨)	70	미계산	180	1249	rescore_v13.json {C_tot,A_tot} (회차 1..5 중 log 있는 순)
N12	회차 요약	solvL1	5	—	C_min 65 · C_mean 69.4 · flag_C '—'	미계산	A_min 178 · A_mean 191.6 · flag_A '—'	1249	rescore_v13.json
N12	회차 요약(동결 9/21)	solvL1	5	—	—	미계산	rt_mean 191.6 · rt_min 178 · rt_max 207 · flag 'None'	—	final_report_20260921/roundtrip.json (nrep_run 5)
N12	r1	solvL2	8	미보유(워커별 값 저장 안 됨)	64	미계산	174	1249	rescore_v13.json {C_tot,A_tot} (회차 1..5 중 log 있는 순)
N12	r2	solvL2	8	미보유(워커별 값 저장 안 됨)	71	미계산	196	1249	rescore_v13.json {C_tot,A_tot} (회차 1..5 중 log 있는 순)
N12	r3	solvL2	8	미보유(워커별 값 저장 안 됨)	78	미계산	221	1249	rescore_v13.json {C_tot,A_tot} (회차 1..5 중 log 있는 순)
N12	r4	solvL2	8	미보유(워커별 값 저장 안 됨)	55	미계산	170	1249	rescore_v13.json {C_tot,A_tot} (회차 1..5 중 log 있는 순)
N12	r5	solvL2	8	미보유(워커별 값 저장 안 됨)	63	미계산	228	1249	rescore_v13.json {C_tot,A_tot} (회차 1..5 중 log 있는 순)
N12	회차 요약	solvL2	8	—	C_min 55 · C_mean 66.2 · flag_C '—'	미계산	A_min 170 · A_mean 197.8 · flag_A '—'	1249	rescore_v13.json
N12	회차 요약(동결 9/21)	solvL2	8	—	—	미계산	rt_mean 197.8 · rt_min 170 · rt_max 228 · flag 'None'	—	final_report_20260921/roundtrip.json (nrep_run 5)
N12	r1	solvL3	5	미보유(워커별 값 저장 안 됨)	72	미계산	194	1249	rescore_v13.json {C_tot,A_tot} (회차 1..5 중 log 있는 순)
N12	r2	solvL3	5	미보유(워커별 값 저장 안 됨)	83	미계산	223	1249	rescore_v13.json {C_tot,A_tot} (회차 1..5 중 log 있는 순)
N12	r3	solvL3	5	미보유(워커별 값 저장 안 됨)	79	미계산	223	1249	rescore_v13.json {C_tot,A_tot} (회차 1..5 중 log 있는 순)
N12	r4	solvL3	5	미보유(워커별 값 저장 안 됨)	72	미계산	201	1249	rescore_v13.json {C_tot,A_tot} (회차 1..5 중 log 있는 순)
N12	r5	solvL3	5	미보유(워커별 값 저장 안 됨)	70	미계산	232	1249	rescore_v13.json {C_tot,A_tot} (회차 1..5 중 log 있는 순)
N12	회차 요약	solvL3	5	—	C_min 70 · C_mean 75.2 · flag_C '—'	미계산	A_min 194 · A_mean 214.6 · flag_A '—'	1249	rescore_v13.json
N12	회차 요약(동결 9/21)	solvL3	5	—	—	미계산	rt_mean 214.6 · rt_min 194 · rt_max 232 · flag 'None'	—	final_report_20260921/roundtrip.json (nrep_run 5)
N13	r1	cplxL1	10	미보유(워커별 값 저장 안 됨)	5	미계산	109	1249	rescore_v13.json {C_tot,A_tot} (회차 1..5 중 log 있는 순)
N13	r2	cplxL1	10	미보유(워커별 값 저장 안 됨)	5	미계산	140	1249	rescore_v13.json {C_tot,A_tot} (회차 1..5 중 log 있는 순)
N13	r3	cplxL1	10	미보유(워커별 값 저장 안 됨)	6	미계산	61	1249	rescore_v13.json {C_tot,A_tot} (회차 1..5 중 log 있는 순)
N13	r4	cplxL1	10	미보유(워커별 값 저장 안 됨)	4	미계산	18	1249	rescore_v13.json {C_tot,A_tot} (회차 1..5 중 log 있는 순)
N13	r5	cplxL1	10	미보유(워커별 값 저장 안 됨)	4	미계산	94	1249	rescore_v13.json {C_tot,A_tot} (회차 1..5 중 log 있는 순)
N13	회차 요약	cplxL1	10	—	C_min 4 · C_mean 4.8 · flag_C '경계'	미계산	A_min 18 · A_mean 84.4 · flag_A '—'	1249	rescore_v13.json
N13	회차 요약(동결 9/21)	cplxL1	10	—	—	미계산	rt_mean 84.4 · rt_min 18 · rt_max 140 · flag 'None'	—	final_report_20260921/roundtrip.json (nrep_run 5)
N13	r1	cplxL2	17	미보유(워커별 값 저장 안 됨)	17	미계산	174	1249	rescore_v13.json {C_tot,A_tot} (회차 1..5 중 log 있는 순)
N13	r2	cplxL2	17	미보유(워커별 값 저장 안 됨)	14	미계산	156	1249	rescore_v13.json {C_tot,A_tot} (회차 1..5 중 log 있는 순)
N13	r3	cplxL2	17	미보유(워커별 값 저장 안 됨)	10	미계산	137	1249	rescore_v13.json {C_tot,A_tot} (회차 1..5 중 log 있는 순)
N13	r4	cplxL2	17	미보유(워커별 값 저장 안 됨)	12	미계산	138	1249	rescore_v13.json {C_tot,A_tot} (회차 1..5 중 log 있는 순)
N13	r5	cplxL2	17	미보유(워커별 값 저장 안 됨)	16	미계산	82	1249	rescore_v13.json {C_tot,A_tot} (회차 1..5 중 log 있는 순)
N13	회차 요약	cplxL2	17	—	C_min 10 · C_mean 13.8 · flag_C '경계'	미계산	A_min 82 · A_mean 137.4 · flag_A '—'	1249	rescore_v13.json
N13	회차 요약(동결 9/21)	cplxL2	17	—	—	미계산	rt_mean 137.4 · rt_min 82 · rt_max 174 · flag 'None'	—	final_report_20260921/roundtrip.json (nrep_run 5)
N13	r1	cplxL3	10	미보유(워커별 값 저장 안 됨)	8	미계산	79	1249	rescore_v13.json {C_tot,A_tot} (회차 1..5 중 log 있는 순)
N13	r2	cplxL3	10	미보유(워커별 값 저장 안 됨)	5	미계산	59	1249	rescore_v13.json {C_tot,A_tot} (회차 1..5 중 log 있는 순)
N13	r3	cplxL3	10	미보유(워커별 값 저장 안 됨)	10	미계산	76	1249	rescore_v13.json {C_tot,A_tot} (회차 1..5 중 log 있는 순)
N13	r4	cplxL3	10	미보유(워커별 값 저장 안 됨)	4	미계산	97	1249	rescore_v13.json {C_tot,A_tot} (회차 1..5 중 log 있는 순)
N13	r5	cplxL3	10	미보유(워커별 값 저장 안 됨)	5	미계산	87	1249	rescore_v13.json {C_tot,A_tot} (회차 1..5 중 log 있는 순)
N13	회차 요약	cplxL3	10	—	C_min 4 · C_mean 6.4 · flag_C '경계'	미계산	A_min 59 · A_mean 79.6 · flag_A '—'	1249	rescore_v13.json
N13	회차 요약(동결 9/21)	cplxL3	10	—	—	미계산	rt_mean 79.6 · rt_min 59 · rt_max 97 · flag 'None'	—	final_report_20260921/roundtrip.json (nrep_run 5)
N13	r1	solvL1	12	미보유(워커별 값 저장 안 됨)	25	미계산	146	1249	rescore_v13.json {C_tot,A_tot} (회차 1..5 중 log 있는 순)
N13	r2	solvL1	12	미보유(워커별 값 저장 안 됨)	24	미계산	118	1249	rescore_v13.json {C_tot,A_tot} (회차 1..5 중 log 있는 순)
N13	r3	solvL1	12	미보유(워커별 값 저장 안 됨)	36	미계산	144	1249	rescore_v13.json {C_tot,A_tot} (회차 1..5 중 log 있는 순)
N13	r4	solvL1	12	미보유(워커별 값 저장 안 됨)	23	미계산	146	1249	rescore_v13.json {C_tot,A_tot} (회차 1..5 중 log 있는 순)
N13	r5	solvL1	12	미보유(워커별 값 저장 안 됨)	32	미계산	110	1249	rescore_v13.json {C_tot,A_tot} (회차 1..5 중 log 있는 순)
N13	회차 요약	solvL1	12	—	C_min 23 · C_mean 28.0 · flag_C '—'	미계산	A_min 110 · A_mean 132.8 · flag_A '—'	1249	rescore_v13.json
N13	회차 요약(동결 9/21)	solvL1	12	—	—	미계산	rt_mean 132.8 · rt_min 110 · rt_max 146 · flag 'None'	—	final_report_20260921/roundtrip.json (nrep_run 5)
N13	r1	solvL2	16	미보유(워커별 값 저장 안 됨)	22	미계산	97	1249	rescore_v13.json {C_tot,A_tot} (회차 1..5 중 log 있는 순)
N13	r2	solvL2	16	미보유(워커별 값 저장 안 됨)	16	미계산	129	1249	rescore_v13.json {C_tot,A_tot} (회차 1..5 중 log 있는 순)
N13	r3	solvL2	16	미보유(워커별 값 저장 안 됨)	21	미계산	121	1249	rescore_v13.json {C_tot,A_tot} (회차 1..5 중 log 있는 순)
N13	r4	solvL2	16	미보유(워커별 값 저장 안 됨)	18	미계산	91	1249	rescore_v13.json {C_tot,A_tot} (회차 1..5 중 log 있는 순)
N13	r5	solvL2	16	미보유(워커별 값 저장 안 됨)	21	미계산	69	1249	rescore_v13.json {C_tot,A_tot} (회차 1..5 중 log 있는 순)
N13	회차 요약	solvL2	16	—	C_min 16 · C_mean 19.6 · flag_C '경계'	미계산	A_min 69 · A_mean 101.4 · flag_A '—'	1249	rescore_v13.json
N13	회차 요약(동결 9/21)	solvL2	16	—	—	미계산	rt_mean 101.4 · rt_min 69 · rt_max 129 · flag 'None'	—	final_report_20260921/roundtrip.json (nrep_run 5)
N13	r1	solvL3	12	미보유(워커별 값 저장 안 됨)	22	미계산	133	1249	rescore_v13.json {C_tot,A_tot} (회차 1..5 중 log 있는 순)
N13	r2	solvL3	12	미보유(워커별 값 저장 안 됨)	25	미계산	79	1249	rescore_v13.json {C_tot,A_tot} (회차 1..5 중 log 있는 순)
N13	r3	solvL3	12	미보유(워커별 값 저장 안 됨)	26	미계산	166	1249	rescore_v13.json {C_tot,A_tot} (회차 1..5 중 log 있는 순)
N13	r4	solvL3	12	미보유(워커별 값 저장 안 됨)	21	미계산	127	1249	rescore_v13.json {C_tot,A_tot} (회차 1..5 중 log 있는 순)
N13	r5	solvL3	12	미보유(워커별 값 저장 안 됨)	22	미계산	126	1249	rescore_v13.json {C_tot,A_tot} (회차 1..5 중 log 있는 순)
N13	회차 요약	solvL3	12	—	C_min 21 · C_mean 23.2 · flag_C '—'	미계산	A_min 79 · A_mean 126.2 · flag_A '—'	1249	rescore_v13.json
N13	회차 요약(동결 9/21)	solvL3	12	—	—	미계산	rt_mean 126.2 · rt_min 79 · rt_max 166 · flag 'None'	—	final_report_20260921/roundtrip.json (nrep_run 5)
N14	r1	cplxL1	13	미보유(워커별 값 저장 안 됨)	0	미계산	8	1249	rescore_v13.json {C_tot,A_tot} (회차 1..5 중 log 있는 순)
N14	r2	cplxL1	13	미보유(워커별 값 저장 안 됨)	0	미계산	3	1249	rescore_v13.json {C_tot,A_tot} (회차 1..5 중 log 있는 순)
N14	r3	cplxL1	13	미보유(워커별 값 저장 안 됨)	0	미계산	0	1249	rescore_v13.json {C_tot,A_tot} (회차 1..5 중 log 있는 순)
N14	r4	cplxL1	13	미보유(워커별 값 저장 안 됨)	1	미계산	0	1249	rescore_v13.json {C_tot,A_tot} (회차 1..5 중 log 있는 순)
N14	r5	cplxL1	13	미보유(워커별 값 저장 안 됨)	0	미계산	0	1249	rescore_v13.json {C_tot,A_tot} (회차 1..5 중 log 있는 순)
N14	회차 요약	cplxL1	13	—	C_min 0 · C_mean 0.2 · flag_C '수렴실패'	미계산	A_min 0 · A_mean 2.2 · flag_A '수렴실패'	1249	rescore_v13.json
N14	회차 요약(동결 9/21)	cplxL1	13	—	—	미계산	rt_mean 2.2 · rt_min 0 · rt_max 8 · flag '수렴 실패 — 값 신뢰 불가'	—	final_report_20260921/roundtrip.json (nrep_run 5)
N14	r1	cplxL2	14	미보유(워커별 값 저장 안 됨)	7	미계산	98	1249	rescore_v13.json {C_tot,A_tot} (회차 1..5 중 log 있는 순)
N14	r2	cplxL2	14	미보유(워커별 값 저장 안 됨)	12	미계산	81	1249	rescore_v13.json {C_tot,A_tot} (회차 1..5 중 log 있는 순)
N14	r3	cplxL2	14	미보유(워커별 값 저장 안 됨)	8	미계산	78	1249	rescore_v13.json {C_tot,A_tot} (회차 1..5 중 log 있는 순)
N14	r4	cplxL2	14	미보유(워커별 값 저장 안 됨)	5	미계산	140	1249	rescore_v13.json {C_tot,A_tot} (회차 1..5 중 log 있는 순)
N14	r5	cplxL2	14	미보유(워커별 값 저장 안 됨)	11	미계산	119	1249	rescore_v13.json {C_tot,A_tot} (회차 1..5 중 log 있는 순)
N14	회차 요약	cplxL2	14	—	C_min 5 · C_mean 8.6 · flag_C '경계'	미계산	A_min 78 · A_mean 103.2 · flag_A '—'	1249	rescore_v13.json
N14	회차 요약(동결 9/21)	cplxL2	14	—	—	미계산	rt_mean 103.2 · rt_min 78 · rt_max 140 · flag 'None'	—	final_report_20260921/roundtrip.json (nrep_run 5)
N14	r1	cplxL3	15	미보유(워커별 값 저장 안 됨)	0	미계산	0	1249	rescore_v13.json {C_tot,A_tot} (회차 1..5 중 log 있는 순)
N14	r2	cplxL3	15	미보유(워커별 값 저장 안 됨)	0	미계산	0	1249	rescore_v13.json {C_tot,A_tot} (회차 1..5 중 log 있는 순)
N14	r3	cplxL3	15	미보유(워커별 값 저장 안 됨)	0	미계산	0	1249	rescore_v13.json {C_tot,A_tot} (회차 1..5 중 log 있는 순)
N14	r4	cplxL3	15	미보유(워커별 값 저장 안 됨)	0	미계산	0	1249	rescore_v13.json {C_tot,A_tot} (회차 1..5 중 log 있는 순)
N14	r5	cplxL3	15	미보유(워커별 값 저장 안 됨)	0	미계산	0	1249	rescore_v13.json {C_tot,A_tot} (회차 1..5 중 log 있는 순)
N14	회차 요약	cplxL3	15	—	C_min 0 · C_mean 0.0 · flag_C '수렴실패'	미계산	A_min 0 · A_mean 0.0 · flag_A '수렴실패'	1249	rescore_v13.json
N14	회차 요약(동결 9/21)	cplxL3	15	—	—	미계산	rt_mean 0.0 · rt_min 0 · rt_max 0 · flag '수렴 실패 — 값 신뢰 불가'	—	final_report_20260921/roundtrip.json (nrep_run 5)
N14	r1	solvL1	15	미보유(워커별 값 저장 안 됨)	22	미계산	96	1249	rescore_v13.json {C_tot,A_tot} (회차 1..5 중 log 있는 순)
N14	r2	solvL1	15	미보유(워커별 값 저장 안 됨)	14	미계산	73	1249	rescore_v13.json {C_tot,A_tot} (회차 1..5 중 log 있는 순)
N14	r3	solvL1	15	미보유(워커별 값 저장 안 됨)	21	미계산	152	1249	rescore_v13.json {C_tot,A_tot} (회차 1..5 중 log 있는 순)
N14	r4	solvL1	15	미보유(워커별 값 저장 안 됨)	23	미계산	113	1249	rescore_v13.json {C_tot,A_tot} (회차 1..5 중 log 있는 순)
N14	r5	solvL1	15	미보유(워커별 값 저장 안 됨)	16	미계산	187	1249	rescore_v13.json {C_tot,A_tot} (회차 1..5 중 log 있는 순)
N14	회차 요약	solvL1	15	—	C_min 14 · C_mean 19.2 · flag_C '경계'	미계산	A_min 73 · A_mean 124.2 · flag_A '—'	1249	rescore_v13.json
N14	회차 요약(동결 9/21)	solvL1	15	—	—	미계산	rt_mean 124.2 · rt_min 73 · rt_max 187 · flag 'None'	—	final_report_20260921/roundtrip.json (nrep_run 5)
N14	r1	solvL2	16	미보유(워커별 값 저장 안 됨)	23	미계산	83	1249	rescore_v13.json {C_tot,A_tot} (회차 1..5 중 log 있는 순)
N14	r2	solvL2	16	미보유(워커별 값 저장 안 됨)	21	미계산	87	1249	rescore_v13.json {C_tot,A_tot} (회차 1..5 중 log 있는 순)
N14	r3	solvL2	16	미보유(워커별 값 저장 안 됨)	23	미계산	125	1249	rescore_v13.json {C_tot,A_tot} (회차 1..5 중 log 있는 순)
N14	r4	solvL2	16	미보유(워커별 값 저장 안 됨)	19	미계산	95	1249	rescore_v13.json {C_tot,A_tot} (회차 1..5 중 log 있는 순)
N14	r5	solvL2	16	미보유(워커별 값 저장 안 됨)	21	미계산	134	1249	rescore_v13.json {C_tot,A_tot} (회차 1..5 중 log 있는 순)
N14	회차 요약	solvL2	16	—	C_min 19 · C_mean 21.4 · flag_C '—'	미계산	A_min 83 · A_mean 104.8 · flag_A '—'	1249	rescore_v13.json
N14	회차 요약(동결 9/21)	solvL2	16	—	—	미계산	rt_mean 104.8 · rt_min 83 · rt_max 134 · flag 'None'	—	final_report_20260921/roundtrip.json (nrep_run 5)
N14	r1	solvL3	20	미보유(워커별 값 저장 안 됨)	6	미계산	78	1249	rescore_v13.json {C_tot,A_tot} (회차 1..5 중 log 있는 순)
N14	r2	solvL3	20	미보유(워커별 값 저장 안 됨)	5	미계산	69	1249	rescore_v13.json {C_tot,A_tot} (회차 1..5 중 log 있는 순)
N14	r3	solvL3	20	미보유(워커별 값 저장 안 됨)	6	미계산	76	1249	rescore_v13.json {C_tot,A_tot} (회차 1..5 중 log 있는 순)
N14	r4	solvL3	20	미보유(워커별 값 저장 안 됨)	7	미계산	109	1249	rescore_v13.json {C_tot,A_tot} (회차 1..5 중 log 있는 순)
N14	회차 요약	solvL3	20	—	C_min 5 · C_mean 6.0 · flag_C '경계'	미계산	A_min 69 · A_mean 83.0 · flag_A '—'	1249	rescore_v13.json
N14	회차 요약(동결 9/21)	solvL3	20	—	—	미계산	rt_mean 83.0 · rt_min 69 · rt_max 109 · flag 'None'	—	final_report_20260921/roundtrip.json (nrep_run 4)
N15	r1	cplxL1	5	미보유(워커별 값 저장 안 됨)	21	미계산	115	1249	rescore_v13.json {C_tot,A_tot} (회차 1..5 중 log 있는 순)
N15	r2	cplxL1	5	미보유(워커별 값 저장 안 됨)	24	미계산	109	1249	rescore_v13.json {C_tot,A_tot} (회차 1..5 중 log 있는 순)
N15	r3	cplxL1	5	미보유(워커별 값 저장 안 됨)	13	미계산	129	1249	rescore_v13.json {C_tot,A_tot} (회차 1..5 중 log 있는 순)
N15	r4	cplxL1	5	미보유(워커별 값 저장 안 됨)	19	미계산	117	1249	rescore_v13.json {C_tot,A_tot} (회차 1..5 중 log 있는 순)
N15	r5	cplxL1	5	미보유(워커별 값 저장 안 됨)	29	미계산	147	1249	rescore_v13.json {C_tot,A_tot} (회차 1..5 중 log 있는 순)
N15	회차 요약	cplxL1	5	—	C_min 13 · C_mean 21.2 · flag_C '—'	미계산	A_min 109 · A_mean 123.4 · flag_A '—'	1249	rescore_v13.json
N15	회차 요약(동결 9/21)	cplxL1	5	—	—	미계산	rt_mean 123.4 · rt_min 109 · rt_max 147 · flag 'None'	—	final_report_20260921/roundtrip.json (nrep_run 5)
N15	r1	cplxL2	10	미보유(워커별 값 저장 안 됨)	4	미계산	44	1249	rescore_v13.json {C_tot,A_tot} (회차 1..5 중 log 있는 순)
N15	r2	cplxL2	10	미보유(워커별 값 저장 안 됨)	38	미계산	244	1249	rescore_v13.json {C_tot,A_tot} (회차 1..5 중 log 있는 순)
N15	r3	cplxL2	10	미보유(워커별 값 저장 안 됨)	15	미계산	79	1249	rescore_v13.json {C_tot,A_tot} (회차 1..5 중 log 있는 순)
N15	r4	cplxL2	10	미보유(워커별 값 저장 안 됨)	20	미계산	246	1249	rescore_v13.json {C_tot,A_tot} (회차 1..5 중 log 있는 순)
N15	r5	cplxL2	10	미보유(워커별 값 저장 안 됨)	9	미계산	89	1249	rescore_v13.json {C_tot,A_tot} (회차 1..5 중 log 있는 순)
N15	회차 요약	cplxL2	10	—	C_min 4 · C_mean 17.2 · flag_C '경계'	미계산	A_min 44 · A_mean 140.4 · flag_A '—'	1249	rescore_v13.json
N15	회차 요약(동결 9/21)	cplxL2	10	—	—	미계산	rt_mean 140.4 · rt_min 44 · rt_max 246 · flag 'None'	—	final_report_20260921/roundtrip.json (nrep_run 5)
N15	r1	cplxL3	3	미보유(워커별 값 저장 안 됨)	204	미계산	319	1249	rescore_v13.json {C_tot,A_tot} (회차 1..5 중 log 있는 순)
N15	r2	cplxL3	3	미보유(워커별 값 저장 안 됨)	131	미계산	240	1249	rescore_v13.json {C_tot,A_tot} (회차 1..5 중 log 있는 순)
N15	r3	cplxL3	3	미보유(워커별 값 저장 안 됨)	146	미계산	232	1249	rescore_v13.json {C_tot,A_tot} (회차 1..5 중 log 있는 순)
N15	r4	cplxL3	3	미보유(워커별 값 저장 안 됨)	88	미계산	194	1249	rescore_v13.json {C_tot,A_tot} (회차 1..5 중 log 있는 순)
N15	r5	cplxL3	3	미보유(워커별 값 저장 안 됨)	197	미계산	338	1249	rescore_v13.json {C_tot,A_tot} (회차 1..5 중 log 있는 순)
N15	회차 요약	cplxL3	3	—	C_min 88 · C_mean 153.2 · flag_C '—'	미계산	A_min 194 · A_mean 264.6 · flag_A '—'	1249	rescore_v13.json
N15	회차 요약(동결 9/21)	cplxL3	3	—	—	미계산	rt_mean 264.6 · rt_min 194 · rt_max 338 · flag 'None'	—	final_report_20260921/roundtrip.json (nrep_run 5)
N15	r1	solvL1	5	미보유(워커별 값 저장 안 됨)	63	미계산	183	1249	rescore_v13.json {C_tot,A_tot} (회차 1..5 중 log 있는 순)
N15	r2	solvL1	5	미보유(워커별 값 저장 안 됨)	62	미계산	160	1249	rescore_v13.json {C_tot,A_tot} (회차 1..5 중 log 있는 순)
N15	r3	solvL1	5	미보유(워커별 값 저장 안 됨)	71	미계산	209	1249	rescore_v13.json {C_tot,A_tot} (회차 1..5 중 log 있는 순)
N15	r4	solvL1	5	미보유(워커별 값 저장 안 됨)	67	미계산	222	1249	rescore_v13.json {C_tot,A_tot} (회차 1..5 중 log 있는 순)
N15	r5	solvL1	5	미보유(워커별 값 저장 안 됨)	59	미계산	151	1249	rescore_v13.json {C_tot,A_tot} (회차 1..5 중 log 있는 순)
N15	회차 요약	solvL1	5	—	C_min 59 · C_mean 64.4 · flag_C '—'	미계산	A_min 151 · A_mean 185.0 · flag_A '—'	1249	rescore_v13.json
N15	회차 요약(동결 9/21)	solvL1	5	—	—	미계산	rt_mean 185.0 · rt_min 151 · rt_max 222 · flag 'None'	—	final_report_20260921/roundtrip.json (nrep_run 5)
N15	r1	solvL2	8	미보유(워커별 값 저장 안 됨)	79	미계산	300	1249	rescore_v13.json {C_tot,A_tot} (회차 1..5 중 log 있는 순)
N15	r2	solvL2	8	미보유(워커별 값 저장 안 됨)	81	미계산	279	1249	rescore_v13.json {C_tot,A_tot} (회차 1..5 중 log 있는 순)
N15	r3	solvL2	8	미보유(워커별 값 저장 안 됨)	72	미계산	244	1249	rescore_v13.json {C_tot,A_tot} (회차 1..5 중 log 있는 순)
N15	r4	solvL2	8	미보유(워커별 값 저장 안 됨)	74	미계산	275	1249	rescore_v13.json {C_tot,A_tot} (회차 1..5 중 log 있는 순)
N15	r5	solvL2	8	미보유(워커별 값 저장 안 됨)	86	미계산	256	1249	rescore_v13.json {C_tot,A_tot} (회차 1..5 중 log 있는 순)
N15	회차 요약	solvL2	8	—	C_min 72 · C_mean 78.4 · flag_C '—'	미계산	A_min 244 · A_mean 270.8 · flag_A '—'	1249	rescore_v13.json
N15	회차 요약(동결 9/21)	solvL2	8	—	—	미계산	rt_mean 270.8 · rt_min 244 · rt_max 300 · flag 'None'	—	final_report_20260921/roundtrip.json (nrep_run 5)
N15	r1	solvL3	3	미보유(워커별 값 저장 안 됨)	139	미계산	216	1249	rescore_v13.json {C_tot,A_tot} (회차 1..5 중 log 있는 순)
N15	r2	solvL3	3	미보유(워커별 값 저장 안 됨)	141	미계산	229	1249	rescore_v13.json {C_tot,A_tot} (회차 1..5 중 log 있는 순)
N15	r3	solvL3	3	미보유(워커별 값 저장 안 됨)	139	미계산	227	1249	rescore_v13.json {C_tot,A_tot} (회차 1..5 중 log 있는 순)
N15	r4	solvL3	3	미보유(워커별 값 저장 안 됨)	136	미계산	225	1249	rescore_v13.json {C_tot,A_tot} (회차 1..5 중 log 있는 순)
N15	r5	solvL3	3	미보유(워커별 값 저장 안 됨)	138	미계산	221	1249	rescore_v13.json {C_tot,A_tot} (회차 1..5 중 log 있는 순)
N15	회차 요약	solvL3	3	—	C_min 136 · C_mean 138.6 · flag_C '—'	미계산	A_min 216 · A_mean 223.6 · flag_A '—'	1249	rescore_v13.json
N15	회차 요약(동결 9/21)	solvL3	3	—	—	미계산	rt_mean 223.6 · rt_min 216 · rt_max 229 · flag 'None'	—	final_report_20260921/roundtrip.json (nrep_run 5)
N16	r1	cplxL1	5	미보유(워커별 값 저장 안 됨)	24	미계산	160	1249	rescore_v13.json {C_tot,A_tot} (회차 1..5 중 log 있는 순)
N16	r2	cplxL1	5	미보유(워커별 값 저장 안 됨)	26	미계산	223	1249	rescore_v13.json {C_tot,A_tot} (회차 1..5 중 log 있는 순)
N16	r3	cplxL1	5	미보유(워커별 값 저장 안 됨)	30	미계산	158	1249	rescore_v13.json {C_tot,A_tot} (회차 1..5 중 log 있는 순)
N16	r4	cplxL1	5	미보유(워커별 값 저장 안 됨)	22	미계산	72	1249	rescore_v13.json {C_tot,A_tot} (회차 1..5 중 log 있는 순)
N16	r5	cplxL1	5	미보유(워커별 값 저장 안 됨)	16	미계산	92	1249	rescore_v13.json {C_tot,A_tot} (회차 1..5 중 log 있는 순)
N16	회차 요약	cplxL1	5	—	C_min 16 · C_mean 23.6 · flag_C '—'	미계산	A_min 72 · A_mean 141.0 · flag_A '—'	1249	rescore_v13.json
N16	회차 요약(동결 9/21)	cplxL1	5	—	—	미계산	rt_mean 141.0 · rt_min 72 · rt_max 223 · flag 'None'	—	final_report_20260921/roundtrip.json (nrep_run 5)
N16	r1	cplxL2	9	미보유(워커별 값 저장 안 됨)	28	미계산	104	1249	rescore_v13.json {C_tot,A_tot} (회차 1..5 중 log 있는 순)
N16	r2	cplxL2	9	미보유(워커별 값 저장 안 됨)	23	미계산	164	1249	rescore_v13.json {C_tot,A_tot} (회차 1..5 중 log 있는 순)
N16	r3	cplxL2	9	미보유(워커별 값 저장 안 됨)	19	미계산	177	1249	rescore_v13.json {C_tot,A_tot} (회차 1..5 중 log 있는 순)
N16	r4	cplxL2	9	미보유(워커별 값 저장 안 됨)	24	미계산	111	1249	rescore_v13.json {C_tot,A_tot} (회차 1..5 중 log 있는 순)
N16	r5	cplxL2	9	미보유(워커별 값 저장 안 됨)	27	미계산	157	1249	rescore_v13.json {C_tot,A_tot} (회차 1..5 중 log 있는 순)
N16	회차 요약	cplxL2	9	—	C_min 19 · C_mean 24.2 · flag_C '—'	미계산	A_min 104 · A_mean 142.6 · flag_A '—'	1249	rescore_v13.json
N16	회차 요약(동결 9/21)	cplxL2	9	—	—	미계산	rt_mean 142.6 · rt_min 104 · rt_max 177 · flag 'None'	—	final_report_20260921/roundtrip.json (nrep_run 5)
N16	r1	cplxL3	9	미보유(워커별 값 저장 안 됨)	1	미계산	35	1249	rescore_v13.json {C_tot,A_tot} (회차 1..5 중 log 있는 순)
N16	r2	cplxL3	9	미보유(워커별 값 저장 안 됨)	4	미계산	48	1249	rescore_v13.json {C_tot,A_tot} (회차 1..5 중 log 있는 순)
N16	r3	cplxL3	9	미보유(워커별 값 저장 안 됨)	1	미계산	78	1249	rescore_v13.json {C_tot,A_tot} (회차 1..5 중 log 있는 순)
N16	r4	cplxL3	9	미보유(워커별 값 저장 안 됨)	3	미계산	196	1249	rescore_v13.json {C_tot,A_tot} (회차 1..5 중 log 있는 순)
N16	r5	cplxL3	9	미보유(워커별 값 저장 안 됨)	1	미계산	121	1249	rescore_v13.json {C_tot,A_tot} (회차 1..5 중 log 있는 순)
N16	회차 요약	cplxL3	9	—	C_min 1 · C_mean 2.0 · flag_C '경계'	미계산	A_min 35 · A_mean 95.6 · flag_A '—'	1249	rescore_v13.json
N16	회차 요약(동결 9/21)	cplxL3	9	—	—	미계산	rt_mean 95.6 · rt_min 35 · rt_max 196 · flag 'None'	—	final_report_20260921/roundtrip.json (nrep_run 5)
N16	r1	solvL1	8	미보유(워커별 값 저장 안 됨)	38	미계산	159	1249	rescore_v13.json {C_tot,A_tot} (회차 1..5 중 log 있는 순)
N16	r2	solvL1	8	미보유(워커별 값 저장 안 됨)	45	미계산	184	1249	rescore_v13.json {C_tot,A_tot} (회차 1..5 중 log 있는 순)
N16	r3	solvL1	8	미보유(워커별 값 저장 안 됨)	45	미계산	192	1249	rescore_v13.json {C_tot,A_tot} (회차 1..5 중 log 있는 순)
N16	r4	solvL1	8	미보유(워커별 값 저장 안 됨)	49	미계산	188	1249	rescore_v13.json {C_tot,A_tot} (회차 1..5 중 log 있는 순)
N16	r5	solvL1	8	미보유(워커별 값 저장 안 됨)	50	미계산	177	1249	rescore_v13.json {C_tot,A_tot} (회차 1..5 중 log 있는 순)
N16	회차 요약	solvL1	8	—	C_min 38 · C_mean 45.4 · flag_C '—'	미계산	A_min 159 · A_mean 180.0 · flag_A '—'	1249	rescore_v13.json
N16	회차 요약(동결 9/21)	solvL1	8	—	—	미계산	rt_mean 180.0 · rt_min 159 · rt_max 192 · flag 'None'	—	final_report_20260921/roundtrip.json (nrep_run 5)
N16	r1	solvL2	10	미보유(워커별 값 저장 안 됨)	43	미계산	170	1249	rescore_v13.json {C_tot,A_tot} (회차 1..5 중 log 있는 순)
N16	r2	solvL2	10	미보유(워커별 값 저장 안 됨)	44	미계산	175	1249	rescore_v13.json {C_tot,A_tot} (회차 1..5 중 log 있는 순)
N16	r3	solvL2	10	미보유(워커별 값 저장 안 됨)	46	미계산	164	1249	rescore_v13.json {C_tot,A_tot} (회차 1..5 중 log 있는 순)
N16	r4	solvL2	10	미보유(워커별 값 저장 안 됨)	42	미계산	177	1249	rescore_v13.json {C_tot,A_tot} (회차 1..5 중 log 있는 순)
N16	r5	solvL2	10	미보유(워커별 값 저장 안 됨)	44	미계산	169	1249	rescore_v13.json {C_tot,A_tot} (회차 1..5 중 log 있는 순)
N16	회차 요약	solvL2	10	—	C_min 42 · C_mean 43.8 · flag_C '—'	미계산	A_min 164 · A_mean 171.0 · flag_A '—'	1249	rescore_v13.json
N16	회차 요약(동결 9/21)	solvL2	10	—	—	미계산	rt_mean 171.0 · rt_min 164 · rt_max 177 · flag 'None'	—	final_report_20260921/roundtrip.json (nrep_run 5)
N16	r1	solvL3	9	미보유(워커별 값 저장 안 됨)	19	미계산	109	1249	rescore_v13.json {C_tot,A_tot} (회차 1..5 중 log 있는 순)
N16	r2	solvL3	9	미보유(워커별 값 저장 안 됨)	21	미계산	126	1249	rescore_v13.json {C_tot,A_tot} (회차 1..5 중 log 있는 순)
N16	r3	solvL3	9	미보유(워커별 값 저장 안 됨)	15	미계산	94	1249	rescore_v13.json {C_tot,A_tot} (회차 1..5 중 log 있는 순)
N16	r4	solvL3	9	미보유(워커별 값 저장 안 됨)	15	미계산	89	1249	rescore_v13.json {C_tot,A_tot} (회차 1..5 중 log 있는 순)
N16	r5	solvL3	9	미보유(워커별 값 저장 안 됨)	21	미계산	119	1249	rescore_v13.json {C_tot,A_tot} (회차 1..5 중 log 있는 순)
N16	회차 요약	solvL3	9	—	C_min 15 · C_mean 18.2 · flag_C '경계'	미계산	A_min 89 · A_mean 107.4 · flag_A '—'	1249	rescore_v13.json
N16	회차 요약(동결 9/21)	solvL3	9	—	—	미계산	rt_mean 107.4 · rt_min 89 · rt_max 126 · flag 'None'	—	final_report_20260921/roundtrip.json (nrep_run 5)
N17	r1	cplxL1	8	13 13 4 1 15 10 6 14	76	0	—	—	hr1_table_prod_v14_N17.json {rt_per,rt_total} · hr1_wide {rtzero}
N17	r1	cplxL2	17	69 59 49 67 53 83 66 58 49 48 69 59 70 62 71 52 67	1051	0	—	—	hr1_table_prod_v14_N17.json {rt_per,rt_total} · hr1_wide {rtzero}
N17	r1	cplxL3	10	0 0 0 1 2 2 0 0 0 0	5	7	—	—	hr1_table_prod_v14_N17.json {rt_per,rt_total} · hr1_wide {rtzero}
N17	r1	solvL1	8	37 33 34 30 39 38 41 35	287	0	—	—	hr1_table_prod_v14_N17.json {rt_per,rt_total} · hr1_wide {rtzero}
N17	r1	solvL2	17	104 97 90 95 91 100 85 94 90 94 86 95 92 93 98 88 100	1592	0	—	—	hr1_table_prod_v14_N17.json {rt_per,rt_total} · hr1_wide {rtzero}
N17	r1	solvL3	10	36 37 37 40 45 41 36 41 41 43	397	0	—	—	hr1_table_prod_v14_N17.json {rt_per,rt_total} · hr1_wide {rtzero}
N17	r2	cplxL1	8	8 11 18 13 5 8 10 13	86	0	—	—	hr1_table_prod_v14_N17.json {rt_per,rt_total} · hr1_wide {rtzero}
N17	r2	cplxL2	17	67 68 75 66 58 52 62 52 69 72 56 76 56 80 68 65 48	1090	0	—	—	hr1_table_prod_v14_N17.json {rt_per,rt_total} · hr1_wide {rtzero}
N17	r2	cplxL3	10	0 0 2 2 0 1 0 0 0 2	7	6	—	—	hr1_table_prod_v14_N17.json {rt_per,rt_total} · hr1_wide {rtzero}
N17	r2	solvL1	8	43 33 37 38 41 42 31 35	300	0	—	—	hr1_table_prod_v14_N17.json {rt_per,rt_total} · hr1_wide {rtzero}
N17	r2	solvL2	17	89 103 94 100 90 95 95 95 101 91 95 98 99 89 87 79 85	1585	0	—	—	hr1_table_prod_v14_N17.json {rt_per,rt_total} · hr1_wide {rtzero}
N17	r2	solvL3	10	41 36 44 42 39 35 39 40 43 37	396	0	—	—	hr1_table_prod_v14_N17.json {rt_per,rt_total} · hr1_wide {rtzero}
N17	r3	cplxL1	8	5 13 10 7 11 4 5 5	60	0	—	—	hr1_table_prod_v14_N17.json {rt_per,rt_total} · hr1_wide {rtzero}
N17	r3	cplxL2	17	27 72 50 38 53 51 65 63 57 76 73 66 67 74 67 38 56	993	0	—	—	hr1_table_prod_v14_N17.json {rt_per,rt_total} · hr1_wide {rtzero}
N17	r3	cplxL3	10	0 1 3 3 2 2 1 2 2 5	21	1	—	—	hr1_table_prod_v14_N17.json {rt_per,rt_total} · hr1_wide {rtzero}
N17	r3	solvL1	8	35 36 37 43 42 34 31 40	298	0	—	—	hr1_table_prod_v14_N17.json {rt_per,rt_total} · hr1_wide {rtzero}
N17	r3	solvL2	17	93 99 100 89 91 105 95 100 108 97 90 96 89 99 100 85 96	1632	0	—	—	hr1_table_prod_v14_N17.json {rt_per,rt_total} · hr1_wide {rtzero}
N17	r3	solvL3	10	40 44 40 38 38 40 40 41 40 35	396	0	—	—	hr1_table_prod_v14_N17.json {rt_per,rt_total} · hr1_wide {rtzero}
N17	r4	cplxL1	8	5 11 7 6 10 17 7 4	67	0	—	—	hr1_table_prod_v14_N17.json {rt_per,rt_total} · hr1_wide {rtzero}
N17	r4	cplxL2	17	63 65 39 55 59 56 55 54 40 55 73 49 68 61 56 41 47	936	0	—	—	hr1_table_prod_v14_N17.json {rt_per,rt_total} · hr1_wide {rtzero}
N17	r4	cplxL3	10	0 0 1 0 0 0 1 0 3 1	6	6	—	—	hr1_table_prod_v14_N17.json {rt_per,rt_total} · hr1_wide {rtzero}
N17	r4	solvL1	8	37 45 34 35 41 37 34 37	300	0	—	—	hr1_table_prod_v14_N17.json {rt_per,rt_total} · hr1_wide {rtzero}
N17	r4	solvL2	17	92 105 92 93 100 93 105 87 92 92 96 102 97 96 94 86 95	1617	0	—	—	hr1_table_prod_v14_N17.json {rt_per,rt_total} · hr1_wide {rtzero}
N17	r4	solvL3	10	42 36 37 41 42 43 29 44 35 41	390	0	—	—	hr1_table_prod_v14_N17.json {rt_per,rt_total} · hr1_wide {rtzero}
N17	r5	cplxL1	8	11 12 12 6 4 10 16 9	80	0	—	—	S1_r5_diag.json {rt_per,rt_total,rt_zero}
N17	r5	cplxL2	17	51 57 73 73 18 49 67 52 63 73 55 38 68 75 70 60 74	1016	0	—	—	S1_r5_diag.json {rt_per,rt_total,rt_zero}
N17	r5	cplxL3	10	0 1 2 1 1 3 0 0 2 0	10	4	—	—	S1_r5_diag.json {rt_per,rt_total,rt_zero}
N17	r5	solvL1	8	37 34 39 33 38 41 41 40	303	0	—	—	S1_r5_diag.json {rt_per,rt_total,rt_zero}
N17	r5	solvL2	17	95 103 93 84 91 95 93 91 105 100 96 99 100 89 96 93 99	1622	0	—	—	S1_r5_diag.json {rt_per,rt_total,rt_zero}
N17	r5	solvL3	10	43 36 38 39 40 38 36 35 43 39	387	0	—	—	S1_r5_diag.json {rt_per,rt_total,rt_zero}
