gro	model	chain	resid	altloc	occupancy	결정수 O→3MI 중원자 최단(Å)	결정수 자리→계의 가장 가까운 물 O(Å)
data/fep_m1/node_eq/CHEMBL438498/solv_ions.gro	1	A	301	.	1.00	12.998	4.946
data/fep_m1/node_eq/CHEMBL438498/solv_ions.gro	1	A	302	.	1.00	20.460	2.828
data/fep_m1/node_eq/CHEMBL438498/solv_ions.gro	1	A	303	.	1.00	11.300	5.007
data/fep_m1/node_eq/CHEMBL438498/solv_ions.gro	1	A	304	.	1.00	16.966	3.900
data/fep_m1/node_eq/CHEMBL438498/solv_ions.gro	1	A	305	.	1.00	14.386	3.320
data/fep_m1/node_eq/CHEMBL438498/solv_ions.gro	1	A	306	.	1.00	11.887	2.324
data/fep_m1/node_eq/CHEMBL438498/solv_ions.gro	1	A	307	.	1.00	21.055	2.338
data/fep_m1/node_eq/CHEMBL438498/solv_ions.gro	1	A	308	.	1.00	23.927	2.504
data/fep_m1/node_eq/CHEMBL438498/solv_ions.gro	1	A	309	.	1.00	18.069	1.340
data/fep_m1/node_eq/CHEMBL438498/solv_ions.gro	1	A	310	.	1.00	15.963	2.708
data/fep_m1/node_eq/CHEMBL438498/solv_ions.gro	1	A	311	.	1.00	22.041	2.832
data/fep_m1/node_eq/CHEMBL438498/solv_ions.gro	1	A	312	.	1.00	11.972	5.071
data/fep_m1/node_eq/CHEMBL438498/solv_ions.gro	1	A	313	.	1.00	7.124	5.037
data/fep_m1/node_eq/CHEMBL438498/solv_ions.gro	1	A	314	.	1.00	14.574	1.079
data/fep_m1/node_eq/CHEMBL438498/solv_ions.gro	1	A	315	.	1.00	19.851	1.713
data/fep_m1/node_eq/CHEMBL438498/solv_ions.gro	1	A	316	.	1.00	22.318	1.650
data/fep_m1/node_eq/CHEMBL438498/solv_ions.gro	1	A	317	.	1.00	7.151	6.023
data/fep_m1/node_eq/CHEMBL438498/solv_ions.gro	1	A	318	.	1.00	5.580	1.670
data/fep_m1/node_eq/CHEMBL438498/solv_ions.gro	1	A	319	.	1.00	23.976	1.164
data/fep_m1/node_eq/CHEMBL438498/solv_ions.gro	1	A	320	.	1.00	19.460	2.371
data/fep_m1/node_eq/CHEMBL438498/solv_ions.gro	1	A	321	.	1.00	11.160	0.984
data/fep_m1/node_eq/CHEMBL438498/solv_ions.gro	1	A	322	.	1.00	17.239	2.405
data/fep_m1/node_eq/CHEMBL438498/solv_ions.gro	1	A	323	.	1.00	15.549	0.942
data/fep_m1/node_eq/CHEMBL438498/solv_ions.gro	1	A	324	.	1.00	17.426	2.278
data/fep_m1/node_eq/CHEMBL438498/solv_ions.gro	1	A	325	.	1.00	23.060	1.865
data/fep_m1/node_eq/CHEMBL438498/solv_ions.gro	1	A	326	.	1.00	6.539	1.747
data/fep_m1/node_eq/CHEMBL438498/solv_ions.gro	1	A	327	.	1.00	11.395	1.947
data/fep_m1/node_eq/CHEMBL438498/solv_ions.gro	1	A	328	.	1.00	17.701	1.585
data/fep_m1/node_eq/CHEMBL438498/solv_ions.gro	1	A	329	.	1.00	13.941	1.524
data/fep_m1/node_eq/CHEMBL438498/solv_ions.gro	1	A	330	.	1.00	12.761	2.390
data/fep_m1/node_eq/CHEMBL438498/solv_ions.gro	1	A	331	.	1.00	18.010	1.403
data/fep_m1/node_eq/CHEMBL438498/solv_ions.gro	1	A	332	.	1.00	12.301	0.504
data/fep_m1/node_eq/CHEMBL438498/solv_ions.gro	1	A	333	.	1.00	7.265	1.043
data/fep_m1/node_eq/CHEMBL438498/solv_ions.gro	1	A	334	.	1.00	18.500	2.271
data/fep_m1/node_eq/CHEMBL438498/solv_ions.gro	1	A	335	.	1.00	17.264	2.139
data/fep_m1/node_eq/CHEMBL438498/solv_ions.gro	1	A	336	.	1.00	14.969	1.405
data/fep_m1/node_eq/CHEMBL438498/solv_ions.gro	1	A	337	.	1.00	24.607	1.900
data/fep_m1/node_eq/CHEMBL438498/solv_ions.gro	1	A	338	.	1.00	16.760	1.604
data/fep_m1/node_eq/CHEMBL438498/solv_ions.gro	1	A	339	.	1.00	19.602	1.391
data/fep_m1/node_eq/CHEMBL438498/solv_ions.gro	1	A	340	.	1.00	18.341	2.569
data/fep_m1/node_eq/CHEMBL438498/solv_ions.gro	1	A	341	.	1.00	20.377	1.056
data/fep_m1/node_eq/CHEMBL438498/solv_ions.gro	1	A	342	.	1.00	15.278	2.760
data/fep_m1/node_eq/CHEMBL438498/solv_ions.gro	1	A	343	.	1.00	25.080	1.118
data/fep_m1/node_eq/CHEMBL438498/solv_ions.gro	1	A	344	.	1.00	26.672	1.214
data/fep_m1/node_eq/CHEMBL438498/solv_ions.gro	1	A	345	.	1.00	23.957	0.699
data/fep_m1/node_eq/CHEMBL438498/solv_ions.gro	1	B	301	.	1.00	11.471	1.548
data/fep_m1/node_eq/CHEMBL438498/solv_ions.gro	1	B	302	.	1.00	16.335	0.967
data/fep_m1/node_eq/CHEMBL438498/solv_ions.gro	1	B	303	.	1.00	16.746	3.273
data/fep_m1/node_eq/CHEMBL438498/solv_ions.gro	1	B	304	.	1.00	11.838	5.262
data/fep_m1/node_eq/CHEMBL438498/solv_ions.gro	1	B	305	.	1.00	14.135	2.752
data/fep_m1/node_eq/CHEMBL438498/solv_ions.gro	1	B	306	.	1.00	18.395	1.650
data/fep_m1/node_eq/CHEMBL438498/solv_ions.gro	1	B	307	.	1.00	15.861	1.769
data/fep_m1/node_eq/CHEMBL438498/solv_ions.gro	1	B	308	.	1.00	22.972	1.542
data/fep_m1/node_eq/CHEMBL438498/solv_ions.gro	1	B	309	.	1.00	18.548	2.214
data/fep_m1/node_eq/CHEMBL438498/solv_ions.gro	1	B	310	.	1.00	17.326	3.678
data/fep_m1/node_eq/CHEMBL438498/solv_ions.gro	1	B	311	.	1.00	10.921	2.369
data/fep_m1/node_eq/CHEMBL438498/solv_ions.gro	1	B	312	.	1.00	20.383	1.899
data/fep_m1/node_eq/CHEMBL438498/solv_ions.gro	1	B	313	.	1.00	13.135	2.809
data/fep_m1/node_eq/CHEMBL438498/solv_ions.gro	1	B	314	.	1.00	24.158	1.562
data/fep_m1/node_eq/CHEMBL438498/solv_ions.gro	1	B	315	.	1.00	16.757	1.901
data/fep_m1/node_eq/CHEMBL438498/solv_ions.gro	1	B	316	.	1.00	24.105	2.514
data/fep_m1/node_eq/CHEMBL438498/solv_ions.gro	1	B	317	.	1.00	22.968	2.348
data/fep_m1/node_eq/CHEMBL438498/solv_ions.gro	1	B	318	.	1.00	20.905	1.069
data/fep_m1/node_eq/CHEMBL438498/solv_ions.gro	1	B	319	.	1.00	14.837	2.036
data/fep_m1/node_eq/CHEMBL438498/solv_ions.gro	1	B	320	.	1.00	18.641	2.543
data/fep_m1/node_eq/CHEMBL438498/solv_ions.gro	1	B	321	.	1.00	22.410	2.179
data/fep_m1/node_eq/CHEMBL438498/solv_ions.gro	1	B	322	.	1.00	22.253	1.371
data/fep_m1/node_eq/CHEMBL438498/solv_ions.gro	1	B	323	.	1.00	17.254	0.789
data/fep_m1/node_eq/CHEMBL438498/solv_ions.gro	1	B	324	.	1.00	7.089	0.904
data/fep_m1/node_eq/CHEMBL438498/solv_ions.gro	1	B	325	.	1.00	11.682	1.048
data/fep_m1/node_eq/CHEMBL438498/solv_ions.gro	1	B	326	.	1.00	7.177	2.155
data/fep_m1/node_eq/CHEMBL438498/solv_ions.gro	1	B	327	.	1.00	14.487	0.801
data/fep_m1/node_eq/CHEMBL438498/solv_ions.gro	1	B	328	.	1.00	5.584	1.576
data/fep_m1/node_eq/CHEMBL438498/solv_ions.gro	1	B	329	.	1.00	17.988	1.672
data/fep_m1/node_eq/CHEMBL438498/solv_ions.gro	1	B	330	.	1.00	22.263	1.505
data/fep_m1/node_eq/CHEMBL438498/solv_ions.gro	1	B	331	.	1.00	17.061	2.083
data/fep_m1/node_eq/CHEMBL438498/solv_ions.gro	1	B	332	.	1.00	11.004	2.905
data/fep_m1/node_eq/CHEMBL438498/solv_ions.gro	1	B	333	.	1.00	11.229	2.573
data/fep_m1/node_eq/CHEMBL438498/solv_ions.gro	1	B	334	.	1.00	17.994	0.671
data/fep_m1/node_eq/CHEMBL438498/solv_ions.gro	1	B	335	.	1.00	19.365	1.566
data/fep_m1/node_eq/CHEMBL438498/solv_ions.gro	1	B	336	.	1.00	21.806	1.004
data/fep_m1/node_eq/CHEMBL438498/solv_ions.gro	1	B	337	.	1.00	16.149	2.071
data/fep_m1/node_eq/CHEMBL438498/solv_ions.gro	1	B	338	.	1.00	13.945	1.976
data/fep_m1/node_eq/CHEMBL438498/solv_ions.gro	1	B	339	.	1.00	7.316	0.913
data/fep_m1/node_eq/CHEMBL438498/solv_ions.gro	1	B	340	.	1.00	18.407	1.184
data/fep_m1/node_eq/CHEMBL438498/solv_ions.gro	1	B	341	.	1.00	12.990	1.628
data/fep_m1/node_eq/CHEMBL438498/solv_ions.gro	1	B	342	.	1.00	25.685	1.634
data/fep_m1/node_eq/CHEMBL438498/solv_ions.gro	1	B	343	.	1.00	12.571	1.659
data/fep_m1/node_eq/CHEMBL438498/solv_ions.gro	1	B	344	.	1.00	7.079	3.580
data/fep_m1/node_eq/CHEMBL438498/solv_ions.gro	1	B	345	.	1.00	28.422	2.381
data/fep_m1/node_eq/CHEMBL438498/solv_ions.gro	1	B	346	.	1.00	21.037	2.345
data/fep_m1/node_eq/CHEMBL438498/solv_ions.gro	1	B	347	.	1.00	16.802	2.093
data/fep_m1/node_eq/CHEMBL438498/solv_ions.gro	1	B	348	.	1.00	15.824	2.240
data/fep_m1/node_eq/CHEMBL438498/solv_ions.gro	1	B	349	.	1.00	22.503	1.581
data/fep_m1/node_eq/CHEMBL438498/solv_ions.gro	1	B	350	.	1.00	24.265	1.248
data/fep_m1/node_eq/CHEMBL438498/solv_ions.gro	1	B	351	.	1.00	21.808	2.804
data/fep_m1/node_eq/CHEMBL438498/solv_ions.gro	1	B	352	.	1.00	17.660	1.359
data/fep_m1/node_eq/CHEMBL438498/solv_ions.gro	1	B	353	.	1.00	16.120	1.091
data/fep_m1/node_eq/CHEMBL438498/solv_ions.gro	1	B	354	.	1.00	24.351	1.792
data/fep_m1/node_eq/CHEMBL438498/solv_ions.gro	1	B	355	.	1.00	15.613	1.775
data/fep_m1/node_eq/CHEMBL438498/solv_ions.gro	1	B	356	.	1.00	24.030	1.264
data/fep_m1/node_eq/CHEMBL438498/solv_ions.gro	1	B	357	.	1.00	15.997	2.442
data/fep_m1/node_eq/CHEMBL438498/solv_ions.gro	2	A	301	.	1.00	12.998	1.951
data/fep_m1/node_eq/CHEMBL438498/solv_ions.gro	2	A	302	.	1.00	20.460	1.797
data/fep_m1/node_eq/CHEMBL438498/solv_ions.gro	2	A	303	.	1.00	11.300	3.066
data/fep_m1/node_eq/CHEMBL438498/solv_ions.gro	2	A	304	.	1.00	16.966	3.185
data/fep_m1/node_eq/CHEMBL438498/solv_ions.gro	2	A	305	.	1.00	14.386	1.290
data/fep_m1/node_eq/CHEMBL438498/solv_ions.gro	2	A	306	.	1.00	11.887	2.403
data/fep_m1/node_eq/CHEMBL438498/solv_ions.gro	2	A	307	.	1.00	21.055	0.484
data/fep_m1/node_eq/CHEMBL438498/solv_ions.gro	2	A	308	.	1.00	23.927	0.818
data/fep_m1/node_eq/CHEMBL438498/solv_ions.gro	2	A	309	.	1.00	18.069	2.039
data/fep_m1/node_eq/CHEMBL438498/solv_ions.gro	2	A	310	.	1.00	15.963	2.231
data/fep_m1/node_eq/CHEMBL438498/solv_ions.gro	2	A	311	.	1.00	22.041	1.089
data/fep_m1/node_eq/CHEMBL438498/solv_ions.gro	2	A	312	.	1.00	11.972	1.341
data/fep_m1/node_eq/CHEMBL438498/solv_ions.gro	2	A	313	.	1.00	7.124	4.677
data/fep_m1/node_eq/CHEMBL438498/solv_ions.gro	2	A	314	.	1.00	14.574	1.310
data/fep_m1/node_eq/CHEMBL438498/solv_ions.gro	2	A	315	.	1.00	19.851	1.192
data/fep_m1/node_eq/CHEMBL438498/solv_ions.gro	2	A	316	.	1.00	22.318	1.742
data/fep_m1/node_eq/CHEMBL438498/solv_ions.gro	2	A	317	.	1.00	7.151	2.016
data/fep_m1/node_eq/CHEMBL438498/solv_ions.gro	2	A	318	.	1.00	5.580	0.629
data/fep_m1/node_eq/CHEMBL438498/solv_ions.gro	2	A	319	.	1.00	23.976	1.404
data/fep_m1/node_eq/CHEMBL438498/solv_ions.gro	2	A	320	.	1.00	19.460	2.167
data/fep_m1/node_eq/CHEMBL438498/solv_ions.gro	2	A	321	.	1.00	11.160	2.196
data/fep_m1/node_eq/CHEMBL438498/solv_ions.gro	2	A	322	.	1.00	17.239	4.222
data/fep_m1/node_eq/CHEMBL438498/solv_ions.gro	2	A	323	.	1.00	15.549	4.498
data/fep_m1/node_eq/CHEMBL438498/solv_ions.gro	2	A	324	.	1.00	17.426	2.037
data/fep_m1/node_eq/CHEMBL438498/solv_ions.gro	2	A	325	.	1.00	23.060	2.379
data/fep_m1/node_eq/CHEMBL438498/solv_ions.gro	2	A	326	.	1.00	6.539	2.612
data/fep_m1/node_eq/CHEMBL438498/solv_ions.gro	2	A	327	.	1.00	11.395	0.950
data/fep_m1/node_eq/CHEMBL438498/solv_ions.gro	2	A	328	.	1.00	17.701	1.283
data/fep_m1/node_eq/CHEMBL438498/solv_ions.gro	2	A	329	.	1.00	13.941	1.296
data/fep_m1/node_eq/CHEMBL438498/solv_ions.gro	2	A	330	.	1.00	12.761	1.331
data/fep_m1/node_eq/CHEMBL438498/solv_ions.gro	2	A	331	.	1.00	18.010	2.080
data/fep_m1/node_eq/CHEMBL438498/solv_ions.gro	2	A	332	.	1.00	12.301	0.573
data/fep_m1/node_eq/CHEMBL438498/solv_ions.gro	2	A	333	.	1.00	7.265	2.654
data/fep_m1/node_eq/CHEMBL438498/solv_ions.gro	2	A	334	.	1.00	18.500	1.893
data/fep_m1/node_eq/CHEMBL438498/solv_ions.gro	2	A	335	.	1.00	17.264	2.065
data/fep_m1/node_eq/CHEMBL438498/solv_ions.gro	2	A	336	.	1.00	14.969	1.532
data/fep_m1/node_eq/CHEMBL438498/solv_ions.gro	2	A	337	.	1.00	24.607	1.199
data/fep_m1/node_eq/CHEMBL438498/solv_ions.gro	2	A	338	.	1.00	16.760	1.295
data/fep_m1/node_eq/CHEMBL438498/solv_ions.gro	2	A	339	.	1.00	19.602	3.305
data/fep_m1/node_eq/CHEMBL438498/solv_ions.gro	2	A	340	.	1.00	18.341	1.736
data/fep_m1/node_eq/CHEMBL438498/solv_ions.gro	2	A	341	.	1.00	20.377	3.244
data/fep_m1/node_eq/CHEMBL438498/solv_ions.gro	2	A	342	.	1.00	15.278	1.406
data/fep_m1/node_eq/CHEMBL438498/solv_ions.gro	2	A	343	.	1.00	25.080	0.696
data/fep_m1/node_eq/CHEMBL438498/solv_ions.gro	2	A	344	.	1.00	26.672	1.157
data/fep_m1/node_eq/CHEMBL438498/solv_ions.gro	2	A	345	.	1.00	23.957	2.108
data/fep_m1/node_eq/CHEMBL438498/solv_ions.gro	2	B	301	.	1.00	11.471	2.332
data/fep_m1/node_eq/CHEMBL438498/solv_ions.gro	2	B	302	.	1.00	16.335	0.659
data/fep_m1/node_eq/CHEMBL438498/solv_ions.gro	2	B	303	.	1.00	16.746	3.190
data/fep_m1/node_eq/CHEMBL438498/solv_ions.gro	2	B	304	.	1.00	11.838	5.271
data/fep_m1/node_eq/CHEMBL438498/solv_ions.gro	2	B	305	.	1.00	14.135	2.060
data/fep_m1/node_eq/CHEMBL438498/solv_ions.gro	2	B	306	.	1.00	18.395	1.600
data/fep_m1/node_eq/CHEMBL438498/solv_ions.gro	2	B	307	.	1.00	15.861	2.787
data/fep_m1/node_eq/CHEMBL438498/solv_ions.gro	2	B	308	.	1.00	22.972	1.695
data/fep_m1/node_eq/CHEMBL438498/solv_ions.gro	2	B	309	.	1.00	18.548	1.350
data/fep_m1/node_eq/CHEMBL438498/solv_ions.gro	2	B	310	.	1.00	17.326	1.128
data/fep_m1/node_eq/CHEMBL438498/solv_ions.gro	2	B	311	.	1.00	10.921	1.586
data/fep_m1/node_eq/CHEMBL438498/solv_ions.gro	2	B	312	.	1.00	20.383	2.304
data/fep_m1/node_eq/CHEMBL438498/solv_ions.gro	2	B	313	.	1.00	13.135	2.814
data/fep_m1/node_eq/CHEMBL438498/solv_ions.gro	2	B	314	.	1.00	24.158	1.403
data/fep_m1/node_eq/CHEMBL438498/solv_ions.gro	2	B	315	.	1.00	16.757	1.821
data/fep_m1/node_eq/CHEMBL438498/solv_ions.gro	2	B	316	.	1.00	24.105	1.132
data/fep_m1/node_eq/CHEMBL438498/solv_ions.gro	2	B	317	.	1.00	22.968	1.775
data/fep_m1/node_eq/CHEMBL438498/solv_ions.gro	2	B	318	.	1.00	20.905	1.101
data/fep_m1/node_eq/CHEMBL438498/solv_ions.gro	2	B	319	.	1.00	14.837	2.122
data/fep_m1/node_eq/CHEMBL438498/solv_ions.gro	2	B	320	.	1.00	18.641	1.603
data/fep_m1/node_eq/CHEMBL438498/solv_ions.gro	2	B	321	.	1.00	22.410	2.075
data/fep_m1/node_eq/CHEMBL438498/solv_ions.gro	2	B	322	.	1.00	22.253	1.626
data/fep_m1/node_eq/CHEMBL438498/solv_ions.gro	2	B	323	.	1.00	17.254	1.859
data/fep_m1/node_eq/CHEMBL438498/solv_ions.gro	2	B	324	.	1.00	7.089	1.961
data/fep_m1/node_eq/CHEMBL438498/solv_ions.gro	2	B	325	.	1.00	11.682	1.267
data/fep_m1/node_eq/CHEMBL438498/solv_ions.gro	2	B	326	.	1.00	7.177	1.044
data/fep_m1/node_eq/CHEMBL438498/solv_ions.gro	2	B	327	.	1.00	14.487	2.055
data/fep_m1/node_eq/CHEMBL438498/solv_ions.gro	2	B	328	.	1.00	5.584	0.861
data/fep_m1/node_eq/CHEMBL438498/solv_ions.gro	2	B	329	.	1.00	17.988	1.073
data/fep_m1/node_eq/CHEMBL438498/solv_ions.gro	2	B	330	.	1.00	22.263	1.803
data/fep_m1/node_eq/CHEMBL438498/solv_ions.gro	2	B	331	.	1.00	17.061	2.441
data/fep_m1/node_eq/CHEMBL438498/solv_ions.gro	2	B	332	.	1.00	11.004	2.537
data/fep_m1/node_eq/CHEMBL438498/solv_ions.gro	2	B	333	.	1.00	11.229	0.723
data/fep_m1/node_eq/CHEMBL438498/solv_ions.gro	2	B	334	.	1.00	17.994	0.742
data/fep_m1/node_eq/CHEMBL438498/solv_ions.gro	2	B	335	.	1.00	19.365	0.445
data/fep_m1/node_eq/CHEMBL438498/solv_ions.gro	2	B	336	.	1.00	21.806	1.604
data/fep_m1/node_eq/CHEMBL438498/solv_ions.gro	2	B	337	.	1.00	16.149	1.553
data/fep_m1/node_eq/CHEMBL438498/solv_ions.gro	2	B	338	.	1.00	13.945	1.757
data/fep_m1/node_eq/CHEMBL438498/solv_ions.gro	2	B	339	.	1.00	7.316	1.717
data/fep_m1/node_eq/CHEMBL438498/solv_ions.gro	2	B	340	.	1.00	18.407	1.808
data/fep_m1/node_eq/CHEMBL438498/solv_ions.gro	2	B	341	.	1.00	12.990	2.433
data/fep_m1/node_eq/CHEMBL438498/solv_ions.gro	2	B	342	.	1.00	25.685	3.034
data/fep_m1/node_eq/CHEMBL438498/solv_ions.gro	2	B	343	.	1.00	12.571	1.398
data/fep_m1/node_eq/CHEMBL438498/solv_ions.gro	2	B	344	.	1.00	7.079	2.258
data/fep_m1/node_eq/CHEMBL438498/solv_ions.gro	2	B	345	.	1.00	28.422	1.762
data/fep_m1/node_eq/CHEMBL438498/solv_ions.gro	2	B	346	.	1.00	21.037	1.055
data/fep_m1/node_eq/CHEMBL438498/solv_ions.gro	2	B	347	.	1.00	16.802	1.602
data/fep_m1/node_eq/CHEMBL438498/solv_ions.gro	2	B	348	.	1.00	15.824	2.442
data/fep_m1/node_eq/CHEMBL438498/solv_ions.gro	2	B	349	.	1.00	22.503	1.814
data/fep_m1/node_eq/CHEMBL438498/solv_ions.gro	2	B	350	.	1.00	24.265	0.902
data/fep_m1/node_eq/CHEMBL438498/solv_ions.gro	2	B	351	.	1.00	21.808	2.199
data/fep_m1/node_eq/CHEMBL438498/solv_ions.gro	2	B	352	.	1.00	17.660	2.259
data/fep_m1/node_eq/CHEMBL438498/solv_ions.gro	2	B	353	.	1.00	16.120	1.881
data/fep_m1/node_eq/CHEMBL438498/solv_ions.gro	2	B	354	.	1.00	24.351	1.318
data/fep_m1/node_eq/CHEMBL438498/solv_ions.gro	2	B	355	.	1.00	15.613	2.037
data/fep_m1/node_eq/CHEMBL438498/solv_ions.gro	2	B	356	.	1.00	24.030	1.717
data/fep_m1/node_eq/CHEMBL438498/solv_ions.gro	2	B	357	.	1.00	15.997	1.161
data/fep_m1/node_eq/CHEMBL438498/npt.gro	1	A	301	.	1.00	12.998	4.599
data/fep_m1/node_eq/CHEMBL438498/npt.gro	1	A	302	.	1.00	20.460	3.328
data/fep_m1/node_eq/CHEMBL438498/npt.gro	1	A	303	.	1.00	11.300	5.154
data/fep_m1/node_eq/CHEMBL438498/npt.gro	1	A	304	.	1.00	16.966	2.742
data/fep_m1/node_eq/CHEMBL438498/npt.gro	1	A	305	.	1.00	14.386	3.037
data/fep_m1/node_eq/CHEMBL438498/npt.gro	1	A	306	.	1.00	11.887	1.916
data/fep_m1/node_eq/CHEMBL438498/npt.gro	1	A	307	.	1.00	21.055	1.397
data/fep_m1/node_eq/CHEMBL438498/npt.gro	1	A	308	.	1.00	23.927	1.836
data/fep_m1/node_eq/CHEMBL438498/npt.gro	1	A	309	.	1.00	18.069	2.356
data/fep_m1/node_eq/CHEMBL438498/npt.gro	1	A	310	.	1.00	15.963	1.786
data/fep_m1/node_eq/CHEMBL438498/npt.gro	1	A	311	.	1.00	22.041	1.957
data/fep_m1/node_eq/CHEMBL438498/npt.gro	1	A	312	.	1.00	11.972	6.334
data/fep_m1/node_eq/CHEMBL438498/npt.gro	1	A	313	.	1.00	7.124	0.491
data/fep_m1/node_eq/CHEMBL438498/npt.gro	1	A	314	.	1.00	14.574	1.047
data/fep_m1/node_eq/CHEMBL438498/npt.gro	1	A	315	.	1.00	19.851	0.751
data/fep_m1/node_eq/CHEMBL438498/npt.gro	1	A	316	.	1.00	22.318	1.270
data/fep_m1/node_eq/CHEMBL438498/npt.gro	1	A	317	.	1.00	7.151	7.508
data/fep_m1/node_eq/CHEMBL438498/npt.gro	1	A	318	.	1.00	5.580	1.550
data/fep_m1/node_eq/CHEMBL438498/npt.gro	1	A	319	.	1.00	23.976	2.202
data/fep_m1/node_eq/CHEMBL438498/npt.gro	1	A	320	.	1.00	19.460	1.029
data/fep_m1/node_eq/CHEMBL438498/npt.gro	1	A	321	.	1.00	11.160	1.360
data/fep_m1/node_eq/CHEMBL438498/npt.gro	1	A	322	.	1.00	17.239	0.320
data/fep_m1/node_eq/CHEMBL438498/npt.gro	1	A	323	.	1.00	15.549	2.274
data/fep_m1/node_eq/CHEMBL438498/npt.gro	1	A	324	.	1.00	17.426	0.818
data/fep_m1/node_eq/CHEMBL438498/npt.gro	1	A	325	.	1.00	23.060	1.742
data/fep_m1/node_eq/CHEMBL438498/npt.gro	1	A	326	.	1.00	6.539	1.932
data/fep_m1/node_eq/CHEMBL438498/npt.gro	1	A	327	.	1.00	11.395	3.153
data/fep_m1/node_eq/CHEMBL438498/npt.gro	1	A	328	.	1.00	17.701	2.010
data/fep_m1/node_eq/CHEMBL438498/npt.gro	1	A	329	.	1.00	13.941	0.426
data/fep_m1/node_eq/CHEMBL438498/npt.gro	1	A	330	.	1.00	12.761	0.669
data/fep_m1/node_eq/CHEMBL438498/npt.gro	1	A	331	.	1.00	18.010	1.129
data/fep_m1/node_eq/CHEMBL438498/npt.gro	1	A	332	.	1.00	12.301	0.398
data/fep_m1/node_eq/CHEMBL438498/npt.gro	1	A	333	.	1.00	7.265	1.430
data/fep_m1/node_eq/CHEMBL438498/npt.gro	1	A	334	.	1.00	18.500	2.355
data/fep_m1/node_eq/CHEMBL438498/npt.gro	1	A	335	.	1.00	17.264	0.992
data/fep_m1/node_eq/CHEMBL438498/npt.gro	1	A	336	.	1.00	14.969	1.531
data/fep_m1/node_eq/CHEMBL438498/npt.gro	1	A	337	.	1.00	24.607	1.513
data/fep_m1/node_eq/CHEMBL438498/npt.gro	1	A	338	.	1.00	16.760	1.798
data/fep_m1/node_eq/CHEMBL438498/npt.gro	1	A	339	.	1.00	19.602	0.723
data/fep_m1/node_eq/CHEMBL438498/npt.gro	1	A	340	.	1.00	18.341	3.528
data/fep_m1/node_eq/CHEMBL438498/npt.gro	1	A	341	.	1.00	20.377	1.917
data/fep_m1/node_eq/CHEMBL438498/npt.gro	1	A	342	.	1.00	15.278	2.935
data/fep_m1/node_eq/CHEMBL438498/npt.gro	1	A	343	.	1.00	25.080	1.629
data/fep_m1/node_eq/CHEMBL438498/npt.gro	1	A	344	.	1.00	26.672	1.360
data/fep_m1/node_eq/CHEMBL438498/npt.gro	1	A	345	.	1.00	23.957	0.785
data/fep_m1/node_eq/CHEMBL438498/npt.gro	1	B	301	.	1.00	11.471	1.531
data/fep_m1/node_eq/CHEMBL438498/npt.gro	1	B	302	.	1.00	16.335	1.265
data/fep_m1/node_eq/CHEMBL438498/npt.gro	1	B	303	.	1.00	16.746	1.417
data/fep_m1/node_eq/CHEMBL438498/npt.gro	1	B	304	.	1.00	11.838	1.291
data/fep_m1/node_eq/CHEMBL438498/npt.gro	1	B	305	.	1.00	14.135	2.233
data/fep_m1/node_eq/CHEMBL438498/npt.gro	1	B	306	.	1.00	18.395	1.482
data/fep_m1/node_eq/CHEMBL438498/npt.gro	1	B	307	.	1.00	15.861	3.944
data/fep_m1/node_eq/CHEMBL438498/npt.gro	1	B	308	.	1.00	22.972	2.517
data/fep_m1/node_eq/CHEMBL438498/npt.gro	1	B	309	.	1.00	18.548	0.680
data/fep_m1/node_eq/CHEMBL438498/npt.gro	1	B	310	.	1.00	17.326	0.936
data/fep_m1/node_eq/CHEMBL438498/npt.gro	1	B	311	.	1.00	10.921	2.372
data/fep_m1/node_eq/CHEMBL438498/npt.gro	1	B	312	.	1.00	20.383	0.966
data/fep_m1/node_eq/CHEMBL438498/npt.gro	1	B	313	.	1.00	13.135	3.295
data/fep_m1/node_eq/CHEMBL438498/npt.gro	1	B	314	.	1.00	24.158	1.721
data/fep_m1/node_eq/CHEMBL438498/npt.gro	1	B	315	.	1.00	16.757	1.463
data/fep_m1/node_eq/CHEMBL438498/npt.gro	1	B	316	.	1.00	24.105	2.095
data/fep_m1/node_eq/CHEMBL438498/npt.gro	1	B	317	.	1.00	22.968	2.618
data/fep_m1/node_eq/CHEMBL438498/npt.gro	1	B	318	.	1.00	20.905	1.212
data/fep_m1/node_eq/CHEMBL438498/npt.gro	1	B	319	.	1.00	14.837	0.597
data/fep_m1/node_eq/CHEMBL438498/npt.gro	1	B	320	.	1.00	18.641	1.507
data/fep_m1/node_eq/CHEMBL438498/npt.gro	1	B	321	.	1.00	22.410	1.432
data/fep_m1/node_eq/CHEMBL438498/npt.gro	1	B	322	.	1.00	22.253	1.421
data/fep_m1/node_eq/CHEMBL438498/npt.gro	1	B	323	.	1.00	17.254	1.300
data/fep_m1/node_eq/CHEMBL438498/npt.gro	1	B	324	.	1.00	7.089	0.558
data/fep_m1/node_eq/CHEMBL438498/npt.gro	1	B	325	.	1.00	11.682	1.699
data/fep_m1/node_eq/CHEMBL438498/npt.gro	1	B	326	.	1.00	7.177	1.808
data/fep_m1/node_eq/CHEMBL438498/npt.gro	1	B	327	.	1.00	14.487	3.109
data/fep_m1/node_eq/CHEMBL438498/npt.gro	1	B	328	.	1.00	5.584	1.463
data/fep_m1/node_eq/CHEMBL438498/npt.gro	1	B	329	.	1.00	17.988	0.403
data/fep_m1/node_eq/CHEMBL438498/npt.gro	1	B	330	.	1.00	22.263	1.074
data/fep_m1/node_eq/CHEMBL438498/npt.gro	1	B	331	.	1.00	17.061	0.732
data/fep_m1/node_eq/CHEMBL438498/npt.gro	1	B	332	.	1.00	11.004	2.308
data/fep_m1/node_eq/CHEMBL438498/npt.gro	1	B	333	.	1.00	11.229	3.436
data/fep_m1/node_eq/CHEMBL438498/npt.gro	1	B	334	.	1.00	17.994	1.758
data/fep_m1/node_eq/CHEMBL438498/npt.gro	1	B	335	.	1.00	19.365	2.211
data/fep_m1/node_eq/CHEMBL438498/npt.gro	1	B	336	.	1.00	21.806	0.661
data/fep_m1/node_eq/CHEMBL438498/npt.gro	1	B	337	.	1.00	16.149	0.614
data/fep_m1/node_eq/CHEMBL438498/npt.gro	1	B	338	.	1.00	13.945	0.622
data/fep_m1/node_eq/CHEMBL438498/npt.gro	1	B	339	.	1.00	7.316	1.622
data/fep_m1/node_eq/CHEMBL438498/npt.gro	1	B	340	.	1.00	18.407	0.694
data/fep_m1/node_eq/CHEMBL438498/npt.gro	1	B	341	.	1.00	12.990	1.694
data/fep_m1/node_eq/CHEMBL438498/npt.gro	1	B	342	.	1.00	25.685	0.456
data/fep_m1/node_eq/CHEMBL438498/npt.gro	1	B	343	.	1.00	12.571	1.409
data/fep_m1/node_eq/CHEMBL438498/npt.gro	1	B	344	.	1.00	7.079	0.571
data/fep_m1/node_eq/CHEMBL438498/npt.gro	1	B	345	.	1.00	28.422	0.986
data/fep_m1/node_eq/CHEMBL438498/npt.gro	1	B	346	.	1.00	21.037	1.455
data/fep_m1/node_eq/CHEMBL438498/npt.gro	1	B	347	.	1.00	16.802	1.560
data/fep_m1/node_eq/CHEMBL438498/npt.gro	1	B	348	.	1.00	15.824	2.468
data/fep_m1/node_eq/CHEMBL438498/npt.gro	1	B	349	.	1.00	22.503	1.371
data/fep_m1/node_eq/CHEMBL438498/npt.gro	1	B	350	.	1.00	24.265	1.189
data/fep_m1/node_eq/CHEMBL438498/npt.gro	1	B	351	.	1.00	21.808	1.910
data/fep_m1/node_eq/CHEMBL438498/npt.gro	1	B	352	.	1.00	17.660	1.735
data/fep_m1/node_eq/CHEMBL438498/npt.gro	1	B	353	.	1.00	16.120	1.603
data/fep_m1/node_eq/CHEMBL438498/npt.gro	1	B	354	.	1.00	24.351	1.431
data/fep_m1/node_eq/CHEMBL438498/npt.gro	1	B	355	.	1.00	15.613	1.238
data/fep_m1/node_eq/CHEMBL438498/npt.gro	1	B	356	.	1.00	24.030	2.099
data/fep_m1/node_eq/CHEMBL438498/npt.gro	1	B	357	.	1.00	15.997	1.213
data/fep_m1/node_eq/CHEMBL438498/npt.gro	2	A	301	.	1.00	12.998	4.672
data/fep_m1/node_eq/CHEMBL438498/npt.gro	2	A	302	.	1.00	20.460	1.274
data/fep_m1/node_eq/CHEMBL438498/npt.gro	2	A	303	.	1.00	11.300	4.404
data/fep_m1/node_eq/CHEMBL438498/npt.gro	2	A	304	.	1.00	16.966	1.946
data/fep_m1/node_eq/CHEMBL438498/npt.gro	2	A	305	.	1.00	14.386	1.103
data/fep_m1/node_eq/CHEMBL438498/npt.gro	2	A	306	.	1.00	11.887	0.475
data/fep_m1/node_eq/CHEMBL438498/npt.gro	2	A	307	.	1.00	21.055	1.191
data/fep_m1/node_eq/CHEMBL438498/npt.gro	2	A	308	.	1.00	23.927	1.842
data/fep_m1/node_eq/CHEMBL438498/npt.gro	2	A	309	.	1.00	18.069	1.699
data/fep_m1/node_eq/CHEMBL438498/npt.gro	2	A	310	.	1.00	15.963	3.594
data/fep_m1/node_eq/CHEMBL438498/npt.gro	2	A	311	.	1.00	22.041	0.827
data/fep_m1/node_eq/CHEMBL438498/npt.gro	2	A	312	.	1.00	11.972	0.756
data/fep_m1/node_eq/CHEMBL438498/npt.gro	2	A	313	.	1.00	7.124	0.258
data/fep_m1/node_eq/CHEMBL438498/npt.gro	2	A	314	.	1.00	14.574	0.589
data/fep_m1/node_eq/CHEMBL438498/npt.gro	2	A	315	.	1.00	19.851	1.494
data/fep_m1/node_eq/CHEMBL438498/npt.gro	2	A	316	.	1.00	22.318	1.381
data/fep_m1/node_eq/CHEMBL438498/npt.gro	2	A	317	.	1.00	7.151	0.610
data/fep_m1/node_eq/CHEMBL438498/npt.gro	2	A	318	.	1.00	5.580	0.294
data/fep_m1/node_eq/CHEMBL438498/npt.gro	2	A	319	.	1.00	23.976	0.393
data/fep_m1/node_eq/CHEMBL438498/npt.gro	2	A	320	.	1.00	19.460	2.251
data/fep_m1/node_eq/CHEMBL438498/npt.gro	2	A	321	.	1.00	11.160	0.398
data/fep_m1/node_eq/CHEMBL438498/npt.gro	2	A	322	.	1.00	17.239	0.892
data/fep_m1/node_eq/CHEMBL438498/npt.gro	2	A	323	.	1.00	15.549	3.244
data/fep_m1/node_eq/CHEMBL438498/npt.gro	2	A	324	.	1.00	17.426	2.252
data/fep_m1/node_eq/CHEMBL438498/npt.gro	2	A	325	.	1.00	23.060	1.478
data/fep_m1/node_eq/CHEMBL438498/npt.gro	2	A	326	.	1.00	6.539	1.004
data/fep_m1/node_eq/CHEMBL438498/npt.gro	2	A	327	.	1.00	11.395	3.018
data/fep_m1/node_eq/CHEMBL438498/npt.gro	2	A	328	.	1.00	17.701	1.234
data/fep_m1/node_eq/CHEMBL438498/npt.gro	2	A	329	.	1.00	13.941	0.218
data/fep_m1/node_eq/CHEMBL438498/npt.gro	2	A	330	.	1.00	12.761	0.984
data/fep_m1/node_eq/CHEMBL438498/npt.gro	2	A	331	.	1.00	18.010	0.963
data/fep_m1/node_eq/CHEMBL438498/npt.gro	2	A	332	.	1.00	12.301	0.461
data/fep_m1/node_eq/CHEMBL438498/npt.gro	2	A	333	.	1.00	7.265	2.351
data/fep_m1/node_eq/CHEMBL438498/npt.gro	2	A	334	.	1.00	18.500	0.974
data/fep_m1/node_eq/CHEMBL438498/npt.gro	2	A	335	.	1.00	17.264	0.589
data/fep_m1/node_eq/CHEMBL438498/npt.gro	2	A	336	.	1.00	14.969	1.714
data/fep_m1/node_eq/CHEMBL438498/npt.gro	2	A	337	.	1.00	24.607	2.402
data/fep_m1/node_eq/CHEMBL438498/npt.gro	2	A	338	.	1.00	16.760	1.230
data/fep_m1/node_eq/CHEMBL438498/npt.gro	2	A	339	.	1.00	19.602	1.099
data/fep_m1/node_eq/CHEMBL438498/npt.gro	2	A	340	.	1.00	18.341	0.510
data/fep_m1/node_eq/CHEMBL438498/npt.gro	2	A	341	.	1.00	20.377	1.751
data/fep_m1/node_eq/CHEMBL438498/npt.gro	2	A	342	.	1.00	15.278	2.745
data/fep_m1/node_eq/CHEMBL438498/npt.gro	2	A	343	.	1.00	25.080	2.249
data/fep_m1/node_eq/CHEMBL438498/npt.gro	2	A	344	.	1.00	26.672	2.354
data/fep_m1/node_eq/CHEMBL438498/npt.gro	2	A	345	.	1.00	23.957	1.555
data/fep_m1/node_eq/CHEMBL438498/npt.gro	2	B	301	.	1.00	11.471	4.496
data/fep_m1/node_eq/CHEMBL438498/npt.gro	2	B	302	.	1.00	16.335	1.382
data/fep_m1/node_eq/CHEMBL438498/npt.gro	2	B	303	.	1.00	16.746	1.734
data/fep_m1/node_eq/CHEMBL438498/npt.gro	2	B	304	.	1.00	11.838	6.366
data/fep_m1/node_eq/CHEMBL438498/npt.gro	2	B	305	.	1.00	14.135	2.105
data/fep_m1/node_eq/CHEMBL438498/npt.gro	2	B	306	.	1.00	18.395	1.528
data/fep_m1/node_eq/CHEMBL438498/npt.gro	2	B	307	.	1.00	15.861	2.163
data/fep_m1/node_eq/CHEMBL438498/npt.gro	2	B	308	.	1.00	22.972	2.042
data/fep_m1/node_eq/CHEMBL438498/npt.gro	2	B	309	.	1.00	18.548	1.383
data/fep_m1/node_eq/CHEMBL438498/npt.gro	2	B	310	.	1.00	17.326	2.477
data/fep_m1/node_eq/CHEMBL438498/npt.gro	2	B	311	.	1.00	10.921	1.269
data/fep_m1/node_eq/CHEMBL438498/npt.gro	2	B	312	.	1.00	20.383	1.257
data/fep_m1/node_eq/CHEMBL438498/npt.gro	2	B	313	.	1.00	13.135	1.463
data/fep_m1/node_eq/CHEMBL438498/npt.gro	2	B	314	.	1.00	24.158	0.350
data/fep_m1/node_eq/CHEMBL438498/npt.gro	2	B	315	.	1.00	16.757	1.595
data/fep_m1/node_eq/CHEMBL438498/npt.gro	2	B	316	.	1.00	24.105	1.912
data/fep_m1/node_eq/CHEMBL438498/npt.gro	2	B	317	.	1.00	22.968	3.507
data/fep_m1/node_eq/CHEMBL438498/npt.gro	2	B	318	.	1.00	20.905	2.002
data/fep_m1/node_eq/CHEMBL438498/npt.gro	2	B	319	.	1.00	14.837	2.221
data/fep_m1/node_eq/CHEMBL438498/npt.gro	2	B	320	.	1.00	18.641	0.493
data/fep_m1/node_eq/CHEMBL438498/npt.gro	2	B	321	.	1.00	22.410	1.058
data/fep_m1/node_eq/CHEMBL438498/npt.gro	2	B	322	.	1.00	22.253	1.846
data/fep_m1/node_eq/CHEMBL438498/npt.gro	2	B	323	.	1.00	17.254	1.880
data/fep_m1/node_eq/CHEMBL438498/npt.gro	2	B	324	.	1.00	7.089	0.943
data/fep_m1/node_eq/CHEMBL438498/npt.gro	2	B	325	.	1.00	11.682	1.153
data/fep_m1/node_eq/CHEMBL438498/npt.gro	2	B	326	.	1.00	7.177	0.381
data/fep_m1/node_eq/CHEMBL438498/npt.gro	2	B	327	.	1.00	14.487	1.230
data/fep_m1/node_eq/CHEMBL438498/npt.gro	2	B	328	.	1.00	5.584	0.254
data/fep_m1/node_eq/CHEMBL438498/npt.gro	2	B	329	.	1.00	17.988	1.336
data/fep_m1/node_eq/CHEMBL438498/npt.gro	2	B	330	.	1.00	22.263	1.786
data/fep_m1/node_eq/CHEMBL438498/npt.gro	2	B	331	.	1.00	17.061	0.430
data/fep_m1/node_eq/CHEMBL438498/npt.gro	2	B	332	.	1.00	11.004	2.412
data/fep_m1/node_eq/CHEMBL438498/npt.gro	2	B	333	.	1.00	11.229	2.900
data/fep_m1/node_eq/CHEMBL438498/npt.gro	2	B	334	.	1.00	17.994	0.840
data/fep_m1/node_eq/CHEMBL438498/npt.gro	2	B	335	.	1.00	19.365	2.384
data/fep_m1/node_eq/CHEMBL438498/npt.gro	2	B	336	.	1.00	21.806	2.640
data/fep_m1/node_eq/CHEMBL438498/npt.gro	2	B	337	.	1.00	16.149	1.464
data/fep_m1/node_eq/CHEMBL438498/npt.gro	2	B	338	.	1.00	13.945	1.137
data/fep_m1/node_eq/CHEMBL438498/npt.gro	2	B	339	.	1.00	7.316	0.762
data/fep_m1/node_eq/CHEMBL438498/npt.gro	2	B	340	.	1.00	18.407	2.685
data/fep_m1/node_eq/CHEMBL438498/npt.gro	2	B	341	.	1.00	12.990	1.833
data/fep_m1/node_eq/CHEMBL438498/npt.gro	2	B	342	.	1.00	25.685	1.028
data/fep_m1/node_eq/CHEMBL438498/npt.gro	2	B	343	.	1.00	12.571	0.354
data/fep_m1/node_eq/CHEMBL438498/npt.gro	2	B	344	.	1.00	7.079	1.585
data/fep_m1/node_eq/CHEMBL438498/npt.gro	2	B	345	.	1.00	28.422	1.173
data/fep_m1/node_eq/CHEMBL438498/npt.gro	2	B	346	.	1.00	21.037	1.887
data/fep_m1/node_eq/CHEMBL438498/npt.gro	2	B	347	.	1.00	16.802	0.978
data/fep_m1/node_eq/CHEMBL438498/npt.gro	2	B	348	.	1.00	15.824	1.900
data/fep_m1/node_eq/CHEMBL438498/npt.gro	2	B	349	.	1.00	22.503	1.184
data/fep_m1/node_eq/CHEMBL438498/npt.gro	2	B	350	.	1.00	24.265	2.480
data/fep_m1/node_eq/CHEMBL438498/npt.gro	2	B	351	.	1.00	21.808	0.845
data/fep_m1/node_eq/CHEMBL438498/npt.gro	2	B	352	.	1.00	17.660	1.687
data/fep_m1/node_eq/CHEMBL438498/npt.gro	2	B	353	.	1.00	16.120	2.067
data/fep_m1/node_eq/CHEMBL438498/npt.gro	2	B	354	.	1.00	24.351	1.448
data/fep_m1/node_eq/CHEMBL438498/npt.gro	2	B	355	.	1.00	15.613	1.039
data/fep_m1/node_eq/CHEMBL438498/npt.gro	2	B	356	.	1.00	24.030	1.426
data/fep_m1/node_eq/CHEMBL438498/npt.gro	2	B	357	.	1.00	15.997	1.598
data/fep_m1/box_v9/shared_noligand.gro	1	A	301	.	1.00	12.998	4.599
data/fep_m1/box_v9/shared_noligand.gro	1	A	302	.	1.00	20.460	3.328
data/fep_m1/box_v9/shared_noligand.gro	1	A	303	.	1.00	11.300	5.154
data/fep_m1/box_v9/shared_noligand.gro	1	A	304	.	1.00	16.966	2.742
data/fep_m1/box_v9/shared_noligand.gro	1	A	305	.	1.00	14.386	3.037
data/fep_m1/box_v9/shared_noligand.gro	1	A	306	.	1.00	11.887	1.916
data/fep_m1/box_v9/shared_noligand.gro	1	A	307	.	1.00	21.055	1.397
data/fep_m1/box_v9/shared_noligand.gro	1	A	308	.	1.00	23.927	1.836
data/fep_m1/box_v9/shared_noligand.gro	1	A	309	.	1.00	18.069	2.356
data/fep_m1/box_v9/shared_noligand.gro	1	A	310	.	1.00	15.963	1.786
data/fep_m1/box_v9/shared_noligand.gro	1	A	311	.	1.00	22.041	1.957
data/fep_m1/box_v9/shared_noligand.gro	1	A	312	.	1.00	11.972	6.334
data/fep_m1/box_v9/shared_noligand.gro	1	A	313	.	1.00	7.124	0.491
data/fep_m1/box_v9/shared_noligand.gro	1	A	314	.	1.00	14.574	1.047
data/fep_m1/box_v9/shared_noligand.gro	1	A	315	.	1.00	19.851	0.751
data/fep_m1/box_v9/shared_noligand.gro	1	A	316	.	1.00	22.318	1.270
data/fep_m1/box_v9/shared_noligand.gro	1	A	317	.	1.00	7.151	7.508
data/fep_m1/box_v9/shared_noligand.gro	1	A	318	.	1.00	5.580	1.550
data/fep_m1/box_v9/shared_noligand.gro	1	A	319	.	1.00	23.976	2.202
data/fep_m1/box_v9/shared_noligand.gro	1	A	320	.	1.00	19.460	1.029
data/fep_m1/box_v9/shared_noligand.gro	1	A	321	.	1.00	11.160	1.360
data/fep_m1/box_v9/shared_noligand.gro	1	A	322	.	1.00	17.239	0.320
data/fep_m1/box_v9/shared_noligand.gro	1	A	323	.	1.00	15.549	2.274
data/fep_m1/box_v9/shared_noligand.gro	1	A	324	.	1.00	17.426	0.818
data/fep_m1/box_v9/shared_noligand.gro	1	A	325	.	1.00	23.060	1.742
data/fep_m1/box_v9/shared_noligand.gro	1	A	326	.	1.00	6.539	1.932
data/fep_m1/box_v9/shared_noligand.gro	1	A	327	.	1.00	11.395	3.153
data/fep_m1/box_v9/shared_noligand.gro	1	A	328	.	1.00	17.701	2.010
data/fep_m1/box_v9/shared_noligand.gro	1	A	329	.	1.00	13.941	0.426
data/fep_m1/box_v9/shared_noligand.gro	1	A	330	.	1.00	12.761	0.669
data/fep_m1/box_v9/shared_noligand.gro	1	A	331	.	1.00	18.010	1.129
data/fep_m1/box_v9/shared_noligand.gro	1	A	332	.	1.00	12.301	0.398
data/fep_m1/box_v9/shared_noligand.gro	1	A	333	.	1.00	7.265	1.430
data/fep_m1/box_v9/shared_noligand.gro	1	A	334	.	1.00	18.500	2.355
data/fep_m1/box_v9/shared_noligand.gro	1	A	335	.	1.00	17.264	0.992
data/fep_m1/box_v9/shared_noligand.gro	1	A	336	.	1.00	14.969	1.531
data/fep_m1/box_v9/shared_noligand.gro	1	A	337	.	1.00	24.607	1.513
data/fep_m1/box_v9/shared_noligand.gro	1	A	338	.	1.00	16.760	1.798
data/fep_m1/box_v9/shared_noligand.gro	1	A	339	.	1.00	19.602	0.723
data/fep_m1/box_v9/shared_noligand.gro	1	A	340	.	1.00	18.341	3.528
data/fep_m1/box_v9/shared_noligand.gro	1	A	341	.	1.00	20.377	1.917
data/fep_m1/box_v9/shared_noligand.gro	1	A	342	.	1.00	15.278	2.935
data/fep_m1/box_v9/shared_noligand.gro	1	A	343	.	1.00	25.080	1.629
data/fep_m1/box_v9/shared_noligand.gro	1	A	344	.	1.00	26.672	1.360
data/fep_m1/box_v9/shared_noligand.gro	1	A	345	.	1.00	23.957	0.785
data/fep_m1/box_v9/shared_noligand.gro	1	B	301	.	1.00	11.471	1.531
data/fep_m1/box_v9/shared_noligand.gro	1	B	302	.	1.00	16.335	1.265
data/fep_m1/box_v9/shared_noligand.gro	1	B	303	.	1.00	16.746	1.417
data/fep_m1/box_v9/shared_noligand.gro	1	B	304	.	1.00	11.838	1.291
data/fep_m1/box_v9/shared_noligand.gro	1	B	305	.	1.00	14.135	2.233
data/fep_m1/box_v9/shared_noligand.gro	1	B	306	.	1.00	18.395	1.482
data/fep_m1/box_v9/shared_noligand.gro	1	B	307	.	1.00	15.861	3.944
data/fep_m1/box_v9/shared_noligand.gro	1	B	308	.	1.00	22.972	2.517
data/fep_m1/box_v9/shared_noligand.gro	1	B	309	.	1.00	18.548	0.680
data/fep_m1/box_v9/shared_noligand.gro	1	B	310	.	1.00	17.326	0.936
data/fep_m1/box_v9/shared_noligand.gro	1	B	311	.	1.00	10.921	2.372
data/fep_m1/box_v9/shared_noligand.gro	1	B	312	.	1.00	20.383	0.966
data/fep_m1/box_v9/shared_noligand.gro	1	B	313	.	1.00	13.135	3.295
data/fep_m1/box_v9/shared_noligand.gro	1	B	314	.	1.00	24.158	1.721
data/fep_m1/box_v9/shared_noligand.gro	1	B	315	.	1.00	16.757	1.463
data/fep_m1/box_v9/shared_noligand.gro	1	B	316	.	1.00	24.105	2.095
data/fep_m1/box_v9/shared_noligand.gro	1	B	317	.	1.00	22.968	2.618
data/fep_m1/box_v9/shared_noligand.gro	1	B	318	.	1.00	20.905	1.212
data/fep_m1/box_v9/shared_noligand.gro	1	B	319	.	1.00	14.837	0.597
data/fep_m1/box_v9/shared_noligand.gro	1	B	320	.	1.00	18.641	1.507
data/fep_m1/box_v9/shared_noligand.gro	1	B	321	.	1.00	22.410	1.432
data/fep_m1/box_v9/shared_noligand.gro	1	B	322	.	1.00	22.253	1.421
data/fep_m1/box_v9/shared_noligand.gro	1	B	323	.	1.00	17.254	1.300
data/fep_m1/box_v9/shared_noligand.gro	1	B	324	.	1.00	7.089	0.558
data/fep_m1/box_v9/shared_noligand.gro	1	B	325	.	1.00	11.682	1.699
data/fep_m1/box_v9/shared_noligand.gro	1	B	326	.	1.00	7.177	1.808
data/fep_m1/box_v9/shared_noligand.gro	1	B	327	.	1.00	14.487	3.109
data/fep_m1/box_v9/shared_noligand.gro	1	B	328	.	1.00	5.584	1.463
data/fep_m1/box_v9/shared_noligand.gro	1	B	329	.	1.00	17.988	0.403
data/fep_m1/box_v9/shared_noligand.gro	1	B	330	.	1.00	22.263	1.074
data/fep_m1/box_v9/shared_noligand.gro	1	B	331	.	1.00	17.061	0.732
data/fep_m1/box_v9/shared_noligand.gro	1	B	332	.	1.00	11.004	2.308
data/fep_m1/box_v9/shared_noligand.gro	1	B	333	.	1.00	11.229	3.436
data/fep_m1/box_v9/shared_noligand.gro	1	B	334	.	1.00	17.994	1.758
data/fep_m1/box_v9/shared_noligand.gro	1	B	335	.	1.00	19.365	2.211
data/fep_m1/box_v9/shared_noligand.gro	1	B	336	.	1.00	21.806	0.661
data/fep_m1/box_v9/shared_noligand.gro	1	B	337	.	1.00	16.149	0.614
data/fep_m1/box_v9/shared_noligand.gro	1	B	338	.	1.00	13.945	0.622
data/fep_m1/box_v9/shared_noligand.gro	1	B	339	.	1.00	7.316	1.622
data/fep_m1/box_v9/shared_noligand.gro	1	B	340	.	1.00	18.407	0.694
data/fep_m1/box_v9/shared_noligand.gro	1	B	341	.	1.00	12.990	1.694
data/fep_m1/box_v9/shared_noligand.gro	1	B	342	.	1.00	25.685	0.456
data/fep_m1/box_v9/shared_noligand.gro	1	B	343	.	1.00	12.571	1.409
data/fep_m1/box_v9/shared_noligand.gro	1	B	344	.	1.00	7.079	0.571
data/fep_m1/box_v9/shared_noligand.gro	1	B	345	.	1.00	28.422	0.986
data/fep_m1/box_v9/shared_noligand.gro	1	B	346	.	1.00	21.037	1.455
data/fep_m1/box_v9/shared_noligand.gro	1	B	347	.	1.00	16.802	1.560
data/fep_m1/box_v9/shared_noligand.gro	1	B	348	.	1.00	15.824	2.468
data/fep_m1/box_v9/shared_noligand.gro	1	B	349	.	1.00	22.503	1.371
data/fep_m1/box_v9/shared_noligand.gro	1	B	350	.	1.00	24.265	1.189
data/fep_m1/box_v9/shared_noligand.gro	1	B	351	.	1.00	21.808	1.910
data/fep_m1/box_v9/shared_noligand.gro	1	B	352	.	1.00	17.660	1.735
data/fep_m1/box_v9/shared_noligand.gro	1	B	353	.	1.00	16.120	1.603
data/fep_m1/box_v9/shared_noligand.gro	1	B	354	.	1.00	24.351	1.431
data/fep_m1/box_v9/shared_noligand.gro	1	B	355	.	1.00	15.613	1.238
data/fep_m1/box_v9/shared_noligand.gro	1	B	356	.	1.00	24.030	2.099
data/fep_m1/box_v9/shared_noligand.gro	1	B	357	.	1.00	15.997	1.213
data/fep_m1/box_v9/shared_noligand.gro	2	A	301	.	1.00	12.998	4.672
data/fep_m1/box_v9/shared_noligand.gro	2	A	302	.	1.00	20.460	1.274
data/fep_m1/box_v9/shared_noligand.gro	2	A	303	.	1.00	11.300	4.404
data/fep_m1/box_v9/shared_noligand.gro	2	A	304	.	1.00	16.966	1.946
data/fep_m1/box_v9/shared_noligand.gro	2	A	305	.	1.00	14.386	1.103
data/fep_m1/box_v9/shared_noligand.gro	2	A	306	.	1.00	11.887	0.475
data/fep_m1/box_v9/shared_noligand.gro	2	A	307	.	1.00	21.055	1.191
data/fep_m1/box_v9/shared_noligand.gro	2	A	308	.	1.00	23.927	1.842
data/fep_m1/box_v9/shared_noligand.gro	2	A	309	.	1.00	18.069	1.699
data/fep_m1/box_v9/shared_noligand.gro	2	A	310	.	1.00	15.963	3.594
data/fep_m1/box_v9/shared_noligand.gro	2	A	311	.	1.00	22.041	0.827
data/fep_m1/box_v9/shared_noligand.gro	2	A	312	.	1.00	11.972	0.756
data/fep_m1/box_v9/shared_noligand.gro	2	A	313	.	1.00	7.124	0.258
data/fep_m1/box_v9/shared_noligand.gro	2	A	314	.	1.00	14.574	0.589
data/fep_m1/box_v9/shared_noligand.gro	2	A	315	.	1.00	19.851	1.494
data/fep_m1/box_v9/shared_noligand.gro	2	A	316	.	1.00	22.318	1.381
data/fep_m1/box_v9/shared_noligand.gro	2	A	317	.	1.00	7.151	0.610
data/fep_m1/box_v9/shared_noligand.gro	2	A	318	.	1.00	5.580	0.294
data/fep_m1/box_v9/shared_noligand.gro	2	A	319	.	1.00	23.976	0.393
data/fep_m1/box_v9/shared_noligand.gro	2	A	320	.	1.00	19.460	2.251
data/fep_m1/box_v9/shared_noligand.gro	2	A	321	.	1.00	11.160	0.398
data/fep_m1/box_v9/shared_noligand.gro	2	A	322	.	1.00	17.239	0.892
data/fep_m1/box_v9/shared_noligand.gro	2	A	323	.	1.00	15.549	3.244
data/fep_m1/box_v9/shared_noligand.gro	2	A	324	.	1.00	17.426	2.252
data/fep_m1/box_v9/shared_noligand.gro	2	A	325	.	1.00	23.060	1.478
data/fep_m1/box_v9/shared_noligand.gro	2	A	326	.	1.00	6.539	1.004
data/fep_m1/box_v9/shared_noligand.gro	2	A	327	.	1.00	11.395	3.018
data/fep_m1/box_v9/shared_noligand.gro	2	A	328	.	1.00	17.701	1.234
data/fep_m1/box_v9/shared_noligand.gro	2	A	329	.	1.00	13.941	0.218
data/fep_m1/box_v9/shared_noligand.gro	2	A	330	.	1.00	12.761	0.984
data/fep_m1/box_v9/shared_noligand.gro	2	A	331	.	1.00	18.010	0.963
data/fep_m1/box_v9/shared_noligand.gro	2	A	332	.	1.00	12.301	0.461
data/fep_m1/box_v9/shared_noligand.gro	2	A	333	.	1.00	7.265	2.351
data/fep_m1/box_v9/shared_noligand.gro	2	A	334	.	1.00	18.500	0.974
data/fep_m1/box_v9/shared_noligand.gro	2	A	335	.	1.00	17.264	0.589
data/fep_m1/box_v9/shared_noligand.gro	2	A	336	.	1.00	14.969	1.714
data/fep_m1/box_v9/shared_noligand.gro	2	A	337	.	1.00	24.607	2.402
data/fep_m1/box_v9/shared_noligand.gro	2	A	338	.	1.00	16.760	1.230
data/fep_m1/box_v9/shared_noligand.gro	2	A	339	.	1.00	19.602	1.099
data/fep_m1/box_v9/shared_noligand.gro	2	A	340	.	1.00	18.341	0.510
data/fep_m1/box_v9/shared_noligand.gro	2	A	341	.	1.00	20.377	1.751
data/fep_m1/box_v9/shared_noligand.gro	2	A	342	.	1.00	15.278	2.745
data/fep_m1/box_v9/shared_noligand.gro	2	A	343	.	1.00	25.080	2.249
data/fep_m1/box_v9/shared_noligand.gro	2	A	344	.	1.00	26.672	2.354
data/fep_m1/box_v9/shared_noligand.gro	2	A	345	.	1.00	23.957	1.555
data/fep_m1/box_v9/shared_noligand.gro	2	B	301	.	1.00	11.471	4.496
data/fep_m1/box_v9/shared_noligand.gro	2	B	302	.	1.00	16.335	1.382
data/fep_m1/box_v9/shared_noligand.gro	2	B	303	.	1.00	16.746	1.734
data/fep_m1/box_v9/shared_noligand.gro	2	B	304	.	1.00	11.838	6.366
data/fep_m1/box_v9/shared_noligand.gro	2	B	305	.	1.00	14.135	2.105
data/fep_m1/box_v9/shared_noligand.gro	2	B	306	.	1.00	18.395	1.528
data/fep_m1/box_v9/shared_noligand.gro	2	B	307	.	1.00	15.861	2.163
data/fep_m1/box_v9/shared_noligand.gro	2	B	308	.	1.00	22.972	2.042
data/fep_m1/box_v9/shared_noligand.gro	2	B	309	.	1.00	18.548	1.383
data/fep_m1/box_v9/shared_noligand.gro	2	B	310	.	1.00	17.326	2.477
data/fep_m1/box_v9/shared_noligand.gro	2	B	311	.	1.00	10.921	1.269
data/fep_m1/box_v9/shared_noligand.gro	2	B	312	.	1.00	20.383	1.257
data/fep_m1/box_v9/shared_noligand.gro	2	B	313	.	1.00	13.135	1.463
data/fep_m1/box_v9/shared_noligand.gro	2	B	314	.	1.00	24.158	0.350
data/fep_m1/box_v9/shared_noligand.gro	2	B	315	.	1.00	16.757	1.595
data/fep_m1/box_v9/shared_noligand.gro	2	B	316	.	1.00	24.105	1.912
data/fep_m1/box_v9/shared_noligand.gro	2	B	317	.	1.00	22.968	3.507
data/fep_m1/box_v9/shared_noligand.gro	2	B	318	.	1.00	20.905	2.002
data/fep_m1/box_v9/shared_noligand.gro	2	B	319	.	1.00	14.837	2.221
data/fep_m1/box_v9/shared_noligand.gro	2	B	320	.	1.00	18.641	0.493
data/fep_m1/box_v9/shared_noligand.gro	2	B	321	.	1.00	22.410	1.058
data/fep_m1/box_v9/shared_noligand.gro	2	B	322	.	1.00	22.253	1.846
data/fep_m1/box_v9/shared_noligand.gro	2	B	323	.	1.00	17.254	1.880
data/fep_m1/box_v9/shared_noligand.gro	2	B	324	.	1.00	7.089	0.943
data/fep_m1/box_v9/shared_noligand.gro	2	B	325	.	1.00	11.682	1.153
data/fep_m1/box_v9/shared_noligand.gro	2	B	326	.	1.00	7.177	0.381
data/fep_m1/box_v9/shared_noligand.gro	2	B	327	.	1.00	14.487	1.230
data/fep_m1/box_v9/shared_noligand.gro	2	B	328	.	1.00	5.584	0.254
data/fep_m1/box_v9/shared_noligand.gro	2	B	329	.	1.00	17.988	1.336
data/fep_m1/box_v9/shared_noligand.gro	2	B	330	.	1.00	22.263	1.786
data/fep_m1/box_v9/shared_noligand.gro	2	B	331	.	1.00	17.061	0.430
data/fep_m1/box_v9/shared_noligand.gro	2	B	332	.	1.00	11.004	2.412
data/fep_m1/box_v9/shared_noligand.gro	2	B	333	.	1.00	11.229	2.900
data/fep_m1/box_v9/shared_noligand.gro	2	B	334	.	1.00	17.994	0.840
data/fep_m1/box_v9/shared_noligand.gro	2	B	335	.	1.00	19.365	2.384
data/fep_m1/box_v9/shared_noligand.gro	2	B	336	.	1.00	21.806	2.640
data/fep_m1/box_v9/shared_noligand.gro	2	B	337	.	1.00	16.149	1.464
data/fep_m1/box_v9/shared_noligand.gro	2	B	338	.	1.00	13.945	1.137
data/fep_m1/box_v9/shared_noligand.gro	2	B	339	.	1.00	7.316	0.762
data/fep_m1/box_v9/shared_noligand.gro	2	B	340	.	1.00	18.407	2.685
data/fep_m1/box_v9/shared_noligand.gro	2	B	341	.	1.00	12.990	1.833
data/fep_m1/box_v9/shared_noligand.gro	2	B	342	.	1.00	25.685	1.028
data/fep_m1/box_v9/shared_noligand.gro	2	B	343	.	1.00	12.571	0.354
data/fep_m1/box_v9/shared_noligand.gro	2	B	344	.	1.00	7.079	1.585
data/fep_m1/box_v9/shared_noligand.gro	2	B	345	.	1.00	28.422	1.173
data/fep_m1/box_v9/shared_noligand.gro	2	B	346	.	1.00	21.037	1.887
data/fep_m1/box_v9/shared_noligand.gro	2	B	347	.	1.00	16.802	0.978
data/fep_m1/box_v9/shared_noligand.gro	2	B	348	.	1.00	15.824	1.900
data/fep_m1/box_v9/shared_noligand.gro	2	B	349	.	1.00	22.503	1.184
data/fep_m1/box_v9/shared_noligand.gro	2	B	350	.	1.00	24.265	2.480
data/fep_m1/box_v9/shared_noligand.gro	2	B	351	.	1.00	21.808	0.845
data/fep_m1/box_v9/shared_noligand.gro	2	B	352	.	1.00	17.660	1.687
data/fep_m1/box_v9/shared_noligand.gro	2	B	353	.	1.00	16.120	2.067
data/fep_m1/box_v9/shared_noligand.gro	2	B	354	.	1.00	24.351	1.448
data/fep_m1/box_v9/shared_noligand.gro	2	B	355	.	1.00	15.613	1.039
data/fep_m1/box_v9/shared_noligand.gro	2	B	356	.	1.00	24.030	1.426
data/fep_m1/box_v9/shared_noligand.gro	2	B	357	.	1.00	15.997	1.598
data/fep_m1/pass1_full/N01_cplx_L1_r3/w00/prod.gro	1	A	301	.	1.00	12.998	5.651
data/fep_m1/pass1_full/N01_cplx_L1_r3/w00/prod.gro	1	A	302	.	1.00	20.460	4.237
data/fep_m1/pass1_full/N01_cplx_L1_r3/w00/prod.gro	1	A	303	.	1.00	11.300	4.751
data/fep_m1/pass1_full/N01_cplx_L1_r3/w00/prod.gro	1	A	304	.	1.00	16.966	0.976
data/fep_m1/pass1_full/N01_cplx_L1_r3/w00/prod.gro	1	A	305	.	1.00	14.386	0.640
data/fep_m1/pass1_full/N01_cplx_L1_r3/w00/prod.gro	1	A	306	.	1.00	11.887	1.023
data/fep_m1/pass1_full/N01_cplx_L1_r3/w00/prod.gro	1	A	307	.	1.00	21.055	2.347
data/fep_m1/pass1_full/N01_cplx_L1_r3/w00/prod.gro	1	A	308	.	1.00	23.927	2.625
data/fep_m1/pass1_full/N01_cplx_L1_r3/w00/prod.gro	1	A	309	.	1.00	18.069	3.558
data/fep_m1/pass1_full/N01_cplx_L1_r3/w00/prod.gro	1	A	310	.	1.00	15.963	2.316
data/fep_m1/pass1_full/N01_cplx_L1_r3/w00/prod.gro	1	A	311	.	1.00	22.041	1.602
data/fep_m1/pass1_full/N01_cplx_L1_r3/w00/prod.gro	1	A	312	.	1.00	11.972	1.578
data/fep_m1/pass1_full/N01_cplx_L1_r3/w00/prod.gro	1	A	313	.	1.00	7.124	0.666
data/fep_m1/pass1_full/N01_cplx_L1_r3/w00/prod.gro	1	A	314	.	1.00	14.574	0.895
data/fep_m1/pass1_full/N01_cplx_L1_r3/w00/prod.gro	1	A	315	.	1.00	19.851	1.263
data/fep_m1/pass1_full/N01_cplx_L1_r3/w00/prod.gro	1	A	316	.	1.00	22.318	1.473
data/fep_m1/pass1_full/N01_cplx_L1_r3/w00/prod.gro	1	A	317	.	1.00	7.151	0.719
data/fep_m1/pass1_full/N01_cplx_L1_r3/w00/prod.gro	1	A	318	.	1.00	5.580	1.715
data/fep_m1/pass1_full/N01_cplx_L1_r3/w00/prod.gro	1	A	319	.	1.00	23.976	1.714
data/fep_m1/pass1_full/N01_cplx_L1_r3/w00/prod.gro	1	A	320	.	1.00	19.460	1.925
data/fep_m1/pass1_full/N01_cplx_L1_r3/w00/prod.gro	1	A	321	.	1.00	11.160	0.978
data/fep_m1/pass1_full/N01_cplx_L1_r3/w00/prod.gro	1	A	322	.	1.00	17.239	0.945
data/fep_m1/pass1_full/N01_cplx_L1_r3/w00/prod.gro	1	A	323	.	1.00	15.549	1.994
data/fep_m1/pass1_full/N01_cplx_L1_r3/w00/prod.gro	1	A	324	.	1.00	17.426	1.416
data/fep_m1/pass1_full/N01_cplx_L1_r3/w00/prod.gro	1	A	325	.	1.00	23.060	0.986
data/fep_m1/pass1_full/N01_cplx_L1_r3/w00/prod.gro	1	A	326	.	1.00	6.539	1.630
data/fep_m1/pass1_full/N01_cplx_L1_r3/w00/prod.gro	1	A	327	.	1.00	11.395	0.759
data/fep_m1/pass1_full/N01_cplx_L1_r3/w00/prod.gro	1	A	328	.	1.00	17.701	3.430
data/fep_m1/pass1_full/N01_cplx_L1_r3/w00/prod.gro	1	A	329	.	1.00	13.941	1.749
data/fep_m1/pass1_full/N01_cplx_L1_r3/w00/prod.gro	1	A	330	.	1.00	12.761	0.606
data/fep_m1/pass1_full/N01_cplx_L1_r3/w00/prod.gro	1	A	331	.	1.00	18.010	2.231
data/fep_m1/pass1_full/N01_cplx_L1_r3/w00/prod.gro	1	A	332	.	1.00	12.301	0.888
data/fep_m1/pass1_full/N01_cplx_L1_r3/w00/prod.gro	1	A	333	.	1.00	7.265	1.385
data/fep_m1/pass1_full/N01_cplx_L1_r3/w00/prod.gro	1	A	334	.	1.00	18.500	1.086
data/fep_m1/pass1_full/N01_cplx_L1_r3/w00/prod.gro	1	A	335	.	1.00	17.264	0.951
data/fep_m1/pass1_full/N01_cplx_L1_r3/w00/prod.gro	1	A	336	.	1.00	14.969	2.119
data/fep_m1/pass1_full/N01_cplx_L1_r3/w00/prod.gro	1	A	337	.	1.00	24.607	2.798
data/fep_m1/pass1_full/N01_cplx_L1_r3/w00/prod.gro	1	A	338	.	1.00	16.760	2.835
data/fep_m1/pass1_full/N01_cplx_L1_r3/w00/prod.gro	1	A	339	.	1.00	19.602	1.497
data/fep_m1/pass1_full/N01_cplx_L1_r3/w00/prod.gro	1	A	340	.	1.00	18.341	3.366
data/fep_m1/pass1_full/N01_cplx_L1_r3/w00/prod.gro	1	A	341	.	1.00	20.377	1.495
data/fep_m1/pass1_full/N01_cplx_L1_r3/w00/prod.gro	1	A	342	.	1.00	15.278	2.355
data/fep_m1/pass1_full/N01_cplx_L1_r3/w00/prod.gro	1	A	343	.	1.00	25.080	1.861
data/fep_m1/pass1_full/N01_cplx_L1_r3/w00/prod.gro	1	A	344	.	1.00	26.672	2.319
data/fep_m1/pass1_full/N01_cplx_L1_r3/w00/prod.gro	1	A	345	.	1.00	23.957	1.240
data/fep_m1/pass1_full/N01_cplx_L1_r3/w00/prod.gro	1	B	301	.	1.00	11.471	2.542
data/fep_m1/pass1_full/N01_cplx_L1_r3/w00/prod.gro	1	B	302	.	1.00	16.335	1.246
data/fep_m1/pass1_full/N01_cplx_L1_r3/w00/prod.gro	1	B	303	.	1.00	16.746	1.102
data/fep_m1/pass1_full/N01_cplx_L1_r3/w00/prod.gro	1	B	304	.	1.00	11.838	1.467
data/fep_m1/pass1_full/N01_cplx_L1_r3/w00/prod.gro	1	B	305	.	1.00	14.135	2.554
data/fep_m1/pass1_full/N01_cplx_L1_r3/w00/prod.gro	1	B	306	.	1.00	18.395	1.769
data/fep_m1/pass1_full/N01_cplx_L1_r3/w00/prod.gro	1	B	307	.	1.00	15.861	2.266
data/fep_m1/pass1_full/N01_cplx_L1_r3/w00/prod.gro	1	B	308	.	1.00	22.972	1.431
data/fep_m1/pass1_full/N01_cplx_L1_r3/w00/prod.gro	1	B	309	.	1.00	18.548	1.386
data/fep_m1/pass1_full/N01_cplx_L1_r3/w00/prod.gro	1	B	310	.	1.00	17.326	1.377
data/fep_m1/pass1_full/N01_cplx_L1_r3/w00/prod.gro	1	B	311	.	1.00	10.921	0.987
data/fep_m1/pass1_full/N01_cplx_L1_r3/w00/prod.gro	1	B	312	.	1.00	20.383	1.292
data/fep_m1/pass1_full/N01_cplx_L1_r3/w00/prod.gro	1	B	313	.	1.00	13.135	2.835
data/fep_m1/pass1_full/N01_cplx_L1_r3/w00/prod.gro	1	B	314	.	1.00	24.158	1.263
data/fep_m1/pass1_full/N01_cplx_L1_r3/w00/prod.gro	1	B	315	.	1.00	16.757	2.447
data/fep_m1/pass1_full/N01_cplx_L1_r3/w00/prod.gro	1	B	316	.	1.00	24.105	1.940
data/fep_m1/pass1_full/N01_cplx_L1_r3/w00/prod.gro	1	B	317	.	1.00	22.968	2.800
data/fep_m1/pass1_full/N01_cplx_L1_r3/w00/prod.gro	1	B	318	.	1.00	20.905	1.838
data/fep_m1/pass1_full/N01_cplx_L1_r3/w00/prod.gro	1	B	319	.	1.00	14.837	1.788
data/fep_m1/pass1_full/N01_cplx_L1_r3/w00/prod.gro	1	B	320	.	1.00	18.641	2.005
data/fep_m1/pass1_full/N01_cplx_L1_r3/w00/prod.gro	1	B	321	.	1.00	22.410	1.435
data/fep_m1/pass1_full/N01_cplx_L1_r3/w00/prod.gro	1	B	322	.	1.00	22.253	2.838
data/fep_m1/pass1_full/N01_cplx_L1_r3/w00/prod.gro	1	B	323	.	1.00	17.254	1.671
data/fep_m1/pass1_full/N01_cplx_L1_r3/w00/prod.gro	1	B	324	.	1.00	7.089	1.187
data/fep_m1/pass1_full/N01_cplx_L1_r3/w00/prod.gro	1	B	325	.	1.00	11.682	1.792
data/fep_m1/pass1_full/N01_cplx_L1_r3/w00/prod.gro	1	B	326	.	1.00	7.177	1.424
data/fep_m1/pass1_full/N01_cplx_L1_r3/w00/prod.gro	1	B	327	.	1.00	14.487	0.801
data/fep_m1/pass1_full/N01_cplx_L1_r3/w00/prod.gro	1	B	328	.	1.00	5.584	2.364
data/fep_m1/pass1_full/N01_cplx_L1_r3/w00/prod.gro	1	B	329	.	1.00	17.988	0.934
data/fep_m1/pass1_full/N01_cplx_L1_r3/w00/prod.gro	1	B	330	.	1.00	22.263	1.198
data/fep_m1/pass1_full/N01_cplx_L1_r3/w00/prod.gro	1	B	331	.	1.00	17.061	2.393
data/fep_m1/pass1_full/N01_cplx_L1_r3/w00/prod.gro	1	B	332	.	1.00	11.004	1.705
data/fep_m1/pass1_full/N01_cplx_L1_r3/w00/prod.gro	1	B	333	.	1.00	11.229	2.868
data/fep_m1/pass1_full/N01_cplx_L1_r3/w00/prod.gro	1	B	334	.	1.00	17.994	1.872
data/fep_m1/pass1_full/N01_cplx_L1_r3/w00/prod.gro	1	B	335	.	1.00	19.365	2.000
data/fep_m1/pass1_full/N01_cplx_L1_r3/w00/prod.gro	1	B	336	.	1.00	21.806	0.309
data/fep_m1/pass1_full/N01_cplx_L1_r3/w00/prod.gro	1	B	337	.	1.00	16.149	2.209
data/fep_m1/pass1_full/N01_cplx_L1_r3/w00/prod.gro	1	B	338	.	1.00	13.945	1.954
data/fep_m1/pass1_full/N01_cplx_L1_r3/w00/prod.gro	1	B	339	.	1.00	7.316	3.379
data/fep_m1/pass1_full/N01_cplx_L1_r3/w00/prod.gro	1	B	340	.	1.00	18.407	2.293
data/fep_m1/pass1_full/N01_cplx_L1_r3/w00/prod.gro	1	B	341	.	1.00	12.990	1.713
data/fep_m1/pass1_full/N01_cplx_L1_r3/w00/prod.gro	1	B	342	.	1.00	25.685	2.813
data/fep_m1/pass1_full/N01_cplx_L1_r3/w00/prod.gro	1	B	343	.	1.00	12.571	2.477
data/fep_m1/pass1_full/N01_cplx_L1_r3/w00/prod.gro	1	B	344	.	1.00	7.079	1.366
data/fep_m1/pass1_full/N01_cplx_L1_r3/w00/prod.gro	1	B	345	.	1.00	28.422	1.433
data/fep_m1/pass1_full/N01_cplx_L1_r3/w00/prod.gro	1	B	346	.	1.00	21.037	2.168
data/fep_m1/pass1_full/N01_cplx_L1_r3/w00/prod.gro	1	B	347	.	1.00	16.802	1.795
data/fep_m1/pass1_full/N01_cplx_L1_r3/w00/prod.gro	1	B	348	.	1.00	15.824	0.716
data/fep_m1/pass1_full/N01_cplx_L1_r3/w00/prod.gro	1	B	349	.	1.00	22.503	1.014
data/fep_m1/pass1_full/N01_cplx_L1_r3/w00/prod.gro	1	B	350	.	1.00	24.265	4.078
data/fep_m1/pass1_full/N01_cplx_L1_r3/w00/prod.gro	1	B	351	.	1.00	21.808	0.986
data/fep_m1/pass1_full/N01_cplx_L1_r3/w00/prod.gro	1	B	352	.	1.00	17.660	1.241
data/fep_m1/pass1_full/N01_cplx_L1_r3/w00/prod.gro	1	B	353	.	1.00	16.120	0.856
data/fep_m1/pass1_full/N01_cplx_L1_r3/w00/prod.gro	1	B	354	.	1.00	24.351	1.920
data/fep_m1/pass1_full/N01_cplx_L1_r3/w00/prod.gro	1	B	355	.	1.00	15.613	1.477
data/fep_m1/pass1_full/N01_cplx_L1_r3/w00/prod.gro	1	B	356	.	1.00	24.030	1.410
data/fep_m1/pass1_full/N01_cplx_L1_r3/w00/prod.gro	1	B	357	.	1.00	15.997	1.399
data/fep_m1/pass1_full/N01_cplx_L1_r3/w00/prod.gro	2	A	301	.	1.00	12.998	3.690
data/fep_m1/pass1_full/N01_cplx_L1_r3/w00/prod.gro	2	A	302	.	1.00	20.460	1.761
data/fep_m1/pass1_full/N01_cplx_L1_r3/w00/prod.gro	2	A	303	.	1.00	11.300	0.614
data/fep_m1/pass1_full/N01_cplx_L1_r3/w00/prod.gro	2	A	304	.	1.00	16.966	1.429
data/fep_m1/pass1_full/N01_cplx_L1_r3/w00/prod.gro	2	A	305	.	1.00	14.386	0.598
data/fep_m1/pass1_full/N01_cplx_L1_r3/w00/prod.gro	2	A	306	.	1.00	11.887	0.771
data/fep_m1/pass1_full/N01_cplx_L1_r3/w00/prod.gro	2	A	307	.	1.00	21.055	0.853
data/fep_m1/pass1_full/N01_cplx_L1_r3/w00/prod.gro	2	A	308	.	1.00	23.927	2.355
data/fep_m1/pass1_full/N01_cplx_L1_r3/w00/prod.gro	2	A	309	.	1.00	18.069	1.206
data/fep_m1/pass1_full/N01_cplx_L1_r3/w00/prod.gro	2	A	310	.	1.00	15.963	3.470
data/fep_m1/pass1_full/N01_cplx_L1_r3/w00/prod.gro	2	A	311	.	1.00	22.041	2.090
data/fep_m1/pass1_full/N01_cplx_L1_r3/w00/prod.gro	2	A	312	.	1.00	11.972	1.127
data/fep_m1/pass1_full/N01_cplx_L1_r3/w00/prod.gro	2	A	313	.	1.00	7.124	0.917
data/fep_m1/pass1_full/N01_cplx_L1_r3/w00/prod.gro	2	A	314	.	1.00	14.574	1.676
data/fep_m1/pass1_full/N01_cplx_L1_r3/w00/prod.gro	2	A	315	.	1.00	19.851	1.750
data/fep_m1/pass1_full/N01_cplx_L1_r3/w00/prod.gro	2	A	316	.	1.00	22.318	0.670
data/fep_m1/pass1_full/N01_cplx_L1_r3/w00/prod.gro	2	A	317	.	1.00	7.151	0.986
data/fep_m1/pass1_full/N01_cplx_L1_r3/w00/prod.gro	2	A	318	.	1.00	5.580	0.789
data/fep_m1/pass1_full/N01_cplx_L1_r3/w00/prod.gro	2	A	319	.	1.00	23.976	2.147
data/fep_m1/pass1_full/N01_cplx_L1_r3/w00/prod.gro	2	A	320	.	1.00	19.460	0.780
data/fep_m1/pass1_full/N01_cplx_L1_r3/w00/prod.gro	2	A	321	.	1.00	11.160	0.440
data/fep_m1/pass1_full/N01_cplx_L1_r3/w00/prod.gro	2	A	322	.	1.00	17.239	0.813
data/fep_m1/pass1_full/N01_cplx_L1_r3/w00/prod.gro	2	A	323	.	1.00	15.549	1.516
data/fep_m1/pass1_full/N01_cplx_L1_r3/w00/prod.gro	2	A	324	.	1.00	17.426	2.256
data/fep_m1/pass1_full/N01_cplx_L1_r3/w00/prod.gro	2	A	325	.	1.00	23.060	1.198
data/fep_m1/pass1_full/N01_cplx_L1_r3/w00/prod.gro	2	A	326	.	1.00	6.539	1.856
data/fep_m1/pass1_full/N01_cplx_L1_r3/w00/prod.gro	2	A	327	.	1.00	11.395	2.824
data/fep_m1/pass1_full/N01_cplx_L1_r3/w00/prod.gro	2	A	328	.	1.00	17.701	2.731
data/fep_m1/pass1_full/N01_cplx_L1_r3/w00/prod.gro	2	A	329	.	1.00	13.941	1.800
data/fep_m1/pass1_full/N01_cplx_L1_r3/w00/prod.gro	2	A	330	.	1.00	12.761	1.916
data/fep_m1/pass1_full/N01_cplx_L1_r3/w00/prod.gro	2	A	331	.	1.00	18.010	1.571
data/fep_m1/pass1_full/N01_cplx_L1_r3/w00/prod.gro	2	A	332	.	1.00	12.301	1.669
data/fep_m1/pass1_full/N01_cplx_L1_r3/w00/prod.gro	2	A	333	.	1.00	7.265	1.734
data/fep_m1/pass1_full/N01_cplx_L1_r3/w00/prod.gro	2	A	334	.	1.00	18.500	1.073
data/fep_m1/pass1_full/N01_cplx_L1_r3/w00/prod.gro	2	A	335	.	1.00	17.264	1.179
data/fep_m1/pass1_full/N01_cplx_L1_r3/w00/prod.gro	2	A	336	.	1.00	14.969	2.636
data/fep_m1/pass1_full/N01_cplx_L1_r3/w00/prod.gro	2	A	337	.	1.00	24.607	2.050
data/fep_m1/pass1_full/N01_cplx_L1_r3/w00/prod.gro	2	A	338	.	1.00	16.760	2.416
data/fep_m1/pass1_full/N01_cplx_L1_r3/w00/prod.gro	2	A	339	.	1.00	19.602	1.876
data/fep_m1/pass1_full/N01_cplx_L1_r3/w00/prod.gro	2	A	340	.	1.00	18.341	0.420
data/fep_m1/pass1_full/N01_cplx_L1_r3/w00/prod.gro	2	A	341	.	1.00	20.377	2.119
data/fep_m1/pass1_full/N01_cplx_L1_r3/w00/prod.gro	2	A	342	.	1.00	15.278	1.341
data/fep_m1/pass1_full/N01_cplx_L1_r3/w00/prod.gro	2	A	343	.	1.00	25.080	1.799
data/fep_m1/pass1_full/N01_cplx_L1_r3/w00/prod.gro	2	A	344	.	1.00	26.672	2.198
data/fep_m1/pass1_full/N01_cplx_L1_r3/w00/prod.gro	2	A	345	.	1.00	23.957	2.204
data/fep_m1/pass1_full/N01_cplx_L1_r3/w00/prod.gro	2	B	301	.	1.00	11.471	4.615
data/fep_m1/pass1_full/N01_cplx_L1_r3/w00/prod.gro	2	B	302	.	1.00	16.335	2.157
data/fep_m1/pass1_full/N01_cplx_L1_r3/w00/prod.gro	2	B	303	.	1.00	16.746	3.845
data/fep_m1/pass1_full/N01_cplx_L1_r3/w00/prod.gro	2	B	304	.	1.00	11.838	3.687
data/fep_m1/pass1_full/N01_cplx_L1_r3/w00/prod.gro	2	B	305	.	1.00	14.135	0.893
data/fep_m1/pass1_full/N01_cplx_L1_r3/w00/prod.gro	2	B	306	.	1.00	18.395	1.859
data/fep_m1/pass1_full/N01_cplx_L1_r3/w00/prod.gro	2	B	307	.	1.00	15.861	2.744
data/fep_m1/pass1_full/N01_cplx_L1_r3/w00/prod.gro	2	B	308	.	1.00	22.972	1.315
data/fep_m1/pass1_full/N01_cplx_L1_r3/w00/prod.gro	2	B	309	.	1.00	18.548	1.391
data/fep_m1/pass1_full/N01_cplx_L1_r3/w00/prod.gro	2	B	310	.	1.00	17.326	1.116
data/fep_m1/pass1_full/N01_cplx_L1_r3/w00/prod.gro	2	B	311	.	1.00	10.921	1.154
data/fep_m1/pass1_full/N01_cplx_L1_r3/w00/prod.gro	2	B	312	.	1.00	20.383	0.649
data/fep_m1/pass1_full/N01_cplx_L1_r3/w00/prod.gro	2	B	313	.	1.00	13.135	5.111
data/fep_m1/pass1_full/N01_cplx_L1_r3/w00/prod.gro	2	B	314	.	1.00	24.158	1.849
data/fep_m1/pass1_full/N01_cplx_L1_r3/w00/prod.gro	2	B	315	.	1.00	16.757	0.898
data/fep_m1/pass1_full/N01_cplx_L1_r3/w00/prod.gro	2	B	316	.	1.00	24.105	2.343
data/fep_m1/pass1_full/N01_cplx_L1_r3/w00/prod.gro	2	B	317	.	1.00	22.968	1.935
data/fep_m1/pass1_full/N01_cplx_L1_r3/w00/prod.gro	2	B	318	.	1.00	20.905	1.075
data/fep_m1/pass1_full/N01_cplx_L1_r3/w00/prod.gro	2	B	319	.	1.00	14.837	3.444
data/fep_m1/pass1_full/N01_cplx_L1_r3/w00/prod.gro	2	B	320	.	1.00	18.641	1.971
data/fep_m1/pass1_full/N01_cplx_L1_r3/w00/prod.gro	2	B	321	.	1.00	22.410	1.605
data/fep_m1/pass1_full/N01_cplx_L1_r3/w00/prod.gro	2	B	322	.	1.00	22.253	1.807
data/fep_m1/pass1_full/N01_cplx_L1_r3/w00/prod.gro	2	B	323	.	1.00	17.254	1.039
data/fep_m1/pass1_full/N01_cplx_L1_r3/w00/prod.gro	2	B	324	.	1.00	7.089	0.419
data/fep_m1/pass1_full/N01_cplx_L1_r3/w00/prod.gro	2	B	325	.	1.00	11.682	1.160
data/fep_m1/pass1_full/N01_cplx_L1_r3/w00/prod.gro	2	B	326	.	1.00	7.177	0.857
data/fep_m1/pass1_full/N01_cplx_L1_r3/w00/prod.gro	2	B	327	.	1.00	14.487	1.055
data/fep_m1/pass1_full/N01_cplx_L1_r3/w00/prod.gro	2	B	328	.	1.00	5.584	2.021
data/fep_m1/pass1_full/N01_cplx_L1_r3/w00/prod.gro	2	B	329	.	1.00	17.988	1.090
data/fep_m1/pass1_full/N01_cplx_L1_r3/w00/prod.gro	2	B	330	.	1.00	22.263	1.576
data/fep_m1/pass1_full/N01_cplx_L1_r3/w00/prod.gro	2	B	331	.	1.00	17.061	3.004
data/fep_m1/pass1_full/N01_cplx_L1_r3/w00/prod.gro	2	B	332	.	1.00	11.004	2.963
data/fep_m1/pass1_full/N01_cplx_L1_r3/w00/prod.gro	2	B	333	.	1.00	11.229	3.318
data/fep_m1/pass1_full/N01_cplx_L1_r3/w00/prod.gro	2	B	334	.	1.00	17.994	0.820
data/fep_m1/pass1_full/N01_cplx_L1_r3/w00/prod.gro	2	B	335	.	1.00	19.365	2.171
data/fep_m1/pass1_full/N01_cplx_L1_r3/w00/prod.gro	2	B	336	.	1.00	21.806	2.212
data/fep_m1/pass1_full/N01_cplx_L1_r3/w00/prod.gro	2	B	337	.	1.00	16.149	2.368
data/fep_m1/pass1_full/N01_cplx_L1_r3/w00/prod.gro	2	B	338	.	1.00	13.945	1.164
data/fep_m1/pass1_full/N01_cplx_L1_r3/w00/prod.gro	2	B	339	.	1.00	7.316	0.559
data/fep_m1/pass1_full/N01_cplx_L1_r3/w00/prod.gro	2	B	340	.	1.00	18.407	2.266
data/fep_m1/pass1_full/N01_cplx_L1_r3/w00/prod.gro	2	B	341	.	1.00	12.990	2.356
data/fep_m1/pass1_full/N01_cplx_L1_r3/w00/prod.gro	2	B	342	.	1.00	25.685	2.760
data/fep_m1/pass1_full/N01_cplx_L1_r3/w00/prod.gro	2	B	343	.	1.00	12.571	1.654
data/fep_m1/pass1_full/N01_cplx_L1_r3/w00/prod.gro	2	B	344	.	1.00	7.079	0.884
data/fep_m1/pass1_full/N01_cplx_L1_r3/w00/prod.gro	2	B	345	.	1.00	28.422	1.073
data/fep_m1/pass1_full/N01_cplx_L1_r3/w00/prod.gro	2	B	346	.	1.00	21.037	2.515
data/fep_m1/pass1_full/N01_cplx_L1_r3/w00/prod.gro	2	B	347	.	1.00	16.802	0.762
data/fep_m1/pass1_full/N01_cplx_L1_r3/w00/prod.gro	2	B	348	.	1.00	15.824	1.503
data/fep_m1/pass1_full/N01_cplx_L1_r3/w00/prod.gro	2	B	349	.	1.00	22.503	0.579
data/fep_m1/pass1_full/N01_cplx_L1_r3/w00/prod.gro	2	B	350	.	1.00	24.265	1.869
data/fep_m1/pass1_full/N01_cplx_L1_r3/w00/prod.gro	2	B	351	.	1.00	21.808	1.801
data/fep_m1/pass1_full/N01_cplx_L1_r3/w00/prod.gro	2	B	352	.	1.00	17.660	2.673
data/fep_m1/pass1_full/N01_cplx_L1_r3/w00/prod.gro	2	B	353	.	1.00	16.120	1.986
data/fep_m1/pass1_full/N01_cplx_L1_r3/w00/prod.gro	2	B	354	.	1.00	24.351	2.504
data/fep_m1/pass1_full/N01_cplx_L1_r3/w00/prod.gro	2	B	355	.	1.00	15.613	1.391
data/fep_m1/pass1_full/N01_cplx_L1_r3/w00/prod.gro	2	B	356	.	1.00	24.030	2.307
data/fep_m1/pass1_full/N01_cplx_L1_r3/w00/prod.gro	2	B	357	.	1.00	15.997	1.776
data/fep_m1/pass1_full/N07_cplx_L1_r3/w00/prod.gro	1	A	301	.	1.00	12.998	4.571
data/fep_m1/pass1_full/N07_cplx_L1_r3/w00/prod.gro	1	A	302	.	1.00	20.460	2.978
data/fep_m1/pass1_full/N07_cplx_L1_r3/w00/prod.gro	1	A	303	.	1.00	11.300	5.440
data/fep_m1/pass1_full/N07_cplx_L1_r3/w00/prod.gro	1	A	304	.	1.00	16.966	2.082
data/fep_m1/pass1_full/N07_cplx_L1_r3/w00/prod.gro	1	A	305	.	1.00	14.386	2.600
data/fep_m1/pass1_full/N07_cplx_L1_r3/w00/prod.gro	1	A	306	.	1.00	11.887	1.466
data/fep_m1/pass1_full/N07_cplx_L1_r3/w00/prod.gro	1	A	307	.	1.00	21.055	1.412
data/fep_m1/pass1_full/N07_cplx_L1_r3/w00/prod.gro	1	A	308	.	1.00	23.927	2.946
data/fep_m1/pass1_full/N07_cplx_L1_r3/w00/prod.gro	1	A	309	.	1.00	18.069	2.392
data/fep_m1/pass1_full/N07_cplx_L1_r3/w00/prod.gro	1	A	310	.	1.00	15.963	3.007
data/fep_m1/pass1_full/N07_cplx_L1_r3/w00/prod.gro	1	A	311	.	1.00	22.041	0.841
data/fep_m1/pass1_full/N07_cplx_L1_r3/w00/prod.gro	1	A	312	.	1.00	11.972	6.880
data/fep_m1/pass1_full/N07_cplx_L1_r3/w00/prod.gro	1	A	313	.	1.00	7.124	0.344
data/fep_m1/pass1_full/N07_cplx_L1_r3/w00/prod.gro	1	A	314	.	1.00	14.574	1.682
data/fep_m1/pass1_full/N07_cplx_L1_r3/w00/prod.gro	1	A	315	.	1.00	19.851	0.892
data/fep_m1/pass1_full/N07_cplx_L1_r3/w00/prod.gro	1	A	316	.	1.00	22.318	0.870
data/fep_m1/pass1_full/N07_cplx_L1_r3/w00/prod.gro	1	A	317	.	1.00	7.151	7.295
data/fep_m1/pass1_full/N07_cplx_L1_r3/w00/prod.gro	1	A	318	.	1.00	5.580	0.923
data/fep_m1/pass1_full/N07_cplx_L1_r3/w00/prod.gro	1	A	319	.	1.00	23.976	1.124
data/fep_m1/pass1_full/N07_cplx_L1_r3/w00/prod.gro	1	A	320	.	1.00	19.460	1.601
data/fep_m1/pass1_full/N07_cplx_L1_r3/w00/prod.gro	1	A	321	.	1.00	11.160	1.251
data/fep_m1/pass1_full/N07_cplx_L1_r3/w00/prod.gro	1	A	322	.	1.00	17.239	2.111
data/fep_m1/pass1_full/N07_cplx_L1_r3/w00/prod.gro	1	A	323	.	1.00	15.549	1.938
data/fep_m1/pass1_full/N07_cplx_L1_r3/w00/prod.gro	1	A	324	.	1.00	17.426	1.482
data/fep_m1/pass1_full/N07_cplx_L1_r3/w00/prod.gro	1	A	325	.	1.00	23.060	1.230
data/fep_m1/pass1_full/N07_cplx_L1_r3/w00/prod.gro	1	A	326	.	1.00	6.539	0.771
data/fep_m1/pass1_full/N07_cplx_L1_r3/w00/prod.gro	1	A	327	.	1.00	11.395	2.839
data/fep_m1/pass1_full/N07_cplx_L1_r3/w00/prod.gro	1	A	328	.	1.00	17.701	2.450
data/fep_m1/pass1_full/N07_cplx_L1_r3/w00/prod.gro	1	A	329	.	1.00	13.941	1.192
data/fep_m1/pass1_full/N07_cplx_L1_r3/w00/prod.gro	1	A	330	.	1.00	12.761	1.435
data/fep_m1/pass1_full/N07_cplx_L1_r3/w00/prod.gro	1	A	331	.	1.00	18.010	1.679
data/fep_m1/pass1_full/N07_cplx_L1_r3/w00/prod.gro	1	A	332	.	1.00	12.301	1.028
data/fep_m1/pass1_full/N07_cplx_L1_r3/w00/prod.gro	1	A	333	.	1.00	7.265	1.835
data/fep_m1/pass1_full/N07_cplx_L1_r3/w00/prod.gro	1	A	334	.	1.00	18.500	1.082
data/fep_m1/pass1_full/N07_cplx_L1_r3/w00/prod.gro	1	A	335	.	1.00	17.264	1.867
data/fep_m1/pass1_full/N07_cplx_L1_r3/w00/prod.gro	1	A	336	.	1.00	14.969	1.236
data/fep_m1/pass1_full/N07_cplx_L1_r3/w00/prod.gro	1	A	337	.	1.00	24.607	2.299
data/fep_m1/pass1_full/N07_cplx_L1_r3/w00/prod.gro	1	A	338	.	1.00	16.760	1.368
data/fep_m1/pass1_full/N07_cplx_L1_r3/w00/prod.gro	1	A	339	.	1.00	19.602	1.438
data/fep_m1/pass1_full/N07_cplx_L1_r3/w00/prod.gro	1	A	340	.	1.00	18.341	1.254
data/fep_m1/pass1_full/N07_cplx_L1_r3/w00/prod.gro	1	A	341	.	1.00	20.377	2.811
data/fep_m1/pass1_full/N07_cplx_L1_r3/w00/prod.gro	1	A	342	.	1.00	15.278	1.801
data/fep_m1/pass1_full/N07_cplx_L1_r3/w00/prod.gro	1	A	343	.	1.00	25.080	1.354
data/fep_m1/pass1_full/N07_cplx_L1_r3/w00/prod.gro	1	A	344	.	1.00	26.672	1.857
data/fep_m1/pass1_full/N07_cplx_L1_r3/w00/prod.gro	1	A	345	.	1.00	23.957	1.427
data/fep_m1/pass1_full/N07_cplx_L1_r3/w00/prod.gro	1	B	301	.	1.00	11.471	1.939
data/fep_m1/pass1_full/N07_cplx_L1_r3/w00/prod.gro	1	B	302	.	1.00	16.335	1.237
data/fep_m1/pass1_full/N07_cplx_L1_r3/w00/prod.gro	1	B	303	.	1.00	16.746	2.337
data/fep_m1/pass1_full/N07_cplx_L1_r3/w00/prod.gro	1	B	304	.	1.00	11.838	1.220
data/fep_m1/pass1_full/N07_cplx_L1_r3/w00/prod.gro	1	B	305	.	1.00	14.135	2.811
data/fep_m1/pass1_full/N07_cplx_L1_r3/w00/prod.gro	1	B	306	.	1.00	18.395	1.384
data/fep_m1/pass1_full/N07_cplx_L1_r3/w00/prod.gro	1	B	307	.	1.00	15.861	2.037
data/fep_m1/pass1_full/N07_cplx_L1_r3/w00/prod.gro	1	B	308	.	1.00	22.972	0.474
data/fep_m1/pass1_full/N07_cplx_L1_r3/w00/prod.gro	1	B	309	.	1.00	18.548	0.413
data/fep_m1/pass1_full/N07_cplx_L1_r3/w00/prod.gro	1	B	310	.	1.00	17.326	0.800
data/fep_m1/pass1_full/N07_cplx_L1_r3/w00/prod.gro	1	B	311	.	1.00	10.921	2.479
data/fep_m1/pass1_full/N07_cplx_L1_r3/w00/prod.gro	1	B	312	.	1.00	20.383	1.898
data/fep_m1/pass1_full/N07_cplx_L1_r3/w00/prod.gro	1	B	313	.	1.00	13.135	3.456
data/fep_m1/pass1_full/N07_cplx_L1_r3/w00/prod.gro	1	B	314	.	1.00	24.158	1.367
data/fep_m1/pass1_full/N07_cplx_L1_r3/w00/prod.gro	1	B	315	.	1.00	16.757	1.932
data/fep_m1/pass1_full/N07_cplx_L1_r3/w00/prod.gro	1	B	316	.	1.00	24.105	1.345
data/fep_m1/pass1_full/N07_cplx_L1_r3/w00/prod.gro	1	B	317	.	1.00	22.968	1.345
data/fep_m1/pass1_full/N07_cplx_L1_r3/w00/prod.gro	1	B	318	.	1.00	20.905	1.394
data/fep_m1/pass1_full/N07_cplx_L1_r3/w00/prod.gro	1	B	319	.	1.00	14.837	1.212
data/fep_m1/pass1_full/N07_cplx_L1_r3/w00/prod.gro	1	B	320	.	1.00	18.641	3.558
data/fep_m1/pass1_full/N07_cplx_L1_r3/w00/prod.gro	1	B	321	.	1.00	22.410	1.057
data/fep_m1/pass1_full/N07_cplx_L1_r3/w00/prod.gro	1	B	322	.	1.00	22.253	1.193
data/fep_m1/pass1_full/N07_cplx_L1_r3/w00/prod.gro	1	B	323	.	1.00	17.254	1.300
data/fep_m1/pass1_full/N07_cplx_L1_r3/w00/prod.gro	1	B	324	.	1.00	7.089	0.789
data/fep_m1/pass1_full/N07_cplx_L1_r3/w00/prod.gro	1	B	325	.	1.00	11.682	1.653
data/fep_m1/pass1_full/N07_cplx_L1_r3/w00/prod.gro	1	B	326	.	1.00	7.177	1.121
data/fep_m1/pass1_full/N07_cplx_L1_r3/w00/prod.gro	1	B	327	.	1.00	14.487	1.321
data/fep_m1/pass1_full/N07_cplx_L1_r3/w00/prod.gro	1	B	328	.	1.00	5.584	0.831
data/fep_m1/pass1_full/N07_cplx_L1_r3/w00/prod.gro	1	B	329	.	1.00	17.988	1.698
data/fep_m1/pass1_full/N07_cplx_L1_r3/w00/prod.gro	1	B	330	.	1.00	22.263	1.468
data/fep_m1/pass1_full/N07_cplx_L1_r3/w00/prod.gro	1	B	331	.	1.00	17.061	1.847
data/fep_m1/pass1_full/N07_cplx_L1_r3/w00/prod.gro	1	B	332	.	1.00	11.004	1.636
data/fep_m1/pass1_full/N07_cplx_L1_r3/w00/prod.gro	1	B	333	.	1.00	11.229	2.776
data/fep_m1/pass1_full/N07_cplx_L1_r3/w00/prod.gro	1	B	334	.	1.00	17.994	1.333
data/fep_m1/pass1_full/N07_cplx_L1_r3/w00/prod.gro	1	B	335	.	1.00	19.365	2.069
data/fep_m1/pass1_full/N07_cplx_L1_r3/w00/prod.gro	1	B	336	.	1.00	21.806	2.656
data/fep_m1/pass1_full/N07_cplx_L1_r3/w00/prod.gro	1	B	337	.	1.00	16.149	1.154
data/fep_m1/pass1_full/N07_cplx_L1_r3/w00/prod.gro	1	B	338	.	1.00	13.945	0.864
data/fep_m1/pass1_full/N07_cplx_L1_r3/w00/prod.gro	1	B	339	.	1.00	7.316	0.700
data/fep_m1/pass1_full/N07_cplx_L1_r3/w00/prod.gro	1	B	340	.	1.00	18.407	0.279
data/fep_m1/pass1_full/N07_cplx_L1_r3/w00/prod.gro	1	B	341	.	1.00	12.990	1.860
data/fep_m1/pass1_full/N07_cplx_L1_r3/w00/prod.gro	1	B	342	.	1.00	25.685	0.494
data/fep_m1/pass1_full/N07_cplx_L1_r3/w00/prod.gro	1	B	343	.	1.00	12.571	2.142
data/fep_m1/pass1_full/N07_cplx_L1_r3/w00/prod.gro	1	B	344	.	1.00	7.079	0.928
data/fep_m1/pass1_full/N07_cplx_L1_r3/w00/prod.gro	1	B	345	.	1.00	28.422	1.658
data/fep_m1/pass1_full/N07_cplx_L1_r3/w00/prod.gro	1	B	346	.	1.00	21.037	1.906
data/fep_m1/pass1_full/N07_cplx_L1_r3/w00/prod.gro	1	B	347	.	1.00	16.802	0.650
data/fep_m1/pass1_full/N07_cplx_L1_r3/w00/prod.gro	1	B	348	.	1.00	15.824	1.413
data/fep_m1/pass1_full/N07_cplx_L1_r3/w00/prod.gro	1	B	349	.	1.00	22.503	1.842
data/fep_m1/pass1_full/N07_cplx_L1_r3/w00/prod.gro	1	B	350	.	1.00	24.265	0.948
data/fep_m1/pass1_full/N07_cplx_L1_r3/w00/prod.gro	1	B	351	.	1.00	21.808	1.632
data/fep_m1/pass1_full/N07_cplx_L1_r3/w00/prod.gro	1	B	352	.	1.00	17.660	3.266
data/fep_m1/pass1_full/N07_cplx_L1_r3/w00/prod.gro	1	B	353	.	1.00	16.120	2.493
data/fep_m1/pass1_full/N07_cplx_L1_r3/w00/prod.gro	1	B	354	.	1.00	24.351	2.069
data/fep_m1/pass1_full/N07_cplx_L1_r3/w00/prod.gro	1	B	355	.	1.00	15.613	2.242
data/fep_m1/pass1_full/N07_cplx_L1_r3/w00/prod.gro	1	B	356	.	1.00	24.030	0.529
data/fep_m1/pass1_full/N07_cplx_L1_r3/w00/prod.gro	1	B	357	.	1.00	15.997	0.718
data/fep_m1/pass1_full/N07_cplx_L1_r3/w00/prod.gro	2	A	301	.	1.00	12.998	2.665
data/fep_m1/pass1_full/N07_cplx_L1_r3/w00/prod.gro	2	A	302	.	1.00	20.460	0.744
data/fep_m1/pass1_full/N07_cplx_L1_r3/w00/prod.gro	2	A	303	.	1.00	11.300	3.123
data/fep_m1/pass1_full/N07_cplx_L1_r3/w00/prod.gro	2	A	304	.	1.00	16.966	0.845
data/fep_m1/pass1_full/N07_cplx_L1_r3/w00/prod.gro	2	A	305	.	1.00	14.386	0.532
data/fep_m1/pass1_full/N07_cplx_L1_r3/w00/prod.gro	2	A	306	.	1.00	11.887	0.393
data/fep_m1/pass1_full/N07_cplx_L1_r3/w00/prod.gro	2	A	307	.	1.00	21.055	1.432
data/fep_m1/pass1_full/N07_cplx_L1_r3/w00/prod.gro	2	A	308	.	1.00	23.927	1.720
data/fep_m1/pass1_full/N07_cplx_L1_r3/w00/prod.gro	2	A	309	.	1.00	18.069	1.822
data/fep_m1/pass1_full/N07_cplx_L1_r3/w00/prod.gro	2	A	310	.	1.00	15.963	3.126
data/fep_m1/pass1_full/N07_cplx_L1_r3/w00/prod.gro	2	A	311	.	1.00	22.041	1.198
data/fep_m1/pass1_full/N07_cplx_L1_r3/w00/prod.gro	2	A	312	.	1.00	11.972	0.679
data/fep_m1/pass1_full/N07_cplx_L1_r3/w00/prod.gro	2	A	313	.	1.00	7.124	1.002
data/fep_m1/pass1_full/N07_cplx_L1_r3/w00/prod.gro	2	A	314	.	1.00	14.574	1.265
data/fep_m1/pass1_full/N07_cplx_L1_r3/w00/prod.gro	2	A	315	.	1.00	19.851	1.148
data/fep_m1/pass1_full/N07_cplx_L1_r3/w00/prod.gro	2	A	316	.	1.00	22.318	2.628
data/fep_m1/pass1_full/N07_cplx_L1_r3/w00/prod.gro	2	A	317	.	1.00	7.151	1.094
data/fep_m1/pass1_full/N07_cplx_L1_r3/w00/prod.gro	2	A	318	.	1.00	5.580	1.458
data/fep_m1/pass1_full/N07_cplx_L1_r3/w00/prod.gro	2	A	319	.	1.00	23.976	1.111
data/fep_m1/pass1_full/N07_cplx_L1_r3/w00/prod.gro	2	A	320	.	1.00	19.460	2.153
data/fep_m1/pass1_full/N07_cplx_L1_r3/w00/prod.gro	2	A	321	.	1.00	11.160	0.713
data/fep_m1/pass1_full/N07_cplx_L1_r3/w00/prod.gro	2	A	322	.	1.00	17.239	1.919
data/fep_m1/pass1_full/N07_cplx_L1_r3/w00/prod.gro	2	A	323	.	1.00	15.549	2.874
data/fep_m1/pass1_full/N07_cplx_L1_r3/w00/prod.gro	2	A	324	.	1.00	17.426	1.509
data/fep_m1/pass1_full/N07_cplx_L1_r3/w00/prod.gro	2	A	325	.	1.00	23.060	1.656
data/fep_m1/pass1_full/N07_cplx_L1_r3/w00/prod.gro	2	A	326	.	1.00	6.539	1.024
data/fep_m1/pass1_full/N07_cplx_L1_r3/w00/prod.gro	2	A	327	.	1.00	11.395	3.378
data/fep_m1/pass1_full/N07_cplx_L1_r3/w00/prod.gro	2	A	328	.	1.00	17.701	2.475
data/fep_m1/pass1_full/N07_cplx_L1_r3/w00/prod.gro	2	A	329	.	1.00	13.941	0.652
data/fep_m1/pass1_full/N07_cplx_L1_r3/w00/prod.gro	2	A	330	.	1.00	12.761	1.222
data/fep_m1/pass1_full/N07_cplx_L1_r3/w00/prod.gro	2	A	331	.	1.00	18.010	0.761
data/fep_m1/pass1_full/N07_cplx_L1_r3/w00/prod.gro	2	A	332	.	1.00	12.301	1.351
data/fep_m1/pass1_full/N07_cplx_L1_r3/w00/prod.gro	2	A	333	.	1.00	7.265	1.713
data/fep_m1/pass1_full/N07_cplx_L1_r3/w00/prod.gro	2	A	334	.	1.00	18.500	0.954
data/fep_m1/pass1_full/N07_cplx_L1_r3/w00/prod.gro	2	A	335	.	1.00	17.264	0.585
data/fep_m1/pass1_full/N07_cplx_L1_r3/w00/prod.gro	2	A	336	.	1.00	14.969	1.795
data/fep_m1/pass1_full/N07_cplx_L1_r3/w00/prod.gro	2	A	337	.	1.00	24.607	2.652
data/fep_m1/pass1_full/N07_cplx_L1_r3/w00/prod.gro	2	A	338	.	1.00	16.760	0.974
data/fep_m1/pass1_full/N07_cplx_L1_r3/w00/prod.gro	2	A	339	.	1.00	19.602	0.892
data/fep_m1/pass1_full/N07_cplx_L1_r3/w00/prod.gro	2	A	340	.	1.00	18.341	0.550
data/fep_m1/pass1_full/N07_cplx_L1_r3/w00/prod.gro	2	A	341	.	1.00	20.377	3.150
data/fep_m1/pass1_full/N07_cplx_L1_r3/w00/prod.gro	2	A	342	.	1.00	15.278	1.581
data/fep_m1/pass1_full/N07_cplx_L1_r3/w00/prod.gro	2	A	343	.	1.00	25.080	1.773
data/fep_m1/pass1_full/N07_cplx_L1_r3/w00/prod.gro	2	A	344	.	1.00	26.672	2.077
data/fep_m1/pass1_full/N07_cplx_L1_r3/w00/prod.gro	2	A	345	.	1.00	23.957	1.840
data/fep_m1/pass1_full/N07_cplx_L1_r3/w00/prod.gro	2	B	301	.	1.00	11.471	2.907
data/fep_m1/pass1_full/N07_cplx_L1_r3/w00/prod.gro	2	B	302	.	1.00	16.335	1.578
data/fep_m1/pass1_full/N07_cplx_L1_r3/w00/prod.gro	2	B	303	.	1.00	16.746	1.637
data/fep_m1/pass1_full/N07_cplx_L1_r3/w00/prod.gro	2	B	304	.	1.00	11.838	3.935
data/fep_m1/pass1_full/N07_cplx_L1_r3/w00/prod.gro	2	B	305	.	1.00	14.135	0.724
data/fep_m1/pass1_full/N07_cplx_L1_r3/w00/prod.gro	2	B	306	.	1.00	18.395	0.853
data/fep_m1/pass1_full/N07_cplx_L1_r3/w00/prod.gro	2	B	307	.	1.00	15.861	2.928
data/fep_m1/pass1_full/N07_cplx_L1_r3/w00/prod.gro	2	B	308	.	1.00	22.972	1.047
data/fep_m1/pass1_full/N07_cplx_L1_r3/w00/prod.gro	2	B	309	.	1.00	18.548	1.023
data/fep_m1/pass1_full/N07_cplx_L1_r3/w00/prod.gro	2	B	310	.	1.00	17.326	1.266
data/fep_m1/pass1_full/N07_cplx_L1_r3/w00/prod.gro	2	B	311	.	1.00	10.921	0.866
data/fep_m1/pass1_full/N07_cplx_L1_r3/w00/prod.gro	2	B	312	.	1.00	20.383	0.996
data/fep_m1/pass1_full/N07_cplx_L1_r3/w00/prod.gro	2	B	313	.	1.00	13.135	0.924
data/fep_m1/pass1_full/N07_cplx_L1_r3/w00/prod.gro	2	B	314	.	1.00	24.158	2.210
data/fep_m1/pass1_full/N07_cplx_L1_r3/w00/prod.gro	2	B	315	.	1.00	16.757	0.914
data/fep_m1/pass1_full/N07_cplx_L1_r3/w00/prod.gro	2	B	316	.	1.00	24.105	2.173
data/fep_m1/pass1_full/N07_cplx_L1_r3/w00/prod.gro	2	B	317	.	1.00	22.968	1.950
data/fep_m1/pass1_full/N07_cplx_L1_r3/w00/prod.gro	2	B	318	.	1.00	20.905	0.791
data/fep_m1/pass1_full/N07_cplx_L1_r3/w00/prod.gro	2	B	319	.	1.00	14.837	1.095
data/fep_m1/pass1_full/N07_cplx_L1_r3/w00/prod.gro	2	B	320	.	1.00	18.641	3.027
data/fep_m1/pass1_full/N07_cplx_L1_r3/w00/prod.gro	2	B	321	.	1.00	22.410	1.144
data/fep_m1/pass1_full/N07_cplx_L1_r3/w00/prod.gro	2	B	322	.	1.00	22.253	1.178
data/fep_m1/pass1_full/N07_cplx_L1_r3/w00/prod.gro	2	B	323	.	1.00	17.254	1.658
data/fep_m1/pass1_full/N07_cplx_L1_r3/w00/prod.gro	2	B	324	.	1.00	7.089	0.250
data/fep_m1/pass1_full/N07_cplx_L1_r3/w00/prod.gro	2	B	325	.	1.00	11.682	1.824
data/fep_m1/pass1_full/N07_cplx_L1_r3/w00/prod.gro	2	B	326	.	1.00	7.177	0.693
data/fep_m1/pass1_full/N07_cplx_L1_r3/w00/prod.gro	2	B	327	.	1.00	14.487	0.882
data/fep_m1/pass1_full/N07_cplx_L1_r3/w00/prod.gro	2	B	328	.	1.00	5.584	1.419
data/fep_m1/pass1_full/N07_cplx_L1_r3/w00/prod.gro	2	B	329	.	1.00	17.988	1.454
data/fep_m1/pass1_full/N07_cplx_L1_r3/w00/prod.gro	2	B	330	.	1.00	22.263	2.778
data/fep_m1/pass1_full/N07_cplx_L1_r3/w00/prod.gro	2	B	331	.	1.00	17.061	0.353
data/fep_m1/pass1_full/N07_cplx_L1_r3/w00/prod.gro	2	B	332	.	1.00	11.004	1.777
data/fep_m1/pass1_full/N07_cplx_L1_r3/w00/prod.gro	2	B	333	.	1.00	11.229	2.999
data/fep_m1/pass1_full/N07_cplx_L1_r3/w00/prod.gro	2	B	334	.	1.00	17.994	1.825
data/fep_m1/pass1_full/N07_cplx_L1_r3/w00/prod.gro	2	B	335	.	1.00	19.365	0.497
data/fep_m1/pass1_full/N07_cplx_L1_r3/w00/prod.gro	2	B	336	.	1.00	21.806	1.483
data/fep_m1/pass1_full/N07_cplx_L1_r3/w00/prod.gro	2	B	337	.	1.00	16.149	2.349
data/fep_m1/pass1_full/N07_cplx_L1_r3/w00/prod.gro	2	B	338	.	1.00	13.945	1.630
data/fep_m1/pass1_full/N07_cplx_L1_r3/w00/prod.gro	2	B	339	.	1.00	7.316	0.999
data/fep_m1/pass1_full/N07_cplx_L1_r3/w00/prod.gro	2	B	340	.	1.00	18.407	0.697
data/fep_m1/pass1_full/N07_cplx_L1_r3/w00/prod.gro	2	B	341	.	1.00	12.990	1.011
data/fep_m1/pass1_full/N07_cplx_L1_r3/w00/prod.gro	2	B	342	.	1.00	25.685	0.893
data/fep_m1/pass1_full/N07_cplx_L1_r3/w00/prod.gro	2	B	343	.	1.00	12.571	1.221
data/fep_m1/pass1_full/N07_cplx_L1_r3/w00/prod.gro	2	B	344	.	1.00	7.079	1.629
data/fep_m1/pass1_full/N07_cplx_L1_r3/w00/prod.gro	2	B	345	.	1.00	28.422	1.852
data/fep_m1/pass1_full/N07_cplx_L1_r3/w00/prod.gro	2	B	346	.	1.00	21.037	2.806
data/fep_m1/pass1_full/N07_cplx_L1_r3/w00/prod.gro	2	B	347	.	1.00	16.802	1.568
data/fep_m1/pass1_full/N07_cplx_L1_r3/w00/prod.gro	2	B	348	.	1.00	15.824	2.495
data/fep_m1/pass1_full/N07_cplx_L1_r3/w00/prod.gro	2	B	349	.	1.00	22.503	1.304
data/fep_m1/pass1_full/N07_cplx_L1_r3/w00/prod.gro	2	B	350	.	1.00	24.265	0.464
data/fep_m1/pass1_full/N07_cplx_L1_r3/w00/prod.gro	2	B	351	.	1.00	21.808	2.956
data/fep_m1/pass1_full/N07_cplx_L1_r3/w00/prod.gro	2	B	352	.	1.00	17.660	2.287
data/fep_m1/pass1_full/N07_cplx_L1_r3/w00/prod.gro	2	B	353	.	1.00	16.120	1.053
data/fep_m1/pass1_full/N07_cplx_L1_r3/w00/prod.gro	2	B	354	.	1.00	24.351	0.686
data/fep_m1/pass1_full/N07_cplx_L1_r3/w00/prod.gro	2	B	355	.	1.00	15.613	1.295
data/fep_m1/pass1_full/N07_cplx_L1_r3/w00/prod.gro	2	B	356	.	1.00	24.030	1.341
data/fep_m1/pass1_full/N07_cplx_L1_r3/w00/prod.gro	2	B	357	.	1.00	15.997	1.826
