edge	rep	leg	정본 하위폴더	창 수	ΔG 새 실행 (kcal/mol · gmx bar)	ΔG 패스1 같은 태그	차(새 − 패스1)
N01	r1	cplxL1	r1	3	12.597992351816444	12.992351816443595	-0.39435946462715066
N01	r1	cplxL2	r1	6	-3.0138623326959846	-3.2648183556405352	0.25095602294455066
N01	r1	cplxL3	r1	3	-8.267208413001912	-8.073613766730402	-0.19359464627151013
N01	r2	cplxL1	r2	3	12.468929254302104	12.562141491395794	-0.09321223709368986
N01	r2	cplxL2	r2	6	-2.69359464627151	-2.425908221797323	-0.2676864244741872
N01	r2	cplxL3	r2	3	-6.928776290630974	-7.954110898661567	1.025334608030593
N01	r3	cplxL1	r3	3	12.20602294455067	12.509560229445507	-0.303537284894837
N01	r3	cplxL2	r3	6	-2.170172084130019	-3.133365200764818	0.9631931166347991
N01	r3	cplxL3	r3	3	-7.461759082217973	-8.279158699808795	0.817399617590822
N01	r4	cplxL1	r4	3	12.363766730401528	11.900095602294455	0.4636711281070731
N01	r4	cplxL2	r4	6	-2.8895793499043974	-2.3183556405353727	-0.5712237093690247
N01	r4	cplxL3	r4	3	-7.51434034416826	-7.841778202676864	0.3274378585086044
N01	r5	cplxL1	r5	3	12.433078393881454	12.244263862332694	0.1888145315487595
N01	r5	cplxL2	r5	6	-1.8833652007648183	-2.315965583173996	0.43260038240917775
N01	r5	cplxL3	r5	3	-8.565965583173996	-7.980401529636711	-0.5855640535372855
N04	r4	cplxL1	r4_retry1	4	-7.57887189292543	-7.956500956022944	0.37762906309751365
N04	r4	cplxL2	r4_retry1	7	2.196462715105162	2.877629063097514	-0.681166347992352
N04	r4	cplxL3	r4_retry1	4	7.762906309751433	6.24282982791587	1.520076481835563
N04	r5	cplxL1	r5_retry1	4	-7.308795411089865	-7.705544933078394	0.39674952198852864
N04	r5	cplxL2	r5_retry1	7	1.445984703632887	1.431644359464627	0.014340344168259911
N04	r5	cplxL3	r5_retry1	4	7.3565965583174	7.62906309751434	-0.2724665391969401
