edge	rep	정본 하위폴더/상태	Σ복합체(새)	Σ용매(기존)	ΔΔG 새	ΔΔG 패스1 같은 회차	용매 값 출처
N01	r1	r1	1.316921606118548	5.532982791586998	-4.21606118546845	-3.8790630975143396	local_fill_legs.json new_solv
N01	r2	r2	2.8465583173996194	5.461281070745696	-2.6147227533460766	-3.2791586998087934	local_fill_legs.json new_solv
N01	r3	r3	2.5740917782026775	5.313097514340342	-2.7390057361376643	-4.2160611854684475	current_bar.json
N01	r4	r4	1.9598470363288714	5.492351816443595	-3.5325047801147234	-3.752390057361377	current_bar.json
N01	r5	r5	1.9837476099426397	5.580783938814531	-3.5970363288718916	-3.6328871892925445	current_bar.json
N04	r1	미완(CANON 없음) · 재시도에서도 게이트 미달					
N04	r2	미완(CANON 없음) · 재시도에서도 게이트 미달					
N04	r3	미완(CANON 없음) · 재시도에서도 게이트 미달					
N04	r4	r4_retry1	2.3804971319311647	1.6586998087954115	0.7217973231357533	-0.4947418738049709	current_bar.json
N04	r5	r5_retry1	1.493785850860422	1.5439770554493313	-0.050191204588909244	-0.1888145315487577	current_bar.json
N07	r1	미완(CANON 없음) · 재시도에서도 게이트 미달					
N07	r2	미완(CANON 없음) · 재시도에서도 게이트 미달					
N07	r3	미완(CANON 없음) · 재시도에서도 게이트 미달					
N07	r4	미완(CANON 없음) · 재시도에서도 게이트 미달					
N07	r5	미완(CANON 없음) · 재시도에서도 게이트 미달					
